timestamp,actual_pm25,predicted_pm25,error
2016-12-13 05:00:00,95.0,75.02741,19.97258758544922
2016-12-13 06:00:00,84.0,70.86712,13.132881164550781
2016-12-13 07:00:00,77.0,74.75524,2.2447586059570312
2016-12-13 08:00:00,99.0,74.31531,24.6846923828125
2016-12-13 09:00:00,90.0,72.313225,17.68677520751953
2016-12-13 10:00:00,80.0,82.098114,-2.098114013671875
2016-12-13 11:00:00,80.0,77.22349,2.7765121459960938
2016-12-13 12:00:00,78.0,85.23898,-7.238983154296875
2016-12-13 13:00:00,83.0,91.49737,-8.497367858886719
2016-12-13 14:00:00,118.0,90.11515,27.884849548339844
2016-12-13 15:00:00,143.0,91.61779,51.38220977783203
2016-12-13 16:00:00,162.0,91.52258,70.4774169921875
2016-12-13 17:00:00,162.0,86.3688,75.6312026977539
2016-12-13 18:00:00,174.0,84.73219,89.26780700683594
2016-12-13 19:00:00,171.0,86.40738,84.59262084960938
2016-12-13 20:00:00,164.0,87.45599,76.54400634765625
2016-12-13 21:00:00,153.0,80.01558,72.98442077636719
2016-12-13 22:00:00,150.0,84.43441,65.56558990478516
2016-12-13 23:00:00,160.0,87.54552,72.45448303222656
2016-12-14 00:00:00,140.0,97.36592,42.63407897949219
2016-12-14 01:00:00,163.0,92.64984,70.35015869140625
2016-12-14 02:00:00,187.0,92.014946,94.98505401611328
2016-12-14 03:00:00,180.0,87.80439,92.19561004638672
2016-12-14 04:00:00,175.0,88.71811,86.28189086914062
2016-12-14 05:00:00,165.0,80.73929,84.26071166992188
2016-12-14 06:00:00,156.0,77.971886,78.02811431884766
2016-12-14 07:00:00,152.0,76.31735,75.68264770507812
2016-12-14 08:00:00,156.0,62.391,93.60900115966797
2016-12-14 09:00:00,98.0,64.336426,33.66357421875
2016-12-14 10:00:00,104.0,69.6507,34.34929656982422
2016-12-14 11:00:00,101.0,68.27975,32.720252990722656
2016-12-14 12:00:00,95.0,81.29938,13.70062255859375
2016-12-14 13:00:00,92.0,99.23613,-7.2361297607421875
2016-12-14 14:00:00,89.0,100.40447,-11.404472351074219
2016-12-14 15:00:00,97.0,101.95181,-4.951812744140625
2016-12-14 16:00:00,94.0,93.42036,0.5796432495117188
2016-12-14 17:00:00,114.0,92.37142,21.628578186035156
2016-12-14 18:00:00,108.0,89.924706,18.075294494628906
2016-12-14 19:00:00,122.0,85.514915,36.485084533691406
2016-12-14 20:00:00,84.0,88.53097,-4.530967712402344
2016-12-14 21:00:00,76.0,84.62699,-8.626991271972656
2016-12-14 22:00:00,75.0,85.06186,-10.061859130859375
2016-12-14 23:00:00,78.0,86.680534,-8.680534362792969
2016-12-15 00:00:00,76.0,84.53249,-8.532493591308594
2016-12-15 01:00:00,85.0,84.30819,0.6918106079101562
2016-12-15 02:00:00,97.0,86.29649,10.703506469726562
2016-12-15 03:00:00,95.0,83.17326,11.826736450195312
2016-12-15 04:00:00,101.0,85.33746,15.66253662109375
2016-12-15 05:00:00,109.0,85.74395,23.25605010986328
2016-12-15 06:00:00,112.0,82.64789,29.35211181640625
2016-12-15 07:00:00,93.0,82.117065,10.8829345703125
2016-12-15 08:00:00,92.0,85.5863,6.4136962890625
2016-12-15 09:00:00,81.0,85.974754,-4.974754333496094
2016-12-15 10:00:00,106.0,85.93071,20.069290161132812
2016-12-15 11:00:00,122.0,97.9379,24.062103271484375
2016-12-15 12:00:00,130.0,94.45389,35.546112060546875
2016-12-15 13:00:00,127.0,92.22433,34.775672912597656
2016-12-15 14:00:00,134.0,91.45741,42.54258728027344
2016-12-15 15:00:00,155.0,88.58519,66.41481018066406
2016-12-15 16:00:00,138.0,85.985725,52.01427459716797
2016-12-15 17:00:00,134.0,85.53849,48.461509704589844
2016-12-15 18:00:00,138.0,90.90876,47.09123992919922
2016-12-15 19:00:00,141.0,94.10162,46.89837646484375
2016-12-15 20:00:00,135.0,95.71602,39.28398132324219
2016-12-15 21:00:00,142.0,102.93266,39.06733703613281
2016-12-15 22:00:00,139.0,99.57604,39.42395782470703
2016-12-15 23:00:00,145.0,87.58436,57.41564178466797
2016-12-16 00:00:00,148.0,92.03757,55.962432861328125
2016-12-16 01:00:00,140.0,93.94137,46.058631896972656
2016-12-16 02:00:00,148.0,111.55278,36.44721984863281
2016-12-16 03:00:00,152.0,108.39229,43.60771179199219
2016-12-16 04:00:00,153.0,102.5293,50.470703125
2016-12-16 05:00:00,146.0,98.084816,47.915184020996094
2016-12-16 06:00:00,134.0,96.72451,37.275489807128906
2016-12-16 07:00:00,135.0,99.71583,35.28417205810547
2016-12-16 08:00:00,110.0,93.12344,16.876556396484375
2016-12-16 09:00:00,112.0,93.66188,18.338119506835938
2016-12-16 10:00:00,130.0,95.9082,34.091796875
2016-12-16 12:00:00,113.0,94.243126,18.756874084472656
2016-12-16 13:00:00,114.0,94.36798,19.63201904296875
2016-12-16 14:00:00,113.0,100.779854,12.220146179199219
2016-12-16 15:00:00,109.0,94.99209,14.007911682128906
2016-12-16 16:00:00,107.0,91.13164,15.868362426757812
2016-12-16 17:00:00,111.0,97.62019,13.379806518554688
2016-12-16 18:00:00,124.0,96.894196,27.105804443359375
2016-12-16 19:00:00,121.0,93.54178,27.458221435546875
2016-12-16 20:00:00,117.0,92.52146,24.478538513183594
2016-12-16 21:00:00,123.0,93.84396,29.156036376953125
2016-12-16 22:00:00,124.0,96.66386,27.336143493652344
2016-12-16 23:00:00,122.0,97.36811,24.63188934326172
2016-12-17 00:00:00,132.0,103.96798,28.032020568847656
2016-12-17 01:00:00,144.0,107.38464,36.6153564453125
2016-12-17 02:00:00,152.0,108.833694,43.16630554199219
2016-12-17 03:00:00,152.0,105.847946,46.15205383300781
2016-12-17 04:00:00,168.0,99.27687,68.72312927246094
2016-12-17 05:00:00,174.0,90.85078,83.14922332763672
2016-12-17 06:00:00,179.0,100.03131,78.96868896484375
2016-12-17 07:00:00,170.0,102.41064,67.58936309814453
2016-12-17 08:00:00,170.0,99.978874,70.02112579345703
2016-12-17 09:00:00,170.0,103.36688,66.63311767578125
2016-12-17 10:00:00,162.0,101.92753,60.072471618652344
2016-12-17 11:00:00,152.0,100.91012,51.089881896972656
2016-12-17 12:00:00,160.0,100.90307,59.09693145751953
2016-12-17 13:00:00,167.0,99.57875,67.42124938964844
2016-12-17 14:00:00,161.0,100.758415,60.24158477783203
2016-12-17 15:00:00,160.0,103.57477,56.42523193359375
2016-12-17 16:00:00,182.0,102.569435,79.4305648803711
2016-12-17 17:00:00,186.0,113.50594,72.49405670166016
2016-12-17 18:00:00,155.0,112.302025,42.697975158691406
2016-12-17 19:00:00,148.0,107.92996,40.070037841796875
2016-12-17 20:00:00,151.0,112.92402,38.07598114013672
2016-12-17 21:00:00,159.0,115.00024,43.99976348876953
2016-12-17 22:00:00,178.0,111.00274,66.99726104736328
2016-12-17 23:00:00,169.0,113.38184,55.61815643310547
2016-12-18 00:00:00,166.0,127.07921,38.92079162597656
2016-12-18 01:00:00,173.0,100.15508,72.84491729736328
2016-12-18 02:00:00,180.0,125.17913,54.82086944580078
2016-12-18 03:00:00,187.0,115.05272,71.94728088378906
2016-12-18 04:00:00,200.0,111.17584,88.82415771484375
2016-12-18 05:00:00,211.0,102.71127,108.28872680664062
2016-12-18 06:00:00,208.0,102.11054,105.88945770263672
2016-12-18 07:00:00,208.0,101.68355,106.31645202636719
2016-12-18 08:00:00,208.0,100.86543,107.13456726074219
2016-12-18 09:00:00,196.0,100.65927,95.34072875976562
2016-12-18 10:00:00,184.0,108.40238,75.59761810302734
2016-12-18 11:00:00,151.0,67.35123,83.64877319335938
2016-12-18 12:00:00,132.0,93.97402,38.025978088378906
2016-12-18 13:00:00,134.0,94.177795,39.82220458984375
2016-12-18 14:00:00,131.0,96.88428,34.11572265625
2016-12-18 15:00:00,131.0,99.179665,31.820335388183594
2016-12-18 16:00:00,129.0,98.62835,30.37165069580078
2016-12-18 17:00:00,142.0,98.861176,43.138824462890625
2016-12-18 18:00:00,148.0,97.09697,50.90303039550781
2016-12-18 19:00:00,166.0,96.63535,69.3646469116211
2016-12-18 21:00:00,147.0,88.36011,58.639892578125
2016-12-18 22:00:00,162.0,92.071754,69.9282455444336
2016-12-18 23:00:00,153.0,96.93458,56.06542205810547
2016-12-19 00:00:00,168.0,86.69868,81.30132293701172
2016-12-19 01:00:00,169.0,84.11753,84.8824691772461
2016-12-19 02:00:00,163.0,90.95483,72.04517364501953
2016-12-19 03:00:00,158.0,90.94447,67.05552673339844
2016-12-19 04:00:00,159.0,82.92344,76.0765609741211
2016-12-19 05:00:00,136.0,69.6346,66.36540222167969
2016-12-19 06:00:00,108.0,62.102127,45.89787292480469
2016-12-19 07:00:00,95.0,63.64923,31.35076904296875
2016-12-19 08:00:00,106.0,64.556175,41.443824768066406
2016-12-19 09:00:00,103.0,63.312073,39.68792724609375
2016-12-19 10:00:00,113.0,70.27358,42.726417541503906
2016-12-19 11:00:00,113.0,85.45024,27.549758911132812
2016-12-19 12:00:00,116.0,84.972145,31.027854919433594
2016-12-19 13:00:00,103.0,78.577354,24.422645568847656
2016-12-19 14:00:00,99.0,95.46791,3.5320892333984375
2016-12-19 15:00:00,101.0,100.703804,0.29619598388671875
2016-12-19 16:00:00,105.0,94.77333,10.226669311523438
2016-12-19 17:00:00,102.0,97.92861,4.071388244628906
2016-12-19 18:00:00,102.0,105.0173,-3.017303466796875
2016-12-19 19:00:00,94.0,110.06574,-16.06574249267578
2016-12-19 20:00:00,101.0,111.972275,-10.972274780273438
2016-12-19 21:00:00,98.0,110.846016,-12.846015930175781
2016-12-19 22:00:00,97.0,106.60171,-9.601707458496094
2016-12-19 23:00:00,101.0,99.95544,1.0445632934570312
2016-12-20 00:00:00,107.0,109.257835,-2.2578353881835938
2016-12-20 01:00:00,120.0,114.86138,5.138618469238281
2016-12-20 02:00:00,115.0,114.43506,0.56494140625
2016-12-20 03:00:00,102.0,110.59113,-8.591133117675781
2016-12-20 04:00:00,92.0,107.54034,-15.540336608886719
2016-12-20 05:00:00,79.0,109.53047,-30.530471801757812
2016-12-20 06:00:00,61.0,104.407265,-43.407264709472656
2016-12-20 07:00:00,58.0,111.78833,-53.788330078125
2016-12-20 08:00:00,56.0,103.3143,-47.314300537109375
2016-12-20 09:00:00,63.0,105.40463,-42.404632568359375
2016-12-20 10:00:00,91.0,112.73013,-21.730133056640625
2016-12-20 11:00:00,126.0,106.53607,19.46392822265625
2016-12-20 12:00:00,129.0,111.511856,17.488143920898438
2016-12-20 13:00:00,164.0,111.32533,52.67466735839844
2016-12-20 14:00:00,146.0,107.38968,38.610321044921875
2016-12-20 15:00:00,147.0,104.309074,42.69092559814453
2016-12-20 16:00:00,119.0,95.88979,23.110206604003906
2016-12-20 17:00:00,101.0,103.9157,-2.9157028198242188
2016-12-20 18:00:00,181.0,98.40604,82.59396362304688
2016-12-20 19:00:00,147.0,101.76668,45.23332214355469
2016-12-20 20:00:00,142.0,91.707405,50.29259490966797
2016-12-20 21:00:00,134.0,90.03049,43.969512939453125
2016-12-20 22:00:00,122.0,88.253235,33.74676513671875
2016-12-20 23:00:00,108.0,85.82633,22.173667907714844
2016-12-21 00:00:00,116.0,87.515686,28.48431396484375
2016-12-21 01:00:00,118.0,66.852776,51.14722442626953
2016-12-21 02:00:00,121.0,70.68683,50.31317138671875
2016-12-21 03:00:00,127.0,75.75705,51.242950439453125
2016-12-21 04:00:00,132.0,96.42949,35.57051086425781
2016-12-21 05:00:00,137.0,85.94069,51.05931091308594
2016-12-21 06:00:00,146.0,70.620605,75.37939453125
2016-12-21 07:00:00,149.0,73.6672,75.33280181884766
2016-12-21 08:00:00,161.0,86.545044,74.4549560546875
2016-12-21 09:00:00,157.0,87.867455,69.1325454711914
2016-12-21 10:00:00,150.0,82.903824,67.09617614746094
2016-12-21 11:00:00,156.0,90.452965,65.54703521728516
2016-12-21 12:00:00,148.0,97.767586,50.23241424560547
2016-12-21 13:00:00,115.0,98.02553,16.974472045898438
2016-12-21 14:00:00,127.0,100.49585,26.504150390625
2016-12-21 15:00:00,124.0,96.86988,27.13011932373047
2016-12-21 16:00:00,127.0,99.6055,27.394500732421875
2016-12-21 17:00:00,106.0,100.53612,5.4638824462890625
2016-12-21 18:00:00,107.0,100.7181,6.281898498535156
2016-12-21 19:00:00,102.0,67.31564,34.684356689453125
2016-12-21 20:00:00,103.0,85.31221,17.687789916992188
2016-12-21 21:00:00,100.0,84.86461,15.135391235351562
2016-12-21 22:00:00,90.0,83.67486,6.325141906738281
2016-12-21 23:00:00,95.0,82.50337,12.496627807617188
2016-12-23 00:00:00,25.0,109.10338,-84.10337829589844
2016-12-23 01:00:00,33.0,102.11017,-69.11016845703125
2016-12-23 02:00:00,33.0,104.46904,-71.46903991699219
2016-12-23 03:00:00,34.0,94.01132,-60.011322021484375
2016-12-23 04:00:00,34.0,95.734276,-61.734275817871094
2016-12-23 05:00:00,33.0,95.64516,-62.64515686035156
2016-12-23 06:00:00,32.0,105.42612,-73.42611694335938
2016-12-23 07:00:00,41.0,108.33479,-67.33479309082031
2016-12-23 08:00:00,44.0,102.996124,-58.996124267578125
2016-12-23 09:00:00,46.0,104.529076,-58.529075622558594
2016-12-23 10:00:00,39.0,106.950096,-67.9500961303711
2016-12-23 11:00:00,37.0,109.14241,-72.14241027832031
2016-12-23 12:00:00,33.0,113.948235,-80.94823455810547
2016-12-23 13:00:00,36.0,114.82019,-78.8201904296875
2016-12-23 14:00:00,38.0,113.91898,-75.91898345947266
2016-12-23 15:00:00,47.0,114.49522,-67.4952163696289
2016-12-23 16:00:00,48.0,114.994606,-66.9946060180664
2016-12-23 17:00:00,38.0,115.88565,-77.88565063476562
2016-12-23 18:00:00,51.0,107.99945,-56.99945068359375
2016-12-23 19:00:00,47.0,110.73746,-63.737457275390625
2016-12-23 20:00:00,50.0,108.902954,-58.9029541015625
2016-12-23 21:00:00,50.0,111.28904,-61.289039611816406
2016-12-23 22:00:00,42.0,110.52449,-68.52449035644531
2016-12-23 23:00:00,42.0,108.96828,-66.96827697753906
2016-12-24 00:00:00,41.0,93.88095,-52.880950927734375
2016-12-24 01:00:00,38.0,93.24597,-55.2459716796875
2016-12-24 02:00:00,38.0,91.17778,-53.17778015136719
2016-12-24 03:00:00,35.0,95.51069,-60.51068878173828
2016-12-24 04:00:00,31.0,95.12675,-64.12674713134766
2016-12-24 05:00:00,28.0,88.970894,-60.97089385986328
2016-12-24 06:00:00,38.0,84.1256,-46.12560272216797
2016-12-24 07:00:00,44.0,80.73987,-36.7398681640625
2016-12-24 08:00:00,47.0,78.20361,-31.20361328125
2016-12-24 09:00:00,56.0,76.518555,-20.5185546875
2016-12-24 10:00:00,62.0,86.28698,-24.28697967529297
2016-12-24 11:00:00,59.0,84.287125,-25.287124633789062
2016-12-24 12:00:00,59.0,85.19868,-26.19867706298828
2016-12-24 13:00:00,63.0,90.338646,-27.338645935058594
2016-12-24 14:00:00,69.0,94.34853,-25.348533630371094
2016-12-24 15:00:00,76.0,93.44755,-17.447547912597656
2016-12-24 16:00:00,70.0,91.188576,-21.188575744628906
2016-12-24 17:00:00,72.0,92.21185,-20.21185302734375
2016-12-24 18:00:00,86.0,100.56534,-14.565338134765625
2016-12-24 19:00:00,86.0,93.109,-7.109001159667969
2016-12-24 20:00:00,91.0,91.86406,-0.8640594482421875
2016-12-24 21:00:00,97.0,93.058235,3.9417648315429688
2016-12-24 22:00:00,104.0,92.111206,11.8887939453125
2016-12-24 23:00:00,109.0,87.386444,21.613555908203125
2016-12-25 00:00:00,119.0,96.98226,22.017738342285156
2016-12-25 01:00:00,121.0,95.073006,25.92699432373047
2016-12-25 02:00:00,86.0,95.80328,-9.80328369140625
2016-12-25 03:00:00,71.0,96.01024,-25.010238647460938
2016-12-25 04:00:00,75.0,93.01311,-18.013107299804688
2016-12-25 05:00:00,48.0,84.949646,-36.94964599609375
2016-12-25 06:00:00,49.0,82.74778,-33.747779846191406
2016-12-25 07:00:00,58.0,84.260994,-26.26099395751953
2016-12-25 08:00:00,52.0,84.34556,-32.345558166503906
2016-12-25 09:00:00,61.0,86.43489,-25.434890747070312
2016-12-25 10:00:00,66.0,92.96616,-26.966163635253906
2016-12-25 11:00:00,70.0,74.86414,-4.864143371582031
2016-12-25 12:00:00,60.0,81.97261,-21.972610473632812
2016-12-25 13:00:00,69.0,86.62559,-17.625587463378906
2016-12-25 14:00:00,72.0,87.14433,-15.144332885742188
2016-12-25 15:00:00,60.0,85.526566,-25.526565551757812
2016-12-25 16:00:00,60.0,86.972015,-26.972015380859375
2016-12-25 17:00:00,64.0,85.761116,-21.76111602783203
2016-12-25 18:00:00,69.0,87.71189,-18.711891174316406
2016-12-25 19:00:00,71.0,88.42162,-17.42162322998047
2016-12-25 20:00:00,67.0,87.75824,-20.75823974609375
2016-12-25 21:00:00,70.0,89.1124,-19.112396240234375
2016-12-25 22:00:00,73.0,92.43899,-19.438987731933594
2016-12-25 23:00:00,75.0,93.69265,-18.692649841308594
2016-12-26 00:00:00,76.0,70.89527,5.104728698730469
2016-12-26 01:00:00,74.0,66.90768,7.092323303222656
2016-12-26 02:00:00,77.0,68.84229,8.157707214355469
2016-12-26 03:00:00,75.0,73.6245,1.3755035400390625
2016-12-26 04:00:00,54.0,68.15293,-14.152931213378906
2016-12-26 05:00:00,55.0,64.47349,-9.473487854003906
2016-12-26 06:00:00,56.0,64.15798,-8.157981872558594
2016-12-26 07:00:00,58.0,62.780807,-4.7808074951171875
2016-12-26 08:00:00,54.0,61.396698,-7.396697998046875
2016-12-26 09:00:00,66.0,63.067734,2.9322662353515625
2016-12-26 11:00:00,97.0,74.09256,22.907440185546875
2016-12-26 12:00:00,91.0,77.05116,13.948837280273438
2016-12-26 13:00:00,97.0,78.49226,18.507736206054688
2016-12-26 14:00:00,92.0,79.20782,12.792182922363281
2016-12-26 15:00:00,94.0,83.36462,10.635383605957031
2016-12-26 16:00:00,102.0,76.98392,25.016082763671875
2016-12-26 17:00:00,112.0,77.28395,34.71604919433594
2016-12-26 18:00:00,110.0,82.94236,27.057640075683594
2016-12-26 19:00:00,125.0,89.843376,35.15662384033203
2016-12-26 20:00:00,121.0,89.92226,31.077743530273438
2016-12-26 21:00:00,112.0,87.81158,24.18842315673828
2016-12-26 22:00:00,117.0,85.41273,31.58727264404297
2016-12-26 23:00:00,119.0,82.77175,36.228248596191406
2016-12-27 00:00:00,111.0,78.172745,32.82725524902344
2016-12-27 01:00:00,117.0,80.670746,36.329254150390625
2016-12-27 02:00:00,100.0,77.909134,22.090866088867188
2016-12-27 03:00:00,121.0,73.20909,47.79090881347656
2016-12-27 04:00:00,90.0,65.78712,24.21288299560547
2016-12-27 05:00:00,74.0,67.924706,6.075294494628906
2016-12-27 06:00:00,63.0,67.16199,-4.1619873046875
2016-12-27 07:00:00,65.0,72.909195,-7.9091949462890625
2016-12-27 08:00:00,70.0,76.11211,-6.1121063232421875
2016-12-27 09:00:00,61.0,75.67542,-14.675422668457031
2016-12-27 10:00:00,83.0,78.72593,4.274070739746094
2016-12-27 11:00:00,83.0,78.951096,4.0489044189453125
2016-12-27 12:00:00,76.0,82.80961,-6.809608459472656
2016-12-27 13:00:00,119.0,85.23775,33.76225280761719
2016-12-27 14:00:00,130.0,89.27855,40.72145080566406
2016-12-27 15:00:00,116.0,92.604126,23.3958740234375
2016-12-27 17:00:00,119.0,92.07918,26.920822143554688
2016-12-27 18:00:00,112.0,92.50934,19.49066162109375
2016-12-27 19:00:00,105.0,94.03685,10.963150024414062
2016-12-27 20:00:00,95.0,78.16962,16.83038330078125
2016-12-27 21:00:00,90.0,92.855064,-2.8550643920898438
2016-12-27 22:00:00,92.0,94.99956,-2.9995574951171875
2016-12-27 23:00:00,94.0,94.264534,-0.26453399658203125
2016-12-28 00:00:00,94.0,95.816986,-1.816986083984375
2016-12-28 01:00:00,92.0,108.42037,-16.420372009277344
2016-12-28 02:00:00,97.0,105.75869,-8.758689880371094
2016-12-28 03:00:00,99.0,99.80154,-0.8015365600585938
2016-12-28 04:00:00,104.0,92.06355,11.936447143554688
2016-12-28 05:00:00,105.0,83.47856,21.521438598632812
2016-12-28 06:00:00,114.0,86.22742,27.7725830078125
2016-12-28 07:00:00,105.0,85.14841,19.851593017578125
2016-12-28 08:00:00,116.0,79.67902,36.32097625732422
2016-12-28 09:00:00,119.0,80.92307,38.076927185058594
2016-12-28 10:00:00,141.0,74.407745,66.59225463867188
2016-12-28 11:00:00,117.0,77.09504,39.90496063232422
2016-12-28 12:00:00,116.0,79.34269,36.657310485839844
2016-12-28 13:00:00,114.0,79.04629,34.953712463378906
2016-12-28 14:00:00,109.0,81.14391,27.85608673095703
2016-12-28 15:00:00,110.0,81.70512,28.294883728027344
2016-12-28 16:00:00,104.0,79.91316,24.086837768554688
2016-12-28 17:00:00,102.0,86.240685,15.759315490722656
2016-12-28 18:00:00,103.0,89.05646,13.94354248046875
2016-12-28 19:00:00,96.0,89.362785,6.637214660644531
2016-12-28 20:00:00,95.0,93.66839,1.3316116333007812
2016-12-28 21:00:00,109.0,94.48958,14.510421752929688
2016-12-28 22:00:00,107.0,96.94626,10.053741455078125
2016-12-28 23:00:00,105.0,99.227234,5.77276611328125
2016-12-29 00:00:00,108.0,98.93201,9.0679931640625
2016-12-29 01:00:00,112.0,106.15036,5.849639892578125
2016-12-29 02:00:00,121.0,101.6466,19.35340118408203
2016-12-29 03:00:00,136.0,98.61176,37.38823699951172
2016-12-29 04:00:00,148.0,82.40376,65.59623718261719
2016-12-29 05:00:00,141.0,73.65214,67.34786224365234
2016-12-29 06:00:00,138.0,63.19619,74.8038101196289
2016-12-29 07:00:00,133.0,71.20541,61.794593811035156
2016-12-29 08:00:00,134.0,65.00633,68.99366760253906
2016-12-29 09:00:00,136.0,71.08309,64.91690826416016
2016-12-29 10:00:00,173.0,93.04825,79.95175170898438
2016-12-29 11:00:00,168.0,86.27085,81.7291488647461
2016-12-29 13:00:00,136.0,84.18337,51.816627502441406
2016-12-29 14:00:00,157.0,82.4507,74.54930114746094
2016-12-29 15:00:00,152.0,84.08639,67.91361236572266
2016-12-29 16:00:00,152.0,89.3458,62.654197692871094
2016-12-29 17:00:00,139.0,89.74836,49.25164031982422
2016-12-29 18:00:00,168.0,86.15255,81.84745025634766
2016-12-29 19:00:00,192.0,88.07025,103.92974853515625
2016-12-29 20:00:00,193.0,82.81316,110.18683624267578
2016-12-29 21:00:00,181.0,83.744576,97.25542449951172
2016-12-29 22:00:00,191.0,83.28155,107.71845245361328
2016-12-29 23:00:00,197.0,91.6499,105.35009765625
2016-12-30 00:00:00,179.0,90.772705,88.227294921875
2016-12-30 01:00:00,186.0,88.86475,97.13524627685547
2016-12-30 02:00:00,188.0,90.23509,97.76490783691406
2016-12-30 03:00:00,175.0,87.35267,87.64733123779297
2016-12-30 04:00:00,168.0,87.29077,80.709228515625
2016-12-30 05:00:00,179.0,86.62004,92.37995910644531
2016-12-30 06:00:00,198.0,83.37951,114.62049102783203
2016-12-30 07:00:00,139.0,80.89907,58.100929260253906
2016-12-30 08:00:00,126.0,78.85625,47.14375305175781
2016-12-30 09:00:00,129.0,79.08964,49.910362243652344
2016-12-30 10:00:00,135.0,81.0706,53.92939758300781
2016-12-30 11:00:00,133.0,78.48602,54.51397705078125
2016-12-30 12:00:00,131.0,84.473274,46.52672576904297
2016-12-30 13:00:00,127.0,84.10216,42.89784240722656
2016-12-30 14:00:00,152.0,90.69665,61.30335235595703
2016-12-30 15:00:00,175.0,87.017654,87.98234558105469
2016-12-30 16:00:00,210.0,104.8531,105.14689636230469
2016-12-30 17:00:00,239.0,111.873924,127.1260757446289
2016-12-30 18:00:00,216.0,110.39367,105.60633087158203
2016-12-30 19:00:00,191.0,107.932556,83.06744384765625
2016-12-30 20:00:00,191.0,110.93178,80.06822204589844
2016-12-30 21:00:00,187.0,111.16369,75.83631134033203
2016-12-30 22:00:00,220.0,113.39881,106.60118865966797
2016-12-30 23:00:00,204.0,115.40189,88.59810638427734
2016-12-31 00:00:00,196.0,95.67292,100.32707977294922
2016-12-31 01:00:00,192.0,95.66257,96.33743286132812
2016-12-31 02:00:00,176.0,97.560356,78.43964385986328
2016-12-31 03:00:00,194.0,98.12908,95.87091827392578
2016-12-31 04:00:00,178.0,101.30294,76.69705963134766
2016-12-31 05:00:00,135.0,95.84919,39.15081024169922
2016-12-31 06:00:00,126.0,93.36494,32.63506317138672
2016-12-31 07:00:00,118.0,95.829216,22.17078399658203
2016-12-31 08:00:00,107.0,93.89382,13.106178283691406
2016-12-31 09:00:00,97.0,90.215195,6.7848052978515625
2016-12-31 10:00:00,111.0,86.06437,24.935630798339844
2016-12-31 11:00:00,129.0,90.1361,38.86389923095703
2016-12-31 12:00:00,140.0,68.366684,71.63331604003906
2016-12-31 13:00:00,182.0,69.55655,112.44345092773438
2016-12-31 14:00:00,154.0,76.46107,77.53893280029297
2016-12-31 15:00:00,161.0,78.033295,82.96670532226562
2016-12-31 16:00:00,146.0,72.45661,73.54338836669922
2016-12-31 17:00:00,142.0,75.81834,66.1816635131836
2016-12-31 18:00:00,153.0,78.91008,74.08992004394531
2016-12-31 19:00:00,147.0,80.96052,66.03948211669922
2016-12-31 20:00:00,144.0,79.63856,64.36144256591797
2016-12-31 21:00:00,139.0,82.062744,56.937255859375
2016-12-31 22:00:00,131.0,79.12958,51.87042236328125
2016-12-31 23:00:00,127.0,73.37526,53.62474060058594
2017-01-01 00:00:00,138.0,76.76203,61.23796844482422
2017-01-01 01:00:00,139.0,75.286415,63.713584899902344
2017-01-01 02:00:00,169.0,73.65861,95.34139251708984
2017-01-01 03:00:00,186.0,72.4882,113.51180267333984
2017-01-01 04:00:00,194.0,73.419304,120.58069610595703
2017-01-01 05:00:00,182.0,76.66557,105.33442687988281
2017-01-01 06:00:00,185.0,70.92563,114.07437133789062
2017-01-01 07:00:00,141.0,65.023026,75.97697448730469
2017-01-01 08:00:00,158.0,66.55088,91.4491195678711
2017-01-01 09:00:00,152.0,68.89748,83.10252380371094
2017-01-01 10:00:00,174.0,65.126305,108.87369537353516
2017-01-01 11:00:00,175.0,66.80325,108.19674682617188
2017-01-01 12:00:00,207.0,78.92845,128.07154846191406
2017-01-01 13:00:00,202.0,75.66323,126.3367691040039
2017-01-01 14:00:00,203.0,82.002045,120.99795532226562
2017-01-01 15:00:00,198.0,81.642426,116.35757446289062
2017-01-01 16:00:00,188.0,78.85077,109.14923095703125
2017-01-01 17:00:00,191.0,73.63749,117.36251068115234
2017-01-01 18:00:00,194.0,77.64109,116.3589096069336
2017-01-01 19:00:00,190.0,79.04284,110.95716094970703
2017-01-01 20:00:00,184.0,77.69298,106.30702209472656
2017-01-01 21:00:00,184.0,81.290924,102.70907592773438
2017-01-01 22:00:00,177.0,81.54523,95.45477294921875
2017-01-01 23:00:00,187.0,89.783264,97.21673583984375
2017-01-02 00:00:00,200.0,81.54299,118.4570083618164
2017-01-02 01:00:00,200.0,84.64091,115.35909271240234
2017-01-02 02:00:00,203.0,82.25426,120.74574279785156
2017-01-02 03:00:00,203.0,78.82086,124.17913818359375
2017-01-02 04:00:00,231.0,75.34493,155.65506744384766
2017-01-02 05:00:00,254.0,66.114456,187.8855438232422
2017-01-02 06:00:00,256.0,67.05636,188.94364166259766
2017-01-02 07:00:00,256.0,71.224335,184.77566528320312
2017-01-02 08:00:00,261.0,74.08271,186.91728973388672
2017-01-02 09:00:00,246.0,73.38757,172.6124267578125
2017-01-02 10:00:00,236.0,76.0464,159.95359802246094
2017-01-02 11:00:00,238.0,76.2837,161.71630096435547
2017-01-02 12:00:00,289.0,77.34965,211.65035247802734
2017-01-02 13:00:00,333.0,85.342735,247.65726470947266
2017-01-02 14:00:00,324.0,88.6294,235.37059783935547
2017-01-02 15:00:00,324.0,89.44882,234.55117797851562
2017-01-02 16:00:00,314.0,88.97251,225.0274887084961
2017-01-02 17:00:00,324.0,94.13086,229.869140625
2017-01-02 18:00:00,316.0,101.685646,214.3143539428711
2017-01-02 19:00:00,300.0,104.4902,195.50980377197266
2017-01-02 20:00:00,301.0,102.0334,198.9665985107422
2017-01-02 21:00:00,299.0,105.03836,193.96163940429688
2017-01-02 22:00:00,300.0,100.80594,199.19406127929688
2017-01-02 23:00:00,283.0,95.45604,187.54396057128906
2017-01-03 00:00:00,272.0,105.36979,166.63021087646484
2017-01-03 01:00:00,273.0,107.579315,165.42068481445312
2017-01-03 02:00:00,293.0,106.792564,186.20743560791016
2017-01-03 03:00:00,322.0,101.97393,220.02606964111328
2017-01-03 04:00:00,304.0,98.289856,205.71014404296875
2017-01-03 05:00:00,280.0,84.41503,195.58496856689453
2017-01-03 06:00:00,266.0,78.05133,187.94866943359375
2017-01-03 07:00:00,190.0,79.35551,110.64449310302734
2017-01-03 08:00:00,208.0,81.534874,126.46512603759766
2017-01-03 10:00:00,197.0,106.22129,90.7787094116211
2017-01-03 11:00:00,230.0,105.47844,124.52156066894531
2017-01-03 12:00:00,250.0,86.74194,163.258056640625
2017-01-03 13:00:00,253.0,96.219345,156.78065490722656
2017-01-03 14:00:00,246.0,97.22554,148.7744598388672
2017-01-03 15:00:00,241.0,93.83382,147.1661834716797
2017-01-03 16:00:00,215.0,92.19102,122.8089828491211
2017-01-03 17:00:00,224.0,101.67052,122.32948303222656
2017-01-03 18:00:00,226.0,100.85888,125.14112091064453
2017-01-03 19:00:00,217.0,102.76991,114.23008728027344
2017-01-03 20:00:00,240.0,97.43216,142.56784057617188
2017-01-03 21:00:00,244.0,104.0634,139.9365997314453
2017-01-03 22:00:00,230.0,105.36062,124.6393814086914
2017-01-03 23:00:00,232.0,110.12962,121.87037658691406
2017-01-04 00:00:00,237.0,119.69806,117.30194091796875
2017-01-04 01:00:00,243.0,117.64896,125.35104370117188
2017-01-04 02:00:00,242.0,117.50932,124.49067687988281
2017-01-04 03:00:00,249.0,114.15645,134.8435516357422
2017-01-04 04:00:00,247.0,94.27099,152.72901153564453
2017-01-04 05:00:00,272.0,84.01581,187.98419189453125
2017-01-04 06:00:00,279.0,73.66426,205.3357391357422
2017-01-04 07:00:00,276.0,79.115395,196.88460540771484
2017-01-04 08:00:00,231.0,74.29924,156.7007598876953
2017-01-04 09:00:00,177.0,94.429405,82.57059478759766
2017-01-04 10:00:00,154.0,75.90748,78.09252166748047
2017-01-04 11:00:00,124.0,103.976616,20.02338409423828
2017-01-04 12:00:00,130.0,99.58866,30.411338806152344
2017-01-04 13:00:00,129.0,101.0749,27.92510223388672
2017-01-04 14:00:00,138.0,103.17991,34.820091247558594
2017-01-04 15:00:00,133.0,101.51895,31.481048583984375
2017-01-04 16:00:00,126.0,99.77861,26.221389770507812
2017-01-04 17:00:00,124.0,101.388695,22.611305236816406
2017-01-04 18:00:00,126.0,102.14227,23.85772705078125
2017-01-04 19:00:00,108.0,103.462585,4.53741455078125
2017-01-04 20:00:00,79.0,109.29346,-30.29345703125
2017-01-04 21:00:00,49.0,109.56177,-60.561767578125
2017-01-04 22:00:00,40.0,109.22376,-69.22376251220703
2017-01-04 23:00:00,34.0,113.82305,-79.82305145263672
2017-01-05 00:00:00,34.0,118.590416,-84.59041595458984
2017-01-05 01:00:00,43.0,117.13096,-74.1309585571289
2017-01-05 02:00:00,52.0,112.997574,-60.99757385253906
2017-01-05 03:00:00,53.0,105.83607,-52.83606719970703
2017-01-05 04:00:00,64.0,101.63541,-37.635406494140625
2017-01-05 05:00:00,61.0,104.77695,-43.776947021484375
2017-01-05 06:00:00,68.0,87.88197,-19.881973266601562
2017-01-05 07:00:00,72.0,96.31358,-24.313583374023438
2017-01-05 08:00:00,76.0,94.15224,-18.152236938476562
2017-01-05 09:00:00,79.0,76.29688,2.7031173706054688
2017-01-05 10:00:00,85.0,85.567024,-0.5670242309570312
2017-01-05 11:00:00,87.0,90.766045,-3.7660446166992188
2017-01-05 12:00:00,87.0,98.029655,-11.029655456542969
2017-01-05 13:00:00,92.0,93.85049,-1.8504867553710938
2017-01-05 14:00:00,93.0,95.41396,-2.4139633178710938
2017-01-05 15:00:00,90.0,100.76512,-10.765121459960938
2017-01-05 16:00:00,81.0,84.06895,-3.0689468383789062
2017-01-05 17:00:00,86.0,115.607895,-29.607894897460938
2017-01-05 18:00:00,88.0,112.104294,-24.104293823242188
2017-01-05 19:00:00,93.0,108.161514,-15.161514282226562
2017-01-05 20:00:00,94.0,104.49713,-10.49713134765625
2017-01-05 21:00:00,80.0,104.65877,-24.658767700195312
2017-01-05 22:00:00,81.0,101.50581,-20.505813598632812
2017-01-05 23:00:00,97.0,103.02868,-6.028678894042969
2017-01-06 00:00:00,96.0,107.43337,-11.433372497558594
2017-01-06 01:00:00,90.0,108.78087,-18.780868530273438
2017-01-06 02:00:00,95.0,110.971725,-15.971725463867188
2017-01-06 03:00:00,82.0,108.341225,-26.341224670410156
2017-01-06 04:00:00,75.0,103.11526,-28.115257263183594
2017-01-06 05:00:00,84.0,97.826485,-13.826484680175781
2017-01-06 06:00:00,78.0,97.63773,-19.637733459472656
2017-01-06 07:00:00,90.0,101.74151,-11.741508483886719
2017-01-06 08:00:00,92.0,95.011444,-3.011444091796875
2017-01-06 09:00:00,83.0,106.68349,-23.683486938476562
2017-01-06 10:00:00,87.0,99.33738,-12.337379455566406
2017-01-06 11:00:00,96.0,109.90406,-13.904060363769531
2017-01-06 12:00:00,108.0,110.404366,-2.4043655395507812
2017-01-06 13:00:00,104.0,108.89893,-4.898933410644531
2017-01-06 14:00:00,91.0,109.095345,-18.09534454345703
2017-01-06 15:00:00,95.0,111.42329,-16.42328643798828
2017-01-06 16:00:00,87.0,114.86835,-27.86834716796875
2017-01-06 17:00:00,87.0,114.96231,-27.962310791015625
2017-01-06 18:00:00,97.0,112.52779,-15.527786254882812
2017-01-06 19:00:00,93.0,111.898796,-18.89879608154297
2017-01-06 20:00:00,91.0,103.45458,-12.454582214355469
2017-01-06 21:00:00,96.0,95.56082,0.439178466796875
2017-01-06 22:00:00,81.0,98.074776,-17.07477569580078
2017-01-06 23:00:00,78.0,103.868324,-25.868324279785156
2017-01-07 00:00:00,72.0,98.55726,-26.55725860595703
2017-01-07 01:00:00,57.0,103.86737,-46.86737060546875
2017-01-07 02:00:00,56.0,105.59203,-49.59203338623047
2017-01-07 03:00:00,60.0,89.18754,-29.187538146972656
2017-01-07 04:00:00,59.0,90.32006,-31.32006072998047
2017-01-07 05:00:00,80.0,88.03659,-8.036590576171875
2017-01-07 06:00:00,55.0,90.45524,-35.455238342285156
2017-01-07 07:00:00,73.0,88.266464,-15.266464233398438
2017-01-07 08:00:00,42.0,89.22107,-47.2210693359375
2017-01-07 09:00:00,40.0,91.1251,-51.125099182128906
2017-01-07 10:00:00,40.0,91.22221,-51.22221374511719
2017-01-07 11:00:00,36.0,89.8232,-53.82319641113281
2017-01-07 12:00:00,32.0,64.347336,-32.34733581542969
2017-01-07 13:00:00,27.0,90.88572,-63.885719299316406
2017-01-07 14:00:00,26.0,88.588165,-62.588165283203125
2017-01-07 15:00:00,29.0,88.56816,-59.56816101074219
2017-01-07 16:00:00,27.0,89.07059,-62.070587158203125
2017-01-07 17:00:00,32.0,91.00967,-59.009666442871094
2017-01-07 18:00:00,27.0,94.1768,-67.17680358886719
2017-01-07 19:00:00,24.0,95.02949,-71.02948760986328
2017-01-07 20:00:00,33.0,93.59553,-60.59552764892578
2017-01-07 21:00:00,31.0,96.08185,-65.08184814453125
2017-01-07 22:00:00,34.0,95.825424,-61.82542419433594
2017-01-07 23:00:00,30.0,92.98972,-62.989723205566406
2017-01-08 00:00:00,34.0,93.8849,-59.88490295410156
2017-01-08 01:00:00,39.0,95.904816,-56.904815673828125
2017-01-08 02:00:00,38.0,90.80566,-52.80565643310547
2017-01-08 03:00:00,40.0,89.71005,-49.710052490234375
2017-01-08 04:00:00,39.0,91.539246,-52.53924560546875
2017-01-08 05:00:00,39.0,97.010635,-58.01063537597656
2017-01-08 06:00:00,40.0,94.60864,-54.608642578125
2017-01-08 09:00:00,47.0,97.92258,-50.922576904296875
2017-01-08 10:00:00,41.0,93.222534,-52.2225341796875
2017-01-08 11:00:00,38.0,96.92009,-58.92008972167969
2017-01-08 13:00:00,41.0,99.13212,-58.132118225097656
2017-01-08 14:00:00,46.0,94.84447,-48.84446716308594
2017-01-08 15:00:00,43.0,94.00113,-51.001129150390625
2017-01-08 16:00:00,44.0,96.33559,-52.33558654785156
2017-01-08 17:00:00,37.0,95.134796,-58.134796142578125
2017-01-08 18:00:00,37.0,94.021996,-57.021995544433594
2017-01-08 19:00:00,34.0,96.05585,-62.05584716796875
2017-01-08 20:00:00,39.0,96.09818,-57.098182678222656
2017-01-08 21:00:00,49.0,96.70515,-47.70514678955078
2017-01-08 22:00:00,49.0,97.64027,-48.64026641845703
2017-01-08 23:00:00,37.0,98.54597,-61.54596710205078
2017-01-09 00:00:00,40.0,87.43013,-47.43013000488281
2017-01-09 01:00:00,42.0,84.390274,-42.39027404785156
2017-01-09 02:00:00,38.0,83.22937,-45.2293701171875
2017-01-09 03:00:00,37.0,83.950775,-46.950775146484375
2017-01-09 04:00:00,37.0,82.69972,-45.69972229003906
2017-01-09 05:00:00,39.0,75.88376,-36.883758544921875
2017-01-09 06:00:00,41.0,78.11183,-37.11183166503906
2017-01-09 07:00:00,42.0,76.85563,-34.855628967285156
2017-01-09 08:00:00,39.0,75.62557,-36.625572204589844
2017-01-09 09:00:00,46.0,77.72389,-31.723892211914062
2017-01-09 11:00:00,42.0,71.16503,-29.16503143310547
2017-01-09 12:00:00,53.0,69.35116,-16.351158142089844
2017-01-09 13:00:00,47.0,63.9114,-16.911399841308594
2017-01-09 14:00:00,82.0,68.18784,13.812156677246094
2017-01-09 15:00:00,97.0,64.11475,32.88524627685547
2017-01-09 16:00:00,95.0,62.823536,32.17646408081055
2017-01-09 17:00:00,82.0,63.874573,18.12542724609375
2017-01-09 18:00:00,79.0,63.081688,15.918312072753906
2017-01-09 19:00:00,78.0,64.358574,13.641426086425781
2017-01-09 20:00:00,63.0,63.203842,-0.2038421630859375
2017-01-09 21:00:00,60.0,57.269104,2.73089599609375
2017-01-09 22:00:00,65.0,53.341255,11.658744812011719
2017-01-09 23:00:00,67.0,53.26446,13.735538482666016
2017-01-10 00:00:00,62.0,67.501236,-5.5012359619140625
2017-01-10 01:00:00,57.0,66.44168,-9.441680908203125
2017-01-10 02:00:00,52.0,72.68932,-20.68932342529297
2017-01-10 03:00:00,57.0,72.63362,-15.633621215820312
2017-01-10 04:00:00,58.0,67.00331,-9.003311157226562
2017-01-10 05:00:00,44.0,67.70525,-23.70525360107422
2017-01-10 06:00:00,47.0,63.9169,-16.916900634765625
2017-01-10 07:00:00,48.0,71.62366,-23.6236572265625
2017-01-10 08:00:00,42.0,67.0742,-25.074203491210938
2017-01-10 09:00:00,43.0,65.72916,-22.729156494140625
2017-01-10 10:00:00,38.0,68.96944,-30.969436645507812
2017-01-10 11:00:00,58.0,63.537342,-5.537342071533203
2017-01-10 12:00:00,59.0,69.002495,-10.002494812011719
2017-01-10 13:00:00,59.0,67.77288,-8.772880554199219
2017-01-10 14:00:00,77.0,73.93417,3.065826416015625
2017-01-10 15:00:00,70.0,78.282,-8.281997680664062
2017-01-10 16:00:00,72.0,77.96125,-5.961250305175781
2017-01-10 17:00:00,77.0,79.91704,-2.9170379638671875
2017-01-10 18:00:00,70.0,81.54688,-11.546882629394531
2017-01-10 19:00:00,70.0,85.12666,-15.126663208007812
2017-01-10 20:00:00,60.0,83.05964,-23.05963897705078
2017-01-10 21:00:00,58.0,79.11631,-21.116310119628906
2017-01-10 22:00:00,64.0,78.89031,-14.890312194824219
2017-01-10 23:00:00,56.0,81.931816,-25.93181610107422
2017-01-11 00:00:00,62.0,86.684296,-24.684295654296875
2017-01-11 01:00:00,63.0,87.21764,-24.21764373779297
2017-01-11 02:00:00,66.0,85.70613,-19.706130981445312
2017-01-11 03:00:00,57.0,84.58875,-27.58875274658203
2017-01-11 04:00:00,59.0,78.47818,-19.478179931640625
2017-01-11 05:00:00,50.0,74.37547,-24.375473022460938
2017-01-11 06:00:00,52.0,71.77735,-19.77735137939453
2017-01-11 07:00:00,62.0,73.3319,-11.331901550292969
2017-01-11 08:00:00,60.0,75.10502,-15.105018615722656
2017-01-11 09:00:00,59.0,70.01801,-11.018013000488281
2017-01-11 10:00:00,60.0,70.81363,-10.813629150390625
2017-01-11 11:00:00,74.0,74.58436,-0.5843582153320312
2017-01-11 12:00:00,72.0,77.906944,-5.906944274902344
2017-01-11 13:00:00,65.0,74.09116,-9.091163635253906
2017-01-11 14:00:00,70.0,73.22554,-3.2255401611328125
2017-01-11 15:00:00,66.0,75.43942,-9.439422607421875
2017-01-11 16:00:00,64.0,77.0193,-13.019302368164062
2017-01-11 17:00:00,69.0,81.27955,-12.279548645019531
2017-01-11 18:00:00,75.0,81.233345,-6.233345031738281
2017-01-11 19:00:00,70.0,82.30052,-12.300521850585938
2017-01-11 20:00:00,80.0,80.860344,-0.8603439331054688
2017-01-11 21:00:00,78.0,85.0321,-7.032096862792969
2017-01-11 22:00:00,76.0,85.55512,-9.555122375488281
2017-01-11 23:00:00,78.0,84.66629,-6.666290283203125
2017-01-12 00:00:00,79.0,90.76122,-11.761222839355469
2017-01-12 01:00:00,90.0,91.89835,-1.8983535766601562
2017-01-12 02:00:00,80.0,91.45864,-11.458641052246094
2017-01-12 03:00:00,69.0,84.831696,-15.831695556640625
2017-01-12 04:00:00,65.0,80.66003,-15.660026550292969
2017-01-12 05:00:00,64.0,83.864006,-19.86400604248047
2017-01-12 06:00:00,80.0,79.96187,0.0381317138671875
2017-01-12 07:00:00,87.0,87.30602,-0.30602264404296875
2017-01-12 08:00:00,98.0,82.74409,15.255912780761719
2017-01-12 09:00:00,92.0,62.02409,29.975910186767578
2017-01-12 10:00:00,96.0,81.341064,14.658935546875
2017-01-12 11:00:00,105.0,78.85811,26.141891479492188
2017-01-12 12:00:00,102.0,79.41907,22.5809326171875
2017-01-12 13:00:00,100.0,80.99893,19.001068115234375
2017-01-12 14:00:00,102.0,87.54121,14.458793640136719
2017-01-12 15:00:00,116.0,89.14151,26.858489990234375
2017-01-12 16:00:00,116.0,91.34291,24.657089233398438
2017-01-12 18:00:00,125.0,95.29175,29.708251953125
2017-01-12 19:00:00,118.0,89.864075,28.13592529296875
2017-01-12 20:00:00,125.0,94.47535,30.52465057373047
2017-01-12 21:00:00,133.0,97.99711,35.002891540527344
2017-01-12 22:00:00,144.0,96.89252,47.10748291015625
2017-01-12 23:00:00,142.0,95.60191,46.39808654785156
2017-01-13 00:00:00,151.0,89.21979,61.78021240234375
2017-01-13 01:00:00,166.0,94.26324,71.73676300048828
2017-01-13 02:00:00,158.0,82.60199,75.39801025390625
2017-01-13 03:00:00,151.0,83.9845,67.0155029296875
2017-01-13 04:00:00,154.0,75.51389,78.4861068725586
2017-01-13 05:00:00,130.0,73.622635,56.37736511230469
2017-01-13 06:00:00,121.0,71.19189,49.80811309814453
2017-01-13 07:00:00,162.0,69.54738,92.45262145996094
2017-01-13 08:00:00,154.0,71.443054,82.55694580078125
2017-01-13 09:00:00,157.0,80.759514,76.24048614501953
2017-01-13 10:00:00,145.0,86.54985,58.45014953613281
2017-01-13 11:00:00,124.0,89.54331,34.456687927246094
2017-01-13 12:00:00,122.0,96.6941,25.30590057373047
2017-01-13 13:00:00,125.0,89.014595,35.98540496826172
2017-01-13 14:00:00,133.0,95.22931,37.77069091796875
2017-01-13 15:00:00,128.0,95.59003,32.40997314453125
2017-01-13 16:00:00,118.0,97.78706,20.212936401367188
2017-01-13 17:00:00,113.0,98.43093,14.569068908691406
2017-01-13 18:00:00,107.0,91.81687,15.183128356933594
2017-01-13 19:00:00,94.0,95.09145,-1.0914535522460938
2017-01-13 20:00:00,98.0,92.80115,5.1988525390625
2017-01-13 21:00:00,94.0,74.478806,19.521194458007812
2017-01-13 22:00:00,94.0,76.49761,17.50238800048828
2017-01-13 23:00:00,95.0,75.99263,19.007369995117188
2017-01-14 00:00:00,95.0,76.59097,18.409027099609375
2017-01-14 01:00:00,98.0,77.38394,20.616058349609375
2017-01-14 02:00:00,105.0,73.855774,31.14422607421875
2017-01-14 03:00:00,99.0,74.08339,24.916610717773438
2017-01-14 04:00:00,99.0,79.46855,19.531448364257812
2017-01-14 05:00:00,100.0,78.01561,21.984390258789062
2017-01-14 06:00:00,88.0,86.407745,1.592254638671875
2017-01-14 07:00:00,91.0,85.135544,5.8644561767578125
2017-01-14 08:00:00,88.0,82.76467,5.235328674316406
2017-01-14 09:00:00,81.0,84.39152,-3.3915176391601562
2017-01-14 10:00:00,82.0,83.23586,-1.2358627319335938
2017-01-14 11:00:00,83.0,79.82254,3.177459716796875
2017-01-14 12:00:00,81.0,86.405396,-5.4053955078125
2017-01-14 13:00:00,85.0,88.43034,-3.4303436279296875
2017-01-14 14:00:00,97.0,91.479195,5.520805358886719
2017-01-14 15:00:00,97.0,89.83929,7.160713195800781
2017-01-14 16:00:00,91.0,91.69138,-0.6913833618164062
2017-01-14 17:00:00,106.0,89.970055,16.029945373535156
2017-01-14 18:00:00,100.0,85.33678,14.663223266601562
2017-01-14 19:00:00,105.0,89.26656,15.733436584472656
2017-01-14 20:00:00,98.0,90.49717,7.502830505371094
2017-01-14 21:00:00,98.0,96.13565,1.864349365234375
2017-01-14 22:00:00,94.0,97.70765,-3.7076492309570312
2017-01-14 23:00:00,99.0,94.70328,4.296722412109375
2017-01-15 00:00:00,100.0,93.100365,6.899635314941406
2017-01-15 01:00:00,106.0,92.44444,13.555557250976562
2017-01-15 02:00:00,104.0,93.273346,10.726654052734375
2017-01-15 03:00:00,109.0,89.63038,19.36962127685547
2017-01-15 04:00:00,95.0,88.314644,6.685356140136719
2017-01-15 05:00:00,88.0,89.41197,-1.4119720458984375
2017-01-15 06:00:00,82.0,83.12686,-1.126861572265625
2017-01-15 07:00:00,80.0,77.35325,2.6467514038085938
2017-01-15 08:00:00,83.0,76.92785,6.072151184082031
2017-01-15 09:00:00,82.0,77.50857,4.491432189941406
2017-01-15 10:00:00,121.0,76.07245,44.92755126953125
2017-01-15 11:00:00,115.0,77.64485,37.35514831542969
2017-01-15 12:00:00,129.0,79.67774,49.32225799560547
2017-01-15 13:00:00,97.0,76.46533,20.53466796875
2017-01-15 14:00:00,103.0,80.06371,22.93628692626953
2017-01-15 15:00:00,89.0,80.72835,8.271652221679688
2017-01-15 16:00:00,90.0,81.96576,8.03424072265625
2017-01-15 17:00:00,91.0,92.61095,-1.6109466552734375
2017-01-15 18:00:00,88.0,95.23559,-7.235588073730469
2017-01-15 19:00:00,75.0,98.939735,-23.939735412597656
2017-01-15 20:00:00,80.0,103.63666,-23.63665771484375
2017-01-15 21:00:00,79.0,104.503845,-25.50384521484375
2017-01-15 22:00:00,86.0,101.23288,-15.232879638671875
2017-01-15 23:00:00,92.0,104.82131,-12.821311950683594
2017-01-16 00:00:00,101.0,95.19433,5.805671691894531
2017-01-16 01:00:00,100.0,85.48517,14.51483154296875
2017-01-16 02:00:00,99.0,82.63677,16.36322784423828
2017-01-16 03:00:00,110.0,86.70249,23.297508239746094
2017-01-16 04:00:00,98.0,83.5716,14.428398132324219
2017-01-16 05:00:00,96.0,83.56724,12.432762145996094
2017-01-16 06:00:00,85.0,71.27131,13.728691101074219
2017-01-16 07:00:00,92.0,84.562386,7.437614440917969
2017-01-16 08:00:00,92.0,71.752426,20.247573852539062
2017-01-16 09:00:00,87.0,71.57979,15.420211791992188
2017-01-16 10:00:00,111.0,69.09851,41.9014892578125
2017-01-16 11:00:00,111.0,65.25935,45.74064636230469
2017-01-16 12:00:00,112.0,59.17942,52.820579528808594
2017-01-16 13:00:00,106.0,57.01137,48.98862838745117
2017-01-16 14:00:00,104.0,61.88367,42.116329193115234
2017-01-16 15:00:00,104.0,61.342762,42.6572380065918
2017-01-16 16:00:00,91.0,57.949062,33.05093765258789
2017-01-16 17:00:00,90.0,57.325974,32.67402648925781
2017-01-16 18:00:00,88.0,61.152054,26.847946166992188
2017-01-16 19:00:00,93.0,59.52491,33.47509002685547
2017-01-16 20:00:00,95.0,63.713512,31.286487579345703
2017-01-16 21:00:00,103.0,68.62976,34.3702392578125
2017-01-16 22:00:00,102.0,67.3859,34.614097595214844
2017-01-16 23:00:00,103.0,67.66005,35.33995056152344
2017-01-17 00:00:00,111.0,75.00502,35.99497985839844
2017-01-17 01:00:00,111.0,72.07883,38.921173095703125
2017-01-17 02:00:00,112.0,71.59501,40.404991149902344
2017-01-17 03:00:00,123.0,64.80005,58.199951171875
2017-01-17 04:00:00,125.0,65.07598,59.92401885986328
2017-01-17 05:00:00,124.0,63.752953,60.247047424316406
2017-01-17 06:00:00,87.0,66.6216,20.378402709960938
2017-01-17 07:00:00,76.0,68.949715,7.050285339355469
2017-01-17 08:00:00,68.0,70.971855,-2.9718551635742188
2017-01-17 09:00:00,72.0,70.59403,1.4059677124023438
2017-01-17 10:00:00,81.0,73.50825,7.491752624511719
2017-01-17 11:00:00,75.0,69.70057,5.299430847167969
2017-01-17 12:00:00,74.0,66.54794,7.452056884765625
2017-01-17 13:00:00,80.0,68.06335,11.936653137207031
2017-01-17 14:00:00,80.0,74.47041,5.5295867919921875
2017-01-17 15:00:00,85.0,77.00847,7.9915313720703125
2017-01-17 16:00:00,87.0,77.3971,9.602897644042969
2017-01-17 17:00:00,91.0,75.96714,15.032859802246094
2017-01-17 18:00:00,96.0,77.50718,18.492820739746094
2017-01-17 19:00:00,101.0,73.13226,27.86773681640625
2017-01-17 20:00:00,109.0,75.48228,33.517723083496094
2017-01-17 21:00:00,124.0,77.01033,46.98966979980469
2017-01-17 22:00:00,137.0,77.87256,59.12744140625
2017-01-17 23:00:00,126.0,76.30699,49.69300842285156
2017-01-18 00:00:00,127.0,74.31085,52.68914794921875
2017-01-18 01:00:00,125.0,74.6906,50.30940246582031
2017-01-18 02:00:00,127.0,73.42508,53.574920654296875
2017-01-18 03:00:00,136.0,76.164536,59.83546447753906
2017-01-18 04:00:00,136.0,77.491844,58.508155822753906
2017-01-18 05:00:00,121.0,72.18983,48.81017303466797
2017-01-18 06:00:00,90.0,68.95294,21.04705810546875
2017-01-18 07:00:00,90.0,62.8423,27.157699584960938
2017-01-18 08:00:00,72.0,66.11392,5.886077880859375
2017-01-18 09:00:00,81.0,67.44801,13.551986694335938
2017-01-18 10:00:00,88.0,68.708015,19.29198455810547
2017-01-18 11:00:00,105.0,72.17114,32.828857421875
2017-01-18 12:00:00,107.0,71.05019,35.949806213378906
2017-01-18 13:00:00,119.0,70.386,48.61399841308594
2017-01-18 14:00:00,110.0,87.48075,22.519248962402344
2017-01-18 15:00:00,109.0,95.60819,13.391807556152344
2017-01-18 16:00:00,93.0,96.73122,-3.7312164306640625
2017-01-18 17:00:00,101.0,97.03339,3.96661376953125
2017-01-18 18:00:00,113.0,97.05183,15.948173522949219
2017-01-18 19:00:00,106.0,94.19669,11.803306579589844
2017-01-18 20:00:00,106.0,82.06276,23.937240600585938
2017-01-18 21:00:00,105.0,84.991974,20.008026123046875
2017-01-18 23:00:00,123.0,96.70071,26.299293518066406
2017-01-19 00:00:00,121.0,94.32498,26.675018310546875
2017-01-19 01:00:00,130.0,88.23317,41.76683044433594
2017-01-19 02:00:00,118.0,82.74612,35.253883361816406
2017-01-19 03:00:00,110.0,86.45249,23.547508239746094
2017-01-19 04:00:00,120.0,83.41298,36.58702087402344
2017-01-19 05:00:00,101.0,80.01493,20.985069274902344
2017-01-19 06:00:00,100.0,78.98376,21.01624298095703
2017-01-19 07:00:00,86.0,69.44251,16.55748748779297
2017-01-19 08:00:00,88.0,66.89607,21.103927612304688
2017-01-19 09:00:00,93.0,70.76109,22.238906860351562
2017-01-19 10:00:00,122.0,72.73639,49.26361083984375
2017-01-19 11:00:00,123.0,81.434364,41.565635681152344
2017-01-19 12:00:00,125.0,88.429886,36.57011413574219
2017-01-19 13:00:00,118.0,80.90033,37.09967041015625
2017-01-19 14:00:00,123.0,92.08583,30.914169311523438
2017-01-19 15:00:00,136.0,92.93256,43.06743621826172
2017-01-19 16:00:00,140.0,90.744576,49.25542449951172
2017-01-19 17:00:00,149.0,90.61616,58.38384246826172
2017-01-19 18:00:00,136.0,83.07406,52.925941467285156
2017-01-19 19:00:00,143.0,84.252365,58.74763488769531
2017-01-19 20:00:00,138.0,79.26271,58.73728942871094
2017-01-19 21:00:00,138.0,80.19401,57.805992126464844
2017-01-19 22:00:00,141.0,87.76128,53.23872375488281
2017-01-19 23:00:00,137.0,75.5337,61.46630096435547
2017-01-20 00:00:00,139.0,86.960396,52.03960418701172
2017-01-20 01:00:00,154.0,86.53932,67.46067810058594
2017-01-20 02:00:00,153.0,95.6258,57.37419891357422
2017-01-20 03:00:00,150.0,78.066475,71.93352508544922
2017-01-20 04:00:00,188.0,76.345024,111.65497589111328
2017-01-20 05:00:00,195.0,64.26894,130.7310562133789
2017-01-20 06:00:00,125.0,53.790855,71.20914459228516
2017-01-20 07:00:00,158.0,69.344795,88.65520477294922
2017-01-20 09:00:00,213.0,62.692417,150.3075828552246
2017-01-20 10:00:00,211.0,65.245056,145.75494384765625
2017-01-20 11:00:00,200.0,74.530426,125.46957397460938
2017-01-20 12:00:00,192.0,85.28193,106.71807098388672
2017-01-20 13:00:00,181.0,88.55049,92.44950866699219
2017-01-20 14:00:00,181.0,89.78725,91.21275329589844
2017-01-20 15:00:00,197.0,89.57215,107.42784881591797
2017-01-20 16:00:00,201.0,94.70264,106.29736328125
2017-01-20 17:00:00,190.0,100.851204,89.14879608154297
2017-01-20 18:00:00,194.0,97.3307,96.66929626464844
2017-01-20 19:00:00,203.0,102.01561,100.98439025878906
2017-01-20 20:00:00,236.0,110.218956,125.78104400634766
2017-01-20 21:00:00,236.0,111.39019,124.60980987548828
2017-01-20 22:00:00,242.0,86.48804,155.511962890625
2017-01-20 23:00:00,237.0,90.76718,146.23281860351562
2017-01-22 00:00:00,156.0,124.056435,31.943565368652344
2017-01-22 01:00:00,160.0,120.924614,39.07538604736328
2017-01-22 02:00:00,156.0,122.20321,33.796791076660156
2017-01-22 03:00:00,168.0,122.39578,45.604217529296875
2017-01-22 04:00:00,171.0,108.798164,62.20183563232422
2017-01-22 05:00:00,152.0,98.52372,53.476280212402344
2017-01-22 06:00:00,131.0,102.1292,28.87079620361328
2017-01-22 07:00:00,126.0,93.03182,32.968177795410156
2017-01-22 08:00:00,134.0,73.78898,60.211021423339844
2017-01-22 09:00:00,143.0,77.822395,65.17760467529297
2017-01-22 10:00:00,133.0,78.12835,54.87165069580078
2017-01-22 11:00:00,140.0,79.01845,60.98155212402344
2017-01-22 12:00:00,153.0,82.81215,70.18785095214844
2017-01-22 13:00:00,159.0,84.64643,74.35356903076172
2017-01-22 14:00:00,165.0,89.87878,75.12122344970703
2017-01-22 15:00:00,163.0,93.84977,69.15023040771484
2017-01-22 16:00:00,175.0,97.549835,77.45016479492188
2017-01-22 17:00:00,165.0,98.369774,66.6302261352539
2017-01-22 18:00:00,174.0,100.49941,73.5005874633789
2017-01-22 19:00:00,174.0,105.128006,68.87199401855469
2017-01-22 20:00:00,174.0,108.86676,65.13323974609375
2017-01-22 21:00:00,180.0,103.45388,76.5461196899414
2017-01-22 22:00:00,176.0,97.528305,78.47169494628906
2017-01-22 23:00:00,175.0,98.22021,76.77979278564453
2017-01-23 00:00:00,175.0,81.80557,93.19442749023438
2017-01-23 01:00:00,185.0,86.64369,98.35630798339844
2017-01-23 02:00:00,200.0,83.632675,116.36732482910156
2017-01-23 03:00:00,195.0,79.80674,115.1932601928711
2017-01-23 04:00:00,174.0,79.65514,94.34485626220703
2017-01-23 05:00:00,164.0,77.119835,86.88016510009766
2017-01-23 06:00:00,137.0,77.353966,59.646034240722656
2017-01-23 07:00:00,136.0,72.632,63.36799621582031
2017-01-23 08:00:00,135.0,68.141235,66.8587646484375
2017-01-23 09:00:00,137.0,69.49735,67.50264739990234
2017-01-23 10:00:00,128.0,76.161026,51.83897399902344
2017-01-23 11:00:00,143.0,76.08715,66.91284942626953
2017-01-23 12:00:00,156.0,72.94202,83.0579833984375
2017-01-23 13:00:00,150.0,72.35754,77.64246368408203
2017-01-23 14:00:00,157.0,80.29209,76.7079086303711
2017-01-23 15:00:00,164.0,81.00814,82.99185943603516
2017-01-23 16:00:00,179.0,80.81936,98.1806411743164
2017-01-23 17:00:00,171.0,89.173355,81.82664489746094
2017-01-23 18:00:00,173.0,85.676155,87.32384490966797
2017-01-23 19:00:00,170.0,86.53042,83.4695816040039
2017-01-23 20:00:00,160.0,88.39632,71.60368347167969
2017-01-23 21:00:00,157.0,86.07522,70.9247817993164
2017-01-23 22:00:00,152.0,83.488335,68.51166534423828
2017-01-23 23:00:00,168.0,82.47273,85.52726745605469
2017-01-24 00:00:00,175.0,94.07028,80.92971801757812
2017-01-24 01:00:00,187.0,96.798836,90.20116424560547
2017-01-24 02:00:00,221.0,94.88066,126.11933898925781
2017-01-24 03:00:00,220.0,94.71247,125.28752899169922
2017-01-24 04:00:00,214.0,95.690735,118.30926513671875
2017-01-24 05:00:00,195.0,94.15328,100.84671783447266
2017-01-24 06:00:00,170.0,89.673416,80.32658386230469
2017-01-24 07:00:00,159.0,88.23233,70.76766967773438
2017-01-24 08:00:00,154.0,86.67364,67.32636260986328
2017-01-24 09:00:00,175.0,89.28128,85.71871948242188
2017-01-24 10:00:00,179.0,93.47102,85.52897644042969
2017-01-24 11:00:00,190.0,93.58626,96.41374206542969
2017-01-24 12:00:00,194.0,91.59287,102.4071273803711
2017-01-24 13:00:00,220.0,91.4504,128.54959869384766
2017-01-24 14:00:00,255.0,96.77424,158.22576141357422
2017-01-24 15:00:00,253.0,96.34713,156.65287017822266
2017-01-24 16:00:00,251.0,94.43058,156.56941986083984
2017-01-24 17:00:00,254.0,107.54625,146.45375061035156
2017-01-24 18:00:00,240.0,110.326454,129.67354583740234
2017-01-24 19:00:00,228.0,106.73644,121.26355743408203
2017-01-24 20:00:00,229.0,107.8132,121.18679809570312
2017-01-24 21:00:00,234.0,107.16066,126.83934020996094
2017-01-24 22:00:00,230.0,113.705734,116.29426574707031
2017-01-24 23:00:00,228.0,126.18734,101.81266021728516
2017-01-25 00:00:00,222.0,123.06904,98.93096160888672
2017-01-25 01:00:00,213.0,125.993324,87.00667572021484
2017-01-25 02:00:00,197.0,123.613304,73.3866958618164
2017-01-25 03:00:00,173.0,108.498085,64.50191497802734
2017-01-25 04:00:00,145.0,102.46065,42.53935241699219
2017-01-25 05:00:00,126.0,105.66345,20.3365478515625
2017-01-25 06:00:00,186.0,98.673645,87.32635498046875
2017-01-25 07:00:00,153.0,102.76889,50.231109619140625
2017-01-25 08:00:00,132.0,105.100845,26.899154663085938
2017-01-25 09:00:00,107.0,102.07562,4.92437744140625
2017-01-25 10:00:00,106.0,101.57898,4.4210205078125
2017-01-25 11:00:00,141.0,102.721306,38.27869415283203
2017-01-25 12:00:00,141.0,108.6107,32.38929748535156
2017-01-25 13:00:00,140.0,106.26751,33.73249053955078
2017-01-25 14:00:00,155.0,104.88795,50.11205291748047
2017-01-25 15:00:00,188.0,111.48162,76.51837921142578
2017-01-25 16:00:00,196.0,108.781845,87.21815490722656
2017-01-25 17:00:00,199.0,115.36146,83.63854217529297
2017-01-25 18:00:00,216.0,115.60805,100.39195251464844
2017-01-25 19:00:00,223.0,118.09082,104.9091796875
2017-01-25 20:00:00,229.0,121.318855,107.68114471435547
2017-01-25 21:00:00,237.0,119.66725,117.33274841308594
2017-01-25 22:00:00,257.0,120.42395,136.5760498046875
2017-01-25 23:00:00,266.0,120.33188,145.66812133789062
2017-01-26 00:00:00,269.0,121.967,147.03299713134766
2017-01-26 01:00:00,255.0,119.211365,135.78863525390625
2017-01-26 02:00:00,237.0,117.552345,119.4476547241211
2017-01-26 03:00:00,235.0,112.59435,122.40564727783203
2017-01-26 04:00:00,241.0,108.49,132.51000213623047
2017-01-26 05:00:00,199.0,107.6316,91.36840057373047
2017-01-26 06:00:00,150.0,106.63136,43.36863708496094
2017-01-26 07:00:00,144.0,100.94675,43.053253173828125
2017-01-26 08:00:00,85.0,102.5494,-17.549400329589844
2017-01-26 09:00:00,83.0,106.73136,-23.731361389160156
2017-01-26 10:00:00,88.0,108.31009,-20.310089111328125
2017-01-26 11:00:00,96.0,109.93055,-13.930549621582031
2017-01-26 12:00:00,99.0,114.58962,-15.589622497558594
2017-01-26 13:00:00,90.0,110.36755,-20.3675537109375
2017-01-26 14:00:00,70.0,112.06784,-42.067840576171875
2017-01-26 15:00:00,63.0,108.36252,-45.362518310546875
2017-01-26 16:00:00,64.0,108.23091,-44.23091125488281
2017-01-26 17:00:00,78.0,109.546906,-31.546905517578125
2017-01-26 18:00:00,90.0,112.316734,-22.316734313964844
2017-01-26 19:00:00,87.0,116.48691,-29.486907958984375
2017-01-26 20:00:00,84.0,115.691795,-31.691795349121094
2017-01-26 21:00:00,79.0,117.20485,-38.20484924316406
2017-01-26 22:00:00,110.0,115.686264,-5.6862640380859375
2017-01-26 23:00:00,114.0,115.703606,-1.7036056518554688
2017-01-27 00:00:00,121.0,108.80736,12.192642211914062
2017-01-27 01:00:00,122.0,114.43617,7.5638275146484375
2017-01-27 02:00:00,105.0,111.060936,-6.060935974121094
2017-01-27 03:00:00,72.0,106.35164,-34.35163879394531
2017-01-27 04:00:00,63.0,108.16563,-45.165626525878906
2017-01-27 05:00:00,55.0,98.22646,-43.226463317871094
2017-01-27 06:00:00,51.0,99.14697,-48.14697265625
2017-01-27 07:00:00,41.0,91.84283,-50.84282684326172
2017-01-27 08:00:00,40.0,79.111084,-39.111083984375
2017-01-27 09:00:00,45.0,76.60209,-31.602088928222656
2017-01-27 10:00:00,44.0,78.639915,-34.639915466308594
2017-01-27 11:00:00,51.0,80.726906,-29.726905822753906
2017-01-27 12:00:00,53.0,78.12807,-25.128067016601562
2017-01-27 13:00:00,76.0,88.723045,-12.723045349121094
2017-01-27 14:00:00,70.0,90.06472,-20.064720153808594
2017-01-27 15:00:00,86.0,95.7644,-9.764396667480469
2017-01-27 16:00:00,98.0,97.78485,0.21514892578125
2017-01-27 17:00:00,105.0,96.57389,8.426109313964844
2017-01-27 18:00:00,107.0,105.29024,1.7097625732421875
2017-01-27 19:00:00,96.0,103.780815,-7.780815124511719
2017-01-27 20:00:00,69.0,98.9222,-29.922203063964844
2017-01-27 21:00:00,61.0,93.35464,-32.354637145996094
2017-01-27 22:00:00,53.0,74.583145,-21.583145141601562
2017-01-27 23:00:00,111.0,90.03125,20.96875
2017-01-28 00:00:00,103.0,85.916245,17.083755493164062
2017-01-28 01:00:00,101.0,92.188095,8.811904907226562
2017-01-28 02:00:00,91.0,91.35023,-0.35022735595703125
2017-01-28 03:00:00,75.0,93.423935,-18.423934936523438
2017-01-28 04:00:00,66.0,93.35119,-27.35118865966797
2017-01-28 05:00:00,65.0,88.04526,-23.045257568359375
2017-01-28 06:00:00,70.0,88.69264,-18.692642211914062
2017-01-28 07:00:00,65.0,87.76215,-22.76215362548828
2017-01-28 08:00:00,48.0,82.29692,-34.29692077636719
2017-01-28 09:00:00,56.0,90.50585,-34.50585174560547
2017-01-28 10:00:00,75.0,89.210846,-14.210845947265625
2017-01-28 11:00:00,67.0,89.38277,-22.382766723632812
2017-01-28 12:00:00,62.0,86.40223,-24.40222930908203
2017-01-28 13:00:00,70.0,84.55376,-14.553756713867188
2017-01-28 14:00:00,66.0,89.071205,-23.071205139160156
2017-01-28 15:00:00,63.0,100.125496,-37.12549591064453
2017-01-28 16:00:00,64.0,101.64862,-37.64862060546875
2017-01-28 17:00:00,77.0,94.72081,-17.720809936523438
2017-01-28 18:00:00,76.0,97.76468,-21.764678955078125
2017-01-28 19:00:00,74.0,94.10261,-20.10260772705078
2017-01-28 20:00:00,64.0,92.95787,-28.957870483398438
2017-01-28 21:00:00,62.0,94.522484,-32.522483825683594
2017-01-28 22:00:00,62.0,91.08542,-29.085418701171875
2017-01-28 23:00:00,63.0,92.44704,-29.447036743164062
2017-01-29 00:00:00,66.0,98.070595,-32.070594787597656
2017-01-29 01:00:00,59.0,96.66896,-37.66896057128906
2017-01-29 02:00:00,44.0,103.831474,-59.83147430419922
2017-01-29 03:00:00,42.0,105.19931,-63.199310302734375
2017-01-29 04:00:00,40.0,105.30442,-65.3044204711914
2017-01-29 05:00:00,38.0,92.14467,-54.14466857910156
2017-01-29 06:00:00,39.0,88.33163,-49.331626892089844
2017-01-29 07:00:00,35.0,85.063515,-50.063514709472656
2017-01-29 08:00:00,29.0,66.03641,-37.036407470703125
2017-01-29 09:00:00,28.0,78.95315,-50.953147888183594
2017-01-29 10:00:00,29.0,78.46219,-49.462188720703125
2017-01-29 11:00:00,36.0,79.111435,-43.11143493652344
2017-01-29 12:00:00,37.0,77.7569,-40.75689697265625
2017-01-29 13:00:00,37.0,78.03418,-41.0341796875
2017-01-29 14:00:00,49.0,83.38522,-34.385223388671875
2017-01-29 15:00:00,42.0,87.67445,-45.67445373535156
2017-01-29 16:00:00,46.0,87.79733,-41.797332763671875
2017-01-29 17:00:00,44.0,88.96747,-44.96746826171875
2017-01-29 18:00:00,48.0,90.053276,-42.05327606201172
2017-01-29 19:00:00,45.0,89.66803,-44.66802978515625
2017-01-29 20:00:00,41.0,90.89661,-49.8966064453125
2017-01-29 21:00:00,50.0,92.877525,-42.877525329589844
2017-01-29 22:00:00,46.0,89.6786,-43.67859649658203
2017-01-29 23:00:00,46.0,89.7678,-43.767799377441406
2017-01-30 00:00:00,45.0,74.36827,-29.368270874023438
2017-01-30 01:00:00,46.0,70.545525,-24.54552459716797
2017-01-30 02:00:00,41.0,68.73149,-27.731491088867188
2017-01-30 03:00:00,41.0,71.65028,-30.650283813476562
2017-01-30 04:00:00,39.0,67.08671,-28.086708068847656
2017-01-30 05:00:00,51.0,67.648994,-16.64899444580078
2017-01-30 06:00:00,42.0,66.854256,-24.85425567626953
2017-01-30 07:00:00,42.0,65.26139,-23.261390686035156
2017-01-30 08:00:00,44.0,63.411503,-19.411502838134766
2017-01-30 09:00:00,41.0,62.013885,-21.013885498046875
2017-01-30 10:00:00,54.0,63.94224,-9.942241668701172
2017-01-30 11:00:00,60.0,66.804726,-6.804725646972656
2017-01-30 12:00:00,61.0,67.489006,-6.489006042480469
2017-01-30 13:00:00,65.0,66.35559,-1.3555908203125
2017-01-30 14:00:00,67.0,63.998905,3.0010948181152344
2017-01-30 15:00:00,59.0,68.69706,-9.697059631347656
2017-01-30 16:00:00,73.0,68.86288,4.137123107910156
2017-01-30 17:00:00,60.0,70.44002,-10.440017700195312
2017-01-30 18:00:00,56.0,70.62401,-14.624008178710938
2017-01-30 19:00:00,52.0,67.54284,-15.542839050292969
2017-01-30 20:00:00,53.0,66.27469,-13.274688720703125
2017-01-30 21:00:00,53.0,66.16341,-13.163406372070312
2017-01-30 22:00:00,58.0,69.772644,-11.77264404296875
2017-01-30 23:00:00,60.0,70.96329,-10.963287353515625
2017-01-31 00:00:00,61.0,99.51098,-38.51097869873047
2017-01-31 01:00:00,65.0,110.87632,-45.876319885253906
2017-01-31 02:00:00,73.0,103.44473,-30.444732666015625
2017-01-31 03:00:00,71.0,89.765366,-18.765365600585938
2017-01-31 04:00:00,65.0,86.063576,-21.063575744628906
2017-01-31 05:00:00,63.0,84.32193,-21.321929931640625
2017-01-31 06:00:00,61.0,81.5965,-20.59649658203125
2017-01-31 07:00:00,58.0,77.1849,-19.184898376464844
2017-01-31 08:00:00,57.0,73.69306,-16.69306182861328
2017-01-31 09:00:00,64.0,73.7243,-9.724296569824219
2017-01-31 10:00:00,69.0,74.88897,-5.888969421386719
2017-01-31 11:00:00,69.0,84.73042,-15.730422973632812
2017-01-31 12:00:00,74.0,87.08386,-13.0838623046875
2017-01-31 13:00:00,68.0,84.757675,-16.757675170898438
2017-01-31 14:00:00,61.0,79.73674,-18.736740112304688
2017-01-31 15:00:00,59.0,87.62373,-28.623733520507812
2017-01-31 16:00:00,67.0,84.21818,-17.218177795410156
2017-01-31 17:00:00,70.0,88.578445,-18.578445434570312
2017-01-31 18:00:00,69.0,84.28909,-15.289093017578125
2017-01-31 19:00:00,65.0,83.95887,-18.95886993408203
2017-01-31 20:00:00,65.0,83.21799,-18.217987060546875
2017-01-31 21:00:00,70.0,92.66912,-22.66912078857422
2017-01-31 22:00:00,70.0,88.02913,-18.029129028320312
2017-01-31 23:00:00,69.0,87.39302,-18.393020629882812
2017-02-01 00:00:00,67.0,91.68751,-24.68750762939453
2017-02-01 01:00:00,64.0,92.107635,-28.107635498046875
2017-02-01 02:00:00,65.0,85.627335,-20.627334594726562
2017-02-01 03:00:00,62.0,82.90908,-20.909080505371094
2017-02-01 04:00:00,64.0,77.03395,-13.033950805664062
2017-02-01 05:00:00,73.0,75.03497,-2.03497314453125
2017-02-01 06:00:00,65.0,70.633575,-5.633575439453125
2017-02-01 07:00:00,63.0,64.41992,-1.419921875
2017-02-01 08:00:00,68.0,66.56893,1.4310684204101562
2017-02-01 09:00:00,65.0,69.28455,-4.284553527832031
2017-02-01 10:00:00,79.0,73.137695,5.8623046875
2017-02-01 11:00:00,68.0,79.19764,-11.197639465332031
2017-02-01 12:00:00,74.0,72.420044,1.5799560546875
2017-02-01 13:00:00,75.0,76.89847,-1.898468017578125
2017-02-01 14:00:00,75.0,80.897446,-5.8974456787109375
2017-02-01 15:00:00,82.0,83.41215,-1.4121475219726562
2017-02-01 16:00:00,75.0,80.591736,-5.59173583984375
2017-02-01 18:00:00,81.0,84.35239,-3.352386474609375
2017-02-01 19:00:00,68.0,82.02331,-14.023307800292969
2017-02-01 20:00:00,70.0,76.59313,-6.593132019042969
2017-02-01 21:00:00,67.0,79.990105,-12.990104675292969
2017-02-01 22:00:00,73.0,78.803276,-5.803276062011719
2017-02-01 23:00:00,71.0,82.75265,-11.752647399902344
2017-02-02 00:00:00,76.0,87.757614,-11.757614135742188
2017-02-02 01:00:00,75.0,80.45968,-5.459678649902344
2017-02-02 02:00:00,80.0,84.16149,-4.161491394042969
2017-02-02 03:00:00,85.0,85.40141,-0.4014129638671875
2017-02-02 04:00:00,75.0,81.007286,-6.007286071777344
2017-02-02 05:00:00,80.0,83.175285,-3.1752853393554688
2017-02-02 06:00:00,70.0,82.26593,-12.26593017578125
2017-02-02 07:00:00,71.0,82.159065,-11.159065246582031
2017-02-02 08:00:00,64.0,78.22221,-14.222213745117188
2017-02-02 09:00:00,59.0,80.97344,-21.97344207763672
2017-02-02 10:00:00,72.0,83.24071,-11.240707397460938
2017-02-02 12:00:00,77.0,91.6757,-14.675697326660156
2017-02-02 13:00:00,80.0,91.92713,-11.927131652832031
2017-02-02 14:00:00,86.0,91.631195,-5.631195068359375
2017-02-03 20:00:00,84.0,76.25659,7.743408203125
2017-02-04 02:00:00,103.0,91.736084,11.263916015625
2017-02-04 03:00:00,109.0,90.42228,18.577720642089844
2017-02-04 04:00:00,110.0,84.093475,25.906524658203125
2017-02-04 05:00:00,103.0,87.55043,15.449569702148438
2017-02-04 06:00:00,100.0,79.060165,20.939834594726562
2017-02-04 07:00:00,101.0,77.68692,23.313079833984375
2017-02-04 08:00:00,91.0,73.93326,17.066741943359375
2017-02-04 09:00:00,88.0,74.80207,13.197929382324219
2017-02-04 10:00:00,98.0,77.91642,20.083580017089844
2017-02-04 11:00:00,106.0,79.94467,26.055328369140625
2017-02-04 12:00:00,113.0,78.43076,34.569236755371094
2017-02-04 13:00:00,111.0,75.69842,35.30158233642578
2017-02-04 14:00:00,109.0,80.35254,28.6474609375
2017-02-04 15:00:00,101.0,78.2442,22.75579833984375
2017-02-04 16:00:00,74.0,82.97662,-8.97662353515625
2017-02-04 17:00:00,88.0,91.42604,-3.4260406494140625
2017-02-04 18:00:00,60.0,83.98792,-23.98792266845703
2017-02-04 19:00:00,53.0,89.31524,-36.31523895263672
2017-02-04 20:00:00,40.0,87.07785,-47.077850341796875
2017-02-04 21:00:00,22.0,85.75976,-63.75975799560547
2017-02-04 22:00:00,14.0,87.7171,-73.71710205078125
2017-02-04 23:00:00,13.0,93.7256,-80.72560119628906
2017-02-05 00:00:00,15.0,89.04941,-74.04940795898438
2017-02-05 01:00:00,13.0,89.92219,-76.92218780517578
2017-02-05 02:00:00,14.0,90.57778,-76.5777816772461
2017-02-05 03:00:00,18.0,82.86188,-64.86187744140625
2017-02-05 04:00:00,17.0,74.889534,-57.88953399658203
2017-02-05 05:00:00,19.0,64.92013,-45.920127868652344
2017-02-05 06:00:00,21.0,62.11583,-41.11582946777344
2017-02-05 07:00:00,15.0,56.303608,-41.30360794067383
2017-02-05 08:00:00,16.0,56.76767,-40.767669677734375
2017-02-05 09:00:00,21.0,56.421593,-35.421592712402344
2017-02-05 10:00:00,27.0,58.541527,-31.541526794433594
2017-02-05 11:00:00,32.0,68.44796,-36.447959899902344
2017-02-05 12:00:00,29.0,63.669273,-34.669273376464844
2017-02-05 13:00:00,30.0,80.537796,-50.53779602050781
2017-02-05 14:00:00,31.0,80.35119,-49.35118865966797
2017-02-05 15:00:00,38.0,93.01105,-55.01104736328125
2017-02-05 16:00:00,38.0,96.42438,-58.42437744140625
2017-02-05 17:00:00,43.0,98.24295,-55.242950439453125
2017-02-05 18:00:00,39.0,102.21646,-63.216461181640625
2017-02-05 19:00:00,34.0,97.43865,-63.43865203857422
2017-02-05 20:00:00,37.0,96.96571,-59.96571350097656
2017-02-05 21:00:00,36.0,90.409485,-54.40948486328125
2017-02-05 22:00:00,33.0,81.18144,-48.18144226074219
2017-02-05 23:00:00,36.0,101.20564,-65.20564270019531
2017-02-06 00:00:00,33.0,87.961334,-54.961334228515625
2017-02-06 01:00:00,39.0,86.52753,-47.52752685546875
2017-02-06 02:00:00,38.0,84.52826,-46.52825927734375
