timestamp,actual_pm25,persistence_prediction,seasonal_prediction,xgboost_prediction
2016-11-15 14:00:00,118.0,154.0,59.06834249803614,68.896576
2016-11-15 15:00:00,143.0,163.0,59.06834249803614,71.38076
2016-11-15 16:00:00,162.0,151.0,59.06834249803614,75.36831
2016-11-15 17:00:00,162.0,142.0,59.06834249803614,67.901855
2016-11-15 18:00:00,174.0,135.0,59.06834249803614,67.27419
2016-11-15 19:00:00,171.0,113.0,59.06834249803614,64.82441
2016-11-15 20:00:00,164.0,107.0,59.06834249803614,71.358826
2016-11-15 21:00:00,153.0,110.0,59.06834249803614,76.65178
2016-11-15 22:00:00,150.0,119.0,59.06834249803614,78.27243
2016-11-15 23:00:00,160.0,114.0,59.06834249803614,80.85481
2016-11-16 00:00:00,140.0,121.0,59.06834249803614,73.28572
2016-11-16 01:00:00,163.0,129.0,59.06834249803614,80.387375
2016-11-16 02:00:00,187.0,116.0,59.06834249803614,78.736206
2016-11-16 11:00:00,101.0,142.0,59.06834249803614,72.46019
2016-11-16 19:00:00,122.0,152.0,59.06834249803614,61.790867
2016-11-16 20:00:00,84.0,150.0,59.06834249803614,59.8045
2016-11-16 21:00:00,76.0,140.0,59.06834249803614,62.393497
2016-11-16 22:00:00,75.0,116.0,59.06834249803614,64.697395
2016-11-17 00:00:00,76.0,138.0,59.06834249803614,63.50801
2016-11-17 01:00:00,85.0,135.0,59.06834249803614,64.96426
2016-11-17 02:00:00,97.0,144.0,59.06834249803614,56.984467
2016-11-17 03:00:00,95.0,144.0,59.06834249803614,56.37916
2016-11-17 04:00:00,101.0,122.0,59.06834249803614,53.96312
2016-11-17 05:00:00,109.0,106.0,59.06834249803614,53.418816
2016-11-17 06:00:00,112.0,108.0,59.06834249803614,51.08491
2016-11-17 07:00:00,93.0,91.0,59.06834249803614,50.519623
2016-11-17 08:00:00,92.0,102.0,59.06834249803614,54.109737
2016-11-17 09:00:00,81.0,99.0,59.06834249803614,56.21966
2016-11-17 10:00:00,106.0,98.0,59.06834249803614,59.603096
2016-11-17 11:00:00,122.0,120.0,59.06834249803614,71.89377
2016-11-17 12:00:00,130.0,95.0,59.06834249803614,65.08818
2016-11-17 13:00:00,127.0,97.0,59.06834249803614,68.09533
2016-11-17 14:00:00,134.0,98.0,59.06834249803614,65.7385
2016-11-17 15:00:00,155.0,116.0,59.06834249803614,70.61272
2016-11-17 16:00:00,138.0,120.0,59.06834249803614,72.0562
2016-11-17 17:00:00,134.0,128.0,59.06834249803614,65.59681
2016-11-17 18:00:00,138.0,121.0,59.06834249803614,67.277275
2016-11-17 19:00:00,141.0,125.0,59.06834249803614,63.65182
2016-11-17 20:00:00,135.0,130.0,59.06834249803614,60.68022
2016-11-17 21:00:00,142.0,107.0,59.06834249803614,62.1824
2016-11-17 23:00:00,145.0,141.0,59.06834249803614,60.748436
2016-11-18 00:00:00,148.0,135.0,59.06834249803614,60.174725
2016-11-18 01:00:00,140.0,160.0,59.06834249803614,59.415863
2016-11-18 02:00:00,148.0,177.0,59.06834249803614,58.28801
2016-11-18 03:00:00,152.0,173.0,59.06834249803614,62.03727
2016-11-18 04:00:00,153.0,172.0,59.06834249803614,59.545853
2016-11-18 05:00:00,146.0,174.0,59.06834249803614,58.980076
2016-11-18 06:00:00,134.0,164.0,59.06834249803614,59.62817
2016-11-18 07:00:00,135.0,133.0,59.06834249803614,61.51156
2016-11-18 08:00:00,110.0,141.0,59.06834249803614,63.776817
2016-11-18 09:00:00,112.0,140.0,59.06834249803614,65.33266
2016-11-18 10:00:00,130.0,133.0,59.06834249803614,70.41834
2016-11-18 12:00:00,113.0,141.0,59.06834249803614,80.503944
2016-11-18 13:00:00,114.0,130.0,59.06834249803614,85.36491
2016-11-18 14:00:00,113.0,105.0,59.06834249803614,83.990715
2016-11-18 15:00:00,109.0,117.0,59.06834249803614,86.7864
2016-11-18 16:00:00,107.0,116.0,59.06834249803614,83.858376
2016-11-18 17:00:00,111.0,114.0,59.06834249803614,84.86715
2016-11-18 18:00:00,124.0,116.0,59.06834249803614,87.145454
2016-11-18 19:00:00,121.0,117.0,59.06834249803614,84.263245
2016-11-18 20:00:00,117.0,110.0,59.06834249803614,84.659805
2016-11-18 21:00:00,123.0,93.0,59.06834249803614,80.96744
2016-11-18 22:00:00,124.0,95.0,59.06834249803614,78.51826
2016-11-18 23:00:00,122.0,94.0,59.06834249803614,85.17589
2016-11-19 00:00:00,132.0,98.0,59.06834249803614,76.948814
2016-11-19 01:00:00,144.0,101.0,59.06834249803614,80.79765
2016-11-19 02:00:00,152.0,114.0,59.06834249803614,81.98645
2016-11-19 03:00:00,152.0,105.0,59.06834249803614,76.53209
2016-11-19 04:00:00,168.0,101.0,59.06834249803614,69.07491
2016-11-19 05:00:00,174.0,97.0,59.06834249803614,63.98771
2016-11-19 06:00:00,179.0,93.0,59.06834249803614,65.49505
2016-11-19 07:00:00,170.0,70.0,59.06834249803614,63.011955
2016-11-19 08:00:00,170.0,54.0,59.06834249803614,64.326225
2016-11-19 09:00:00,170.0,49.0,59.06834249803614,65.37578
2016-11-19 10:00:00,162.0,61.0,59.06834249803614,69.195885
2016-11-19 11:00:00,152.0,132.0,59.06834249803614,78.69563
2016-11-19 12:00:00,160.0,126.0,59.06834249803614,77.91095
2016-11-19 13:00:00,167.0,110.0,59.06834249803614,73.40671
2016-11-19 14:00:00,161.0,115.0,59.06834249803614,75.448494
2016-11-19 15:00:00,160.0,125.0,59.06834249803614,76.801315
2016-11-19 16:00:00,182.0,120.0,59.06834249803614,76.32416
2016-11-19 17:00:00,186.0,134.0,59.06834249803614,76.43649
2016-11-19 18:00:00,155.0,128.0,59.06834249803614,75.710144
2016-11-19 19:00:00,148.0,148.0,59.06834249803614,78.25469
2016-11-19 20:00:00,151.0,150.0,59.06834249803614,79.152405
2016-11-19 21:00:00,159.0,158.0,59.06834249803614,80.16555
2016-11-19 22:00:00,178.0,140.0,59.06834249803614,82.24535
2016-11-19 23:00:00,169.0,135.0,59.06834249803614,89.40808
2016-11-20 00:00:00,166.0,109.0,59.06834249803614,88.22472
2016-11-20 01:00:00,173.0,106.0,59.06834249803614,81.23605
2016-11-20 02:00:00,180.0,97.0,59.06834249803614,76.975006
2016-11-20 03:00:00,187.0,105.0,59.06834249803614,81.91731
2016-11-20 04:00:00,200.0,77.0,59.06834249803614,80.18404
2016-11-20 05:00:00,211.0,67.0,59.06834249803614,87.30379
2016-11-20 06:00:00,208.0,69.0,59.06834249803614,92.85192
2016-11-20 07:00:00,208.0,75.0,59.06834249803614,86.12774
2016-11-20 08:00:00,208.0,67.0,59.06834249803614,86.80424
2016-11-20 09:00:00,196.0,76.0,59.06834249803614,84.51078
2016-11-20 10:00:00,184.0,84.0,59.06834249803614,84.78302
2016-11-20 11:00:00,151.0,89.0,59.06834249803614,82.263626
2016-11-20 12:00:00,132.0,95.0,59.06834249803614,82.45487
2016-11-20 13:00:00,134.0,98.0,59.06834249803614,82.34761
2016-11-20 14:00:00,131.0,102.0,59.06834249803614,81.22348
2016-11-20 15:00:00,131.0,138.0,59.06834249803614,88.29742
2016-11-20 16:00:00,129.0,137.0,59.06834249803614,87.279564
2016-11-20 17:00:00,142.0,134.0,59.06834249803614,85.22416
2016-11-20 18:00:00,148.0,143.0,59.06834249803614,85.68994
2016-11-20 19:00:00,166.0,135.0,59.06834249803614,87.4739
2016-11-20 21:00:00,147.0,175.0,59.06834249803614,86.485405
2016-11-20 22:00:00,162.0,171.0,59.06834249803614,87.84103
2016-11-20 23:00:00,153.0,138.0,59.06834249803614,87.72558
2016-11-21 00:00:00,168.0,143.0,59.06834249803614,77.847496
2016-11-21 01:00:00,169.0,126.0,59.06834249803614,80.09208
2016-11-21 02:00:00,163.0,137.0,59.06834249803614,78.75554
2016-11-21 03:00:00,158.0,153.0,59.06834249803614,81.29593
2016-11-21 04:00:00,159.0,185.0,59.06834249803614,75.706665
2016-11-21 05:00:00,136.0,218.0,59.06834249803614,84.00797
2016-11-21 06:00:00,108.0,178.0,59.06834249803614,77.63709
2016-11-21 07:00:00,95.0,185.0,59.06834249803614,77.34308
2016-11-21 08:00:00,106.0,191.0,59.06834249803614,75.62292
2016-11-21 09:00:00,103.0,187.0,59.06834249803614,77.790474
2016-11-21 10:00:00,113.0,161.0,59.06834249803614,76.888885
2016-11-21 11:00:00,113.0,160.0,59.06834249803614,79.7032
2016-11-21 12:00:00,116.0,163.0,59.06834249803614,77.4653
2016-11-21 13:00:00,103.0,148.0,59.06834249803614,80.76108
2016-11-21 14:00:00,99.0,149.0,59.06834249803614,81.49828
2016-11-21 15:00:00,101.0,129.0,59.06834249803614,80.40197
2016-11-21 18:00:00,102.0,74.0,59.06834249803614,78.57854
2016-11-21 20:00:00,101.0,29.0,59.06834249803614,92.57426
2016-11-21 21:00:00,98.0,28.0,59.06834249803614,99.559616
2016-11-21 23:00:00,101.0,27.0,59.06834249803614,101.15519
2016-11-22 00:00:00,107.0,35.0,59.06834249803614,88.64593
2016-11-22 01:00:00,120.0,28.0,59.06834249803614,81.10194
2016-11-22 02:00:00,115.0,25.0,59.06834249803614,76.47177
2016-11-22 03:00:00,102.0,26.0,59.06834249803614,77.08071
2016-11-22 05:00:00,79.0,22.0,59.06834249803614,80.22557
2016-11-22 06:00:00,61.0,30.0,59.06834249803614,76.38889
2016-11-22 07:00:00,58.0,27.0,59.06834249803614,68.32486
2016-11-22 08:00:00,56.0,27.0,59.06834249803614,68.61854
2016-11-22 09:00:00,63.0,27.0,59.06834249803614,68.523415
2016-11-22 10:00:00,91.0,22.0,59.06834249803614,67.256256
2016-11-22 11:00:00,126.0,27.0,59.06834249803614,74.99656
2016-11-22 12:00:00,129.0,29.0,59.06834249803614,79.22234
2016-11-22 13:00:00,164.0,23.0,59.06834249803614,76.71528
2016-11-22 14:00:00,146.0,27.0,59.06834249803614,71.753944
2016-11-22 15:00:00,147.0,20.0,59.06834249803614,73.65445
2016-11-22 17:00:00,101.0,20.0,59.06834249803614,71.60091
2016-11-22 18:00:00,181.0,22.0,59.06834249803614,73.55431
2016-11-22 19:00:00,147.0,24.0,59.06834249803614,74.54751
2016-11-22 20:00:00,142.0,21.0,59.06834249803614,86.46713
2016-11-22 21:00:00,134.0,20.0,59.06834249803614,93.978004
2016-11-22 22:00:00,122.0,19.0,59.06834249803614,93.33797
2016-11-22 23:00:00,108.0,19.0,59.06834249803614,85.50811
2016-11-23 00:00:00,116.0,19.0,59.06834249803614,64.48226
2016-11-23 01:00:00,118.0,27.0,59.06834249803614,70.229256
2016-11-23 02:00:00,121.0,22.0,59.06834249803614,69.0788
2016-11-23 03:00:00,127.0,30.0,59.06834249803614,69.005936
2016-11-23 04:00:00,132.0,27.0,59.06834249803614,65.89213
2016-11-23 07:00:00,149.0,30.0,59.06834249803614,58.93735
2016-11-23 09:00:00,157.0,31.0,59.06834249803614,55.56708
2016-11-23 10:00:00,150.0,37.0,59.06834249803614,62.62693
2016-11-23 12:00:00,148.0,40.0,59.06834249803614,60.2467
2016-11-23 13:00:00,115.0,40.0,59.06834249803614,58.110157
2016-11-23 14:00:00,127.0,38.0,59.06834249803614,68.06726
2016-11-23 15:00:00,124.0,47.0,59.06834249803614,65.444496
2016-11-23 18:00:00,107.0,46.0,59.06834249803614,70.47749
2016-11-23 19:00:00,102.0,45.0,59.06834249803614,59.660294
2016-11-23 20:00:00,103.0,39.0,59.06834249803614,54.587017
2016-11-23 21:00:00,100.0,31.0,59.06834249803614,61.518368
2016-11-23 22:00:00,90.0,27.0,59.06834249803614,61.491062
2016-11-23 23:00:00,95.0,31.0,59.06834249803614,63.968056
2016-11-27 00:00:00,119.0,92.0,59.06834249803614,68.585724
2016-11-27 01:00:00,121.0,91.0,59.06834249803614,67.996056
2016-11-27 02:00:00,86.0,83.0,59.06834249803614,52.903515
2016-11-27 03:00:00,71.0,80.0,59.06834249803614,56.160145
2016-11-27 04:00:00,75.0,81.0,59.06834249803614,52.97239
2016-11-27 05:00:00,48.0,75.0,59.06834249803614,38.321316
2016-11-27 06:00:00,49.0,70.0,59.06834249803614,35.93709
2016-11-27 07:00:00,58.0,68.0,59.06834249803614,44.15369
2016-11-27 08:00:00,52.0,78.0,59.06834249803614,42.280308
2016-11-27 13:00:00,69.0,94.0,59.06834249803614,54.087055
2016-11-27 14:00:00,72.0,94.0,59.06834249803614,54.899525
2016-11-27 16:00:00,60.0,91.0,59.06834249803614,62.32043
2016-11-27 17:00:00,64.0,107.0,59.06834249803614,68.367836
2016-11-27 18:00:00,69.0,113.0,59.06834249803614,71.46712
2016-11-27 19:00:00,71.0,115.0,59.06834249803614,84.37025
2016-11-27 20:00:00,67.0,120.0,59.06834249803614,83.49107
2016-11-27 22:00:00,73.0,126.0,59.06834249803614,88.51315
2016-11-27 23:00:00,75.0,121.0,59.06834249803614,83.16923
2016-11-28 00:00:00,76.0,121.0,59.06834249803614,65.07371
2016-11-28 01:00:00,74.0,123.0,59.06834249803614,63.243088
2016-11-28 02:00:00,77.0,129.0,59.06834249803614,58.5137
2016-11-28 03:00:00,75.0,132.0,59.06834249803614,62.349205
2016-11-28 04:00:00,54.0,133.0,59.06834249803614,57.5449
2016-11-28 05:00:00,55.0,142.0,59.06834249803614,58.38465
2016-11-28 06:00:00,56.0,120.0,59.06834249803614,60.07344
2016-11-28 07:00:00,58.0,101.0,59.06834249803614,50.29029
2016-11-28 08:00:00,54.0,83.0,59.06834249803614,49.8264
2016-11-28 12:00:00,91.0,147.0,59.06834249803614,65.578186
2016-11-28 13:00:00,97.0,129.0,59.06834249803614,65.36814
2016-11-28 14:00:00,92.0,143.0,59.06834249803614,65.67524
2016-11-28 15:00:00,94.0,133.0,59.06834249803614,68.64702
2016-11-28 17:00:00,112.0,110.0,59.06834249803614,58.142666
2016-11-28 18:00:00,110.0,101.0,59.06834249803614,50.774216
2016-11-28 19:00:00,125.0,96.0,59.06834249803614,50.0914
2016-11-28 20:00:00,121.0,88.0,59.06834249803614,42.126648
2016-11-28 21:00:00,112.0,104.0,59.06834249803614,51.21574
2016-11-28 22:00:00,117.0,88.0,59.06834249803614,52.08133
2016-11-28 23:00:00,119.0,79.0,59.06834249803614,53.59801
2016-11-29 00:00:00,111.0,87.0,59.06834249803614,44.503014
2016-11-29 01:00:00,117.0,88.0,59.06834249803614,43.792953
2016-11-29 02:00:00,100.0,115.0,59.06834249803614,48.255512
2016-11-29 03:00:00,121.0,87.0,59.06834249803614,43.16988
2016-11-29 04:00:00,90.0,53.0,59.06834249803614,45.039913
2016-11-29 05:00:00,74.0,45.0,59.06834249803614,48.865086
2016-11-29 06:00:00,63.0,43.0,59.06834249803614,47.621243
2016-11-29 07:00:00,65.0,47.0,59.06834249803614,51.487125
2016-11-29 08:00:00,70.0,46.0,59.06834249803614,51.320133
2016-11-29 10:00:00,83.0,49.0,59.06834249803614,52.75406
2016-11-29 11:00:00,83.0,62.0,59.06834249803614,57.32167
2016-11-29 12:00:00,76.0,76.0,59.06834249803614,54.48896
2016-11-29 13:00:00,119.0,75.0,59.06834249803614,58.915546
2016-11-29 14:00:00,130.0,90.0,59.06834249803614,59.543488
2016-11-29 15:00:00,116.0,91.0,59.06834249803614,57.832542
2016-11-29 17:00:00,119.0,94.0,59.06834249803614,62.226807
2016-11-29 18:00:00,112.0,116.0,59.06834249803614,65.731255
2016-11-29 19:00:00,105.0,120.0,59.06834249803614,67.7395
2016-11-29 20:00:00,95.0,116.0,59.06834249803614,65.16016
2016-11-29 21:00:00,90.0,101.0,59.06834249803614,59.997692
2016-11-29 22:00:00,92.0,90.0,59.06834249803614,54.960964
2016-11-29 23:00:00,94.0,73.0,59.06834249803614,58.31284
2016-11-30 00:00:00,94.0,101.0,59.06834249803614,60.151768
2016-11-30 01:00:00,92.0,83.0,59.06834249803614,60.33611
2016-11-30 02:00:00,97.0,85.0,59.06834249803614,58.07662
2016-11-30 03:00:00,99.0,79.0,59.06834249803614,64.7935
2016-11-30 04:00:00,104.0,81.0,59.06834249803614,65.91185
2016-11-30 06:00:00,114.0,55.0,59.06834249803614,57.410217
2016-11-30 07:00:00,105.0,55.0,59.06834249803614,56.184544
2016-11-30 08:00:00,116.0,50.0,59.06834249803614,55.66521
2016-11-30 09:00:00,119.0,58.0,59.06834249803614,56.146847
2016-11-30 10:00:00,141.0,69.0,59.06834249803614,61.48884
2016-11-30 11:00:00,117.0,70.0,59.06834249803614,73.103485
2016-11-30 12:00:00,116.0,85.0,59.06834249803614,63.541542
2016-11-30 13:00:00,114.0,93.0,59.06834249803614,63.877323
2016-11-30 14:00:00,109.0,103.0,59.06834249803614,65.056274
2016-11-30 15:00:00,110.0,101.0,59.06834249803614,67.2918
2016-11-30 16:00:00,104.0,100.0,59.06834249803614,66.74241
2016-11-30 17:00:00,102.0,95.0,59.06834249803614,70.853424
2016-11-30 18:00:00,103.0,89.0,59.06834249803614,69.143364
2016-11-30 19:00:00,96.0,80.0,59.06834249803614,66.16401
2016-11-30 20:00:00,95.0,76.0,59.06834249803614,68.389206
2016-11-30 21:00:00,109.0,74.0,59.06834249803614,71.23653
2016-11-30 22:00:00,107.0,69.0,59.06834249803614,69.882195
2016-11-30 23:00:00,105.0,79.0,59.06834249803614,63.443535
2016-12-03 01:00:00,192.0,161.0,59.06834249803614,122.18417
2016-12-03 02:00:00,176.0,178.0,59.06834249803614,111.14091
2016-12-03 03:00:00,194.0,172.0,59.06834249803614,97.57483
2016-12-03 04:00:00,178.0,162.0,59.06834249803614,92.059166
2016-12-03 05:00:00,135.0,153.0,59.06834249803614,88.09111
2016-12-03 06:00:00,126.0,142.0,59.06834249803614,86.84217
2016-12-03 07:00:00,118.0,159.0,59.06834249803614,90.12725
2016-12-03 08:00:00,107.0,167.0,59.06834249803614,86.02811
2016-12-03 09:00:00,97.0,131.0,59.06834249803614,86.53596
2016-12-03 10:00:00,111.0,177.0,59.06834249803614,97.552704
2016-12-04 01:00:00,139.0,185.0,59.06834249803614,109.69839
2016-12-04 02:00:00,169.0,213.0,59.06834249803614,105.49969
2016-12-04 03:00:00,186.0,224.0,59.06834249803614,105.18686
2016-12-04 04:00:00,194.0,234.0,59.06834249803614,98.77655
2016-12-04 05:00:00,182.0,240.0,59.06834249803614,97.731964
2016-12-04 06:00:00,185.0,236.0,59.06834249803614,95.78571
2016-12-04 07:00:00,141.0,230.0,59.06834249803614,84.66993
2016-12-04 08:00:00,158.0,216.0,59.06834249803614,89.71685
2016-12-04 10:00:00,174.0,202.0,59.06834249803614,93.20143
2016-12-04 11:00:00,175.0,209.0,59.06834249803614,96.95978
2016-12-04 12:00:00,207.0,206.0,59.06834249803614,99.04008
2016-12-04 13:00:00,202.0,202.0,59.06834249803614,98.618515
2016-12-04 14:00:00,203.0,196.0,59.06834249803614,99.66513
2016-12-04 15:00:00,198.0,217.0,59.06834249803614,98.80874
2016-12-04 16:00:00,188.0,216.0,59.06834249803614,94.33929
2016-12-04 17:00:00,191.0,211.0,59.06834249803614,91.74482
2016-12-04 18:00:00,194.0,196.0,59.06834249803614,90.96337
2016-12-04 19:00:00,190.0,186.0,59.06834249803614,92.543144
2016-12-04 20:00:00,184.0,183.0,59.06834249803614,81.7036
2016-12-04 21:00:00,184.0,186.0,59.06834249803614,88.949104
2016-12-04 22:00:00,177.0,173.0,59.06834249803614,88.627
2016-12-04 23:00:00,187.0,171.0,59.06834249803614,93.98876
2016-12-05 00:00:00,200.0,159.0,59.06834249803614,81.03103
2016-12-05 01:00:00,200.0,177.0,59.06834249803614,80.2481
2016-12-05 02:00:00,203.0,142.0,59.06834249803614,85.91412
2016-12-05 03:00:00,203.0,151.0,59.06834249803614,84.38013
2016-12-05 04:00:00,231.0,128.0,59.06834249803614,81.38064
2016-12-05 05:00:00,254.0,92.0,59.06834249803614,72.58977
2016-12-05 06:00:00,256.0,83.0,59.06834249803614,81.024506
2016-12-05 12:00:00,289.0,92.0,59.06834249803614,85.909386
2016-12-05 15:00:00,324.0,143.0,59.06834249803614,91.50571
2016-12-05 16:00:00,314.0,136.0,59.06834249803614,97.06129
2016-12-05 17:00:00,324.0,149.0,59.06834249803614,92.40431
2016-12-05 18:00:00,316.0,150.0,59.06834249803614,102.69199
2016-12-05 21:00:00,299.0,142.0,59.06834249803614,109.70914
2016-12-05 22:00:00,300.0,148.0,59.06834249803614,110.156364
2016-12-05 23:00:00,283.0,146.0,59.06834249803614,99.64541
2016-12-06 00:00:00,272.0,151.0,59.06834249803614,67.82695
2016-12-06 01:00:00,273.0,148.0,59.06834249803614,66.76725
2016-12-06 02:00:00,293.0,169.0,59.06834249803614,72.37682
2016-12-06 03:00:00,322.0,165.0,59.06834249803614,68.471756
2016-12-06 04:00:00,304.0,175.0,59.06834249803614,54.79314
2016-12-06 05:00:00,280.0,128.0,59.06834249803614,60.293396
2016-12-06 06:00:00,266.0,124.0,59.06834249803614,60.227333
2016-12-06 10:00:00,197.0,134.0,59.06834249803614,63.278957
2016-12-06 11:00:00,230.0,142.0,59.06834249803614,60.48288
2016-12-06 12:00:00,250.0,157.0,59.06834249803614,67.87709
2016-12-06 13:00:00,253.0,158.0,59.06834249803614,64.97526
2016-12-06 14:00:00,246.0,161.0,59.06834249803614,65.22022
2016-12-06 15:00:00,241.0,155.0,59.06834249803614,62.389885
2016-12-06 16:00:00,215.0,159.0,59.06834249803614,62.608887
2016-12-06 17:00:00,224.0,162.0,59.06834249803614,66.23362
2016-12-06 18:00:00,226.0,161.0,59.06834249803614,64.864235
2016-12-06 19:00:00,217.0,166.0,59.06834249803614,65.35882
2016-12-06 20:00:00,240.0,158.0,59.06834249803614,71.69395
2016-12-06 21:00:00,244.0,160.0,59.06834249803614,74.4406
2016-12-06 22:00:00,230.0,164.0,59.06834249803614,73.96006
2016-12-06 23:00:00,232.0,167.0,59.06834249803614,78.97772
2016-12-07 00:00:00,237.0,168.0,59.06834249803614,80.22936
2016-12-07 01:00:00,243.0,181.0,59.06834249803614,82.18444
2016-12-07 02:00:00,242.0,185.0,59.06834249803614,79.47391
2016-12-07 03:00:00,249.0,185.0,59.06834249803614,79.72307
2016-12-07 04:00:00,247.0,175.0,59.06834249803614,71.45573
2016-12-07 05:00:00,272.0,173.0,59.06834249803614,68.47844
2016-12-07 06:00:00,279.0,158.0,59.06834249803614,73.27983
2016-12-07 18:00:00,126.0,188.0,59.06834249803614,77.28483
2016-12-07 19:00:00,108.0,156.0,59.06834249803614,79.21721
2016-12-08 00:00:00,34.0,152.0,59.06834249803614,87.45387
2016-12-08 01:00:00,43.0,174.0,59.06834249803614,82.70544
2016-12-08 02:00:00,52.0,206.0,59.06834249803614,86.24867
2016-12-08 03:00:00,53.0,203.0,59.06834249803614,81.584076
2016-12-08 04:00:00,64.0,185.0,59.06834249803614,77.50974
2016-12-08 05:00:00,61.0,212.0,59.06834249803614,74.04743
2016-12-08 06:00:00,68.0,204.0,59.06834249803614,78.01268
2016-12-08 07:00:00,72.0,228.0,59.06834249803614,75.1333
2016-12-09 01:00:00,90.0,192.0,59.06834249803614,85.80618
2016-12-09 02:00:00,95.0,184.0,59.06834249803614,89.63044
2016-12-09 03:00:00,82.0,162.0,59.06834249803614,87.0503
2016-12-09 04:00:00,75.0,164.0,59.06834249803614,78.25336
2016-12-09 05:00:00,84.0,156.0,59.06834249803614,83.35826
2016-12-09 06:00:00,78.0,145.0,59.06834249803614,88.159546
2016-12-09 07:00:00,90.0,153.0,59.06834249803614,85.817894
2016-12-09 12:00:00,108.0,188.0,59.06834249803614,87.4543
2016-12-09 13:00:00,104.0,203.0,59.06834249803614,86.05027
2016-12-09 14:00:00,91.0,229.0,59.06834249803614,82.756645
2016-12-09 15:00:00,95.0,206.0,59.06834249803614,82.9628
2016-12-09 16:00:00,87.0,162.0,59.06834249803614,84.84296
2016-12-09 17:00:00,87.0,149.0,59.06834249803614,87.27422
2016-12-09 18:00:00,97.0,148.0,59.06834249803614,81.32217
2016-12-09 19:00:00,93.0,148.0,59.06834249803614,80.05305
2016-12-09 20:00:00,91.0,141.0,59.06834249803614,83.33096
2016-12-09 21:00:00,96.0,153.0,59.06834249803614,90.62484
2016-12-09 22:00:00,81.0,146.0,59.06834249803614,89.367966
2016-12-09 23:00:00,78.0,134.0,59.06834249803614,92.98966
2016-12-10 00:00:00,72.0,137.0,59.06834249803614,89.05245
2016-12-10 01:00:00,57.0,158.0,59.06834249803614,89.78579
2016-12-10 02:00:00,56.0,164.0,59.06834249803614,85.496956
2016-12-10 03:00:00,60.0,154.0,59.06834249803614,86.26839
2016-12-10 04:00:00,59.0,169.0,59.06834249803614,78.85604
2016-12-10 05:00:00,80.0,162.0,59.06834249803614,79.98638
2016-12-10 06:00:00,55.0,169.0,59.06834249803614,74.365234
2016-12-10 07:00:00,73.0,193.0,59.06834249803614,76.98238
2016-12-10 08:00:00,42.0,184.0,59.06834249803614,74.17894
2016-12-10 09:00:00,40.0,164.0,59.06834249803614,76.56029
2016-12-10 10:00:00,40.0,158.0,59.06834249803614,79.05925
2016-12-10 11:00:00,36.0,145.0,59.06834249803614,84.614204
2016-12-10 12:00:00,32.0,118.0,59.06834249803614,86.457695
2016-12-10 13:00:00,27.0,108.0,59.06834249803614,77.25065
2016-12-10 14:00:00,26.0,102.0,59.06834249803614,76.057205
2016-12-10 15:00:00,29.0,100.0,59.06834249803614,76.4541
2016-12-10 16:00:00,27.0,91.0,59.06834249803614,73.678024
2016-12-10 17:00:00,32.0,108.0,59.06834249803614,77.7383
2016-12-10 18:00:00,27.0,101.0,59.06834249803614,79.77425
2016-12-10 19:00:00,24.0,103.0,59.06834249803614,80.76638
2016-12-10 20:00:00,33.0,107.0,59.06834249803614,81.05284
2016-12-10 21:00:00,31.0,108.0,59.06834249803614,84.03731
2016-12-10 22:00:00,34.0,109.0,59.06834249803614,81.29184
2016-12-10 23:00:00,30.0,104.0,59.06834249803614,84.43596
2016-12-11 00:00:00,34.0,106.0,59.06834249803614,82.61425
2016-12-11 03:00:00,40.0,114.0,59.06834249803614,81.12829
2016-12-11 05:00:00,39.0,125.0,59.06834249803614,82.740105
2016-12-11 06:00:00,40.0,122.0,59.06834249803614,80.1689
2016-12-11 09:00:00,47.0,155.0,59.06834249803614,77.795586
2016-12-11 10:00:00,41.0,143.0,59.06834249803614,78.73118
2016-12-11 15:00:00,43.0,110.0,59.06834249803614,81.97939
2016-12-11 16:00:00,44.0,114.0,59.06834249803614,85.93271
2016-12-11 18:00:00,37.0,114.0,59.06834249803614,81.288284
2016-12-11 19:00:00,34.0,114.0,59.06834249803614,82.29124
2016-12-11 20:00:00,39.0,93.0,59.06834249803614,82.10215
2016-12-11 21:00:00,49.0,95.0,59.06834249803614,86.67357
2016-12-11 22:00:00,49.0,105.0,59.06834249803614,89.064735
2016-12-12 00:00:00,40.0,91.0,59.06834249803614,69.1545
2016-12-12 02:00:00,38.0,98.0,59.06834249803614,57.38485
2016-12-12 03:00:00,37.0,100.0,59.06834249803614,58.763042
2016-12-12 04:00:00,37.0,91.0,59.06834249803614,55.768612
2016-12-12 05:00:00,39.0,60.0,59.06834249803614,55.633785
2016-12-12 06:00:00,41.0,48.0,59.06834249803614,64.57441
2016-12-12 09:00:00,46.0,51.0,59.06834249803614,60.549564
2016-12-12 12:00:00,53.0,60.0,59.06834249803614,58.38876
2016-12-12 15:00:00,97.0,65.0,59.06834249803614,58.499233
2016-12-12 17:00:00,82.0,70.0,59.06834249803614,58.096752
2016-12-12 18:00:00,79.0,74.0,59.06834249803614,56.393154
2016-12-12 20:00:00,63.0,83.0,59.06834249803614,52.929348
2016-12-12 21:00:00,60.0,84.0,59.06834249803614,53.197903
2016-12-12 22:00:00,65.0,78.0,59.06834249803614,54.287865
2016-12-12 23:00:00,67.0,84.0,59.06834249803614,57.58966
2016-12-13 00:00:00,62.0,88.0,59.06834249803614,56.14232
2016-12-13 02:00:00,52.0,114.0,59.06834249803614,64.81512
2016-12-13 03:00:00,57.0,99.0,59.06834249803614,57.205566
2016-12-13 04:00:00,58.0,102.0,59.06834249803614,59.002666
2016-12-13 05:00:00,44.0,92.0,59.06834249803614,63.02943
2016-12-13 06:00:00,47.0,99.0,59.06834249803614,63.043797
2016-12-13 07:00:00,48.0,100.0,59.06834249803614,52.669956
2016-12-13 08:00:00,42.0,88.0,59.06834249803614,54.925747
2016-12-13 09:00:00,43.0,95.0,59.06834249803614,51.048836
2016-12-13 10:00:00,38.0,95.0,59.06834249803614,47.373447
2016-12-13 12:00:00,59.0,86.0,59.06834249803614,49.63812
2016-12-13 14:00:00,77.0,77.0,59.06834249803614,57.90325
2016-12-13 15:00:00,70.0,71.0,59.06834249803614,56.851086
2016-12-13 16:00:00,72.0,69.0,59.06834249803614,50.87673
2016-12-13 17:00:00,77.0,76.0,59.06834249803614,54.991627
2016-12-13 18:00:00,70.0,88.0,59.06834249803614,52.888943
2016-12-13 19:00:00,70.0,96.0,59.06834249803614,51.700092
2016-12-13 20:00:00,60.0,95.0,59.06834249803614,53.8087
2016-12-13 21:00:00,58.0,99.0,59.06834249803614,59.388237
2016-12-13 22:00:00,64.0,109.0,59.06834249803614,60.04774
2016-12-13 23:00:00,56.0,104.0,59.06834249803614,61.593346
2016-12-14 00:00:00,62.0,107.0,59.06834249803614,56.39451
2016-12-14 16:00:00,64.0,177.0,59.06834249803614,80.55194
2016-12-14 17:00:00,69.0,168.0,59.06834249803614,80.67787
2016-12-15 15:00:00,116.0,143.0,59.06834249803614,89.90263
2016-12-15 16:00:00,116.0,162.0,59.06834249803614,85.593834
2016-12-15 18:00:00,125.0,174.0,59.06834249803614,82.17255
2016-12-16 04:00:00,154.0,175.0,59.06834249803614,81.27764
2016-12-16 05:00:00,130.0,165.0,59.06834249803614,80.59542
2016-12-16 08:00:00,154.0,156.0,59.06834249803614,79.45239
2016-12-16 09:00:00,157.0,98.0,59.06834249803614,73.52427
2016-12-16 10:00:00,145.0,104.0,59.06834249803614,77.492905
2016-12-16 11:00:00,124.0,101.0,59.06834249803614,82.56459
2016-12-16 12:00:00,122.0,95.0,59.06834249803614,85.1193
2016-12-16 13:00:00,125.0,92.0,59.06834249803614,85.04933
2016-12-16 14:00:00,133.0,89.0,59.06834249803614,86.40402
2016-12-16 15:00:00,128.0,97.0,59.06834249803614,88.71796
2016-12-16 16:00:00,118.0,94.0,59.06834249803614,84.83673
2016-12-16 17:00:00,113.0,114.0,59.06834249803614,88.94952
2016-12-16 18:00:00,107.0,108.0,59.06834249803614,90.492355
2016-12-17 03:00:00,99.0,95.0,59.06834249803614,64.906334
2016-12-17 04:00:00,99.0,101.0,59.06834249803614,64.20649
2016-12-17 05:00:00,100.0,109.0,59.06834249803614,71.622314
2016-12-17 06:00:00,88.0,112.0,59.06834249803614,72.77627
2016-12-17 07:00:00,91.0,93.0,59.06834249803614,74.10477
2016-12-17 08:00:00,88.0,92.0,59.06834249803614,63.215515
2016-12-17 09:00:00,81.0,81.0,59.06834249803614,64.09824
2016-12-17 10:00:00,82.0,106.0,59.06834249803614,69.554886
2016-12-17 11:00:00,83.0,122.0,59.06834249803614,73.84345
2016-12-17 12:00:00,81.0,130.0,59.06834249803614,71.581055
2016-12-17 13:00:00,85.0,127.0,59.06834249803614,74.67014
2016-12-17 14:00:00,97.0,134.0,59.06834249803614,75.63634
2016-12-17 15:00:00,97.0,155.0,59.06834249803614,80.26271
2016-12-17 16:00:00,91.0,138.0,59.06834249803614,78.320404
2016-12-17 17:00:00,106.0,134.0,59.06834249803614,84.40022
2016-12-17 18:00:00,100.0,138.0,59.06834249803614,80.79509
2016-12-17 19:00:00,105.0,141.0,59.06834249803614,80.55933
2016-12-17 20:00:00,98.0,135.0,59.06834249803614,85.62601
2016-12-17 21:00:00,98.0,142.0,59.06834249803614,89.054184
2016-12-17 22:00:00,94.0,139.0,59.06834249803614,90.600075
2016-12-17 23:00:00,99.0,145.0,59.06834249803614,93.70886
2016-12-18 00:00:00,100.0,148.0,59.06834249803614,103.47495
2016-12-18 02:00:00,104.0,148.0,59.06834249803614,89.429436
2016-12-18 03:00:00,109.0,152.0,59.06834249803614,90.190315
2016-12-18 04:00:00,95.0,153.0,59.06834249803614,86.93214
2016-12-18 05:00:00,88.0,146.0,59.06834249803614,84.97731
2016-12-18 06:00:00,82.0,134.0,59.06834249803614,84.036285
2016-12-18 07:00:00,80.0,135.0,59.06834249803614,79.347786
2016-12-18 08:00:00,83.0,110.0,59.06834249803614,71.3262
2016-12-18 09:00:00,82.0,112.0,59.06834249803614,70.13536
2016-12-18 10:00:00,121.0,130.0,59.06834249803614,71.76379
2016-12-18 13:00:00,97.0,114.0,59.06834249803614,80.67216
2016-12-18 15:00:00,89.0,109.0,59.06834249803614,81.2347
2016-12-18 16:00:00,90.0,107.0,59.06834249803614,78.89924
2016-12-18 18:00:00,88.0,124.0,59.06834249803614,82.056
2016-12-18 19:00:00,75.0,121.0,59.06834249803614,85.491486
2016-12-18 20:00:00,80.0,117.0,59.06834249803614,81.35795
2016-12-18 21:00:00,79.0,123.0,59.06834249803614,83.457794
2016-12-18 22:00:00,86.0,124.0,59.06834249803614,83.366066
2016-12-19 00:00:00,101.0,132.0,59.06834249803614,73.74447
2016-12-19 01:00:00,100.0,144.0,59.06834249803614,75.87458
2016-12-19 02:00:00,99.0,152.0,59.06834249803614,70.40768
2016-12-19 03:00:00,110.0,152.0,59.06834249803614,70.796455
2016-12-19 04:00:00,98.0,168.0,59.06834249803614,63.842987
2016-12-19 05:00:00,96.0,174.0,59.06834249803614,63.360455
2016-12-19 06:00:00,85.0,179.0,59.06834249803614,67.9214
2016-12-19 07:00:00,92.0,170.0,59.06834249803614,65.98534
2016-12-19 08:00:00,92.0,170.0,59.06834249803614,65.66729
2016-12-19 09:00:00,87.0,170.0,59.06834249803614,70.41331
2016-12-19 10:00:00,111.0,162.0,59.06834249803614,64.9179
2016-12-19 12:00:00,112.0,160.0,59.06834249803614,69.127975
2016-12-19 14:00:00,104.0,161.0,59.06834249803614,75.46766
2016-12-19 15:00:00,104.0,160.0,59.06834249803614,74.23792
2016-12-19 16:00:00,91.0,182.0,59.06834249803614,74.43686
2016-12-19 17:00:00,90.0,186.0,59.06834249803614,74.16931
2016-12-19 18:00:00,88.0,155.0,59.06834249803614,75.58451
2016-12-19 19:00:00,93.0,148.0,59.06834249803614,79.06766
2016-12-19 20:00:00,95.0,151.0,59.06834249803614,80.45733
2016-12-19 21:00:00,103.0,159.0,59.06834249803614,79.51095
2016-12-19 22:00:00,102.0,178.0,59.06834249803614,74.98814
2016-12-19 23:00:00,103.0,169.0,59.06834249803614,76.10283
2016-12-20 00:00:00,111.0,166.0,59.06834249803614,76.13513
2016-12-20 01:00:00,111.0,173.0,59.06834249803614,82.05902
2016-12-20 02:00:00,112.0,180.0,59.06834249803614,76.0181
2016-12-20 03:00:00,123.0,187.0,59.06834249803614,70.85205
2016-12-20 04:00:00,125.0,200.0,59.06834249803614,63.762337
2016-12-20 05:00:00,124.0,211.0,59.06834249803614,59.184864
2016-12-20 06:00:00,87.0,208.0,59.06834249803614,72.90422
2016-12-20 07:00:00,76.0,208.0,59.06834249803614,63.865513
2016-12-20 08:00:00,68.0,208.0,59.06834249803614,55.107117
2016-12-20 09:00:00,72.0,196.0,59.06834249803614,60.17602
2016-12-20 10:00:00,81.0,184.0,59.06834249803614,66.47699
2016-12-20 12:00:00,74.0,132.0,59.06834249803614,72.23453
2016-12-20 13:00:00,80.0,134.0,59.06834249803614,70.75949
2016-12-20 14:00:00,80.0,131.0,59.06834249803614,69.78649
2016-12-20 15:00:00,85.0,131.0,59.06834249803614,67.22887
2016-12-20 16:00:00,87.0,129.0,59.06834249803614,74.23684
2016-12-20 17:00:00,91.0,142.0,59.06834249803614,76.75455
2016-12-20 18:00:00,96.0,148.0,59.06834249803614,75.81184
2016-12-20 19:00:00,101.0,166.0,59.06834249803614,76.738495
2016-12-20 22:00:00,137.0,162.0,59.06834249803614,92.66093
2016-12-21 00:00:00,127.0,168.0,59.06834249803614,88.051155
2016-12-21 04:00:00,136.0,159.0,59.06834249803614,98.350555
2016-12-21 05:00:00,121.0,136.0,59.06834249803614,93.62779
2016-12-21 09:00:00,81.0,103.0,59.06834249803614,82.455795
2016-12-21 10:00:00,88.0,113.0,59.06834249803614,75.55309
2016-12-21 11:00:00,105.0,113.0,59.06834249803614,79.03528
2016-12-21 12:00:00,107.0,116.0,59.06834249803614,91.02228
2016-12-21 13:00:00,119.0,103.0,59.06834249803614,91.84817
2016-12-21 14:00:00,110.0,99.0,59.06834249803614,86.95556
2016-12-21 15:00:00,109.0,101.0,59.06834249803614,87.07874
2016-12-21 16:00:00,93.0,105.0,59.06834249803614,84.14585
2016-12-21 17:00:00,101.0,102.0,59.06834249803614,81.32801
2016-12-21 18:00:00,113.0,102.0,59.06834249803614,80.51006
2016-12-22 03:00:00,110.0,102.0,59.06834249803614,63.644527
2016-12-22 04:00:00,120.0,92.0,59.06834249803614,60.44959
2016-12-22 05:00:00,101.0,79.0,59.06834249803614,56.827732
2016-12-22 06:00:00,100.0,61.0,59.06834249803614,61.53366
2016-12-22 07:00:00,86.0,58.0,59.06834249803614,58.836613
2016-12-22 08:00:00,88.0,56.0,59.06834249803614,60.335964
2016-12-22 09:00:00,93.0,63.0,59.06834249803614,64.24773
2016-12-22 10:00:00,122.0,91.0,59.06834249803614,73.43707
2016-12-22 11:00:00,123.0,126.0,59.06834249803614,78.798035
2016-12-22 12:00:00,125.0,129.0,59.06834249803614,79.05853
2016-12-22 13:00:00,118.0,164.0,59.06834249803614,85.87248
2016-12-22 14:00:00,123.0,146.0,59.06834249803614,91.02956
2016-12-22 15:00:00,136.0,147.0,59.06834249803614,86.73001
2016-12-22 16:00:00,140.0,119.0,59.06834249803614,86.22646
2016-12-22 17:00:00,149.0,101.0,59.06834249803614,83.63979
2016-12-22 18:00:00,136.0,181.0,59.06834249803614,87.6536
2016-12-22 19:00:00,143.0,147.0,59.06834249803614,88.571655
2016-12-22 21:00:00,138.0,134.0,59.06834249803614,89.33592
2016-12-22 22:00:00,141.0,122.0,59.06834249803614,87.42977
2016-12-22 23:00:00,137.0,108.0,59.06834249803614,93.40855
2016-12-23 00:00:00,139.0,116.0,59.06834249803614,82.240105
2016-12-23 01:00:00,154.0,118.0,59.06834249803614,85.9283
2016-12-23 02:00:00,153.0,121.0,59.06834249803614,84.91298
2016-12-23 03:00:00,150.0,127.0,59.06834249803614,79.03181
2016-12-23 04:00:00,188.0,132.0,59.06834249803614,77.2901
2016-12-23 05:00:00,195.0,137.0,59.06834249803614,73.493095
2016-12-23 06:00:00,125.0,146.0,59.06834249803614,76.47449
2016-12-23 07:00:00,158.0,149.0,59.06834249803614,73.00691
2016-12-23 09:00:00,213.0,157.0,59.06834249803614,68.90004
2016-12-23 10:00:00,211.0,150.0,59.06834249803614,67.824554
2016-12-23 11:00:00,200.0,156.0,59.06834249803614,70.73512
2016-12-23 12:00:00,192.0,148.0,59.06834249803614,74.07461
2016-12-23 13:00:00,181.0,115.0,59.06834249803614,65.08104
2016-12-23 14:00:00,181.0,127.0,59.06834249803614,64.379196
2016-12-23 15:00:00,197.0,124.0,59.06834249803614,68.40202
2016-12-23 16:00:00,201.0,127.0,59.06834249803614,67.08879
2016-12-23 17:00:00,190.0,106.0,59.06834249803614,69.6226
2016-12-23 18:00:00,194.0,107.0,59.06834249803614,73.65386
2016-12-23 19:00:00,203.0,102.0,59.06834249803614,70.49707
2016-12-23 20:00:00,236.0,103.0,59.06834249803614,61.863598
2016-12-23 21:00:00,236.0,100.0,59.06834249803614,67.3594
2016-12-23 22:00:00,242.0,90.0,59.06834249803614,61.446156
2016-12-23 23:00:00,237.0,95.0,59.06834249803614,67.63406
2016-12-27 00:00:00,175.0,119.0,59.06834249803614,67.528336
2016-12-27 01:00:00,187.0,121.0,59.06834249803614,61.49263
2016-12-27 02:00:00,221.0,86.0,59.06834249803614,62.040737
2016-12-27 03:00:00,220.0,71.0,59.06834249803614,62.393566
2016-12-27 04:00:00,214.0,75.0,59.06834249803614,61.85126
2016-12-27 05:00:00,195.0,48.0,59.06834249803614,77.91249
2016-12-27 06:00:00,170.0,49.0,59.06834249803614,81.69395
2016-12-27 07:00:00,159.0,58.0,59.06834249803614,71.5139
2016-12-27 08:00:00,154.0,52.0,59.06834249803614,63.242863
2016-12-27 09:00:00,175.0,61.0,59.06834249803614,66.25273
2016-12-27 10:00:00,179.0,66.0,59.06834249803614,67.51393
2016-12-27 11:00:00,190.0,70.0,59.06834249803614,66.54633
2016-12-27 12:00:00,194.0,60.0,59.06834249803614,69.21782
2016-12-27 13:00:00,220.0,69.0,59.06834249803614,73.217995
2016-12-27 14:00:00,255.0,72.0,59.06834249803614,72.41492
2016-12-27 15:00:00,253.0,60.0,59.06834249803614,73.53862
2016-12-27 16:00:00,251.0,60.0,59.06834249803614,73.77888
2016-12-27 17:00:00,254.0,64.0,59.06834249803614,77.551476
2016-12-27 18:00:00,240.0,69.0,59.06834249803614,78.983406
2016-12-27 19:00:00,228.0,71.0,59.06834249803614,81.87587
2016-12-27 21:00:00,234.0,70.0,59.06834249803614,86.09325
2016-12-27 22:00:00,230.0,73.0,59.06834249803614,85.64679
2016-12-27 23:00:00,228.0,75.0,59.06834249803614,80.8714
2016-12-28 00:00:00,222.0,76.0,59.06834249803614,59.714863
2016-12-28 01:00:00,213.0,74.0,59.06834249803614,63.84475
2016-12-28 02:00:00,197.0,77.0,59.06834249803614,64.92099
2016-12-28 03:00:00,173.0,75.0,59.06834249803614,59.327587
2016-12-28 04:00:00,145.0,54.0,59.06834249803614,54.49698
2016-12-28 05:00:00,126.0,55.0,59.06834249803614,56.159054
2016-12-28 06:00:00,186.0,56.0,59.06834249803614,57.78587
2016-12-28 07:00:00,153.0,58.0,59.06834249803614,49.79489
2016-12-28 08:00:00,132.0,54.0,59.06834249803614,53.309975
2016-12-28 09:00:00,107.0,66.0,59.06834249803614,50.419426
2016-12-28 12:00:00,141.0,91.0,59.06834249803614,62.174152
2016-12-28 14:00:00,155.0,92.0,59.06834249803614,58.12955
2016-12-28 15:00:00,188.0,94.0,59.06834249803614,59.96509
2016-12-28 17:00:00,199.0,112.0,59.06834249803614,66.30855
2016-12-28 18:00:00,216.0,110.0,59.06834249803614,71.58858
2016-12-28 19:00:00,223.0,125.0,59.06834249803614,74.29658
2016-12-28 20:00:00,229.0,121.0,59.06834249803614,77.96048
2016-12-28 21:00:00,237.0,112.0,59.06834249803614,75.121346
2016-12-28 23:00:00,266.0,119.0,59.06834249803614,82.72947
2016-12-29 00:00:00,269.0,111.0,59.06834249803614,78.418625
2016-12-29 01:00:00,255.0,117.0,59.06834249803614,82.68708
2016-12-29 02:00:00,237.0,100.0,59.06834249803614,67.0848
2016-12-29 03:00:00,235.0,121.0,59.06834249803614,67.47885
2016-12-29 04:00:00,241.0,90.0,59.06834249803614,55.35827
2016-12-29 05:00:00,199.0,74.0,59.06834249803614,52.814068
2016-12-29 06:00:00,150.0,63.0,59.06834249803614,48.142323
2016-12-29 07:00:00,144.0,65.0,59.06834249803614,46.68948
2016-12-29 08:00:00,85.0,70.0,59.06834249803614,46.939117
2016-12-29 09:00:00,83.0,61.0,59.06834249803614,47.793026
2016-12-29 11:00:00,96.0,83.0,59.06834249803614,66.72147
2016-12-29 12:00:00,99.0,76.0,59.06834249803614,66.68179
2016-12-29 13:00:00,90.0,119.0,59.06834249803614,74.26369
2016-12-29 14:00:00,70.0,130.0,59.06834249803614,78.55433
2016-12-29 15:00:00,63.0,116.0,59.06834249803614,78.87753
2016-12-29 18:00:00,90.0,112.0,59.06834249803614,82.05976
2016-12-29 20:00:00,84.0,95.0,59.06834249803614,71.345215
2016-12-29 21:00:00,79.0,90.0,59.06834249803614,78.2276
2016-12-29 23:00:00,114.0,94.0,59.06834249803614,77.303665
2016-12-30 00:00:00,121.0,94.0,59.06834249803614,85.026985
2016-12-30 01:00:00,122.0,92.0,59.06834249803614,84.93355
2016-12-30 02:00:00,105.0,97.0,59.06834249803614,76.46469
2016-12-30 03:00:00,72.0,99.0,59.06834249803614,76.640724
2016-12-30 05:00:00,55.0,105.0,59.06834249803614,72.89406
2016-12-30 06:00:00,51.0,114.0,59.06834249803614,72.43172
2016-12-30 07:00:00,41.0,105.0,59.06834249803614,68.67757
2016-12-30 08:00:00,40.0,116.0,59.06834249803614,63.20119
2016-12-30 09:00:00,45.0,119.0,59.06834249803614,66.00846
2016-12-30 11:00:00,51.0,117.0,59.06834249803614,76.85097
2016-12-30 12:00:00,53.0,116.0,59.06834249803614,74.12687
2016-12-30 13:00:00,76.0,114.0,59.06834249803614,68.74549
2016-12-30 14:00:00,70.0,109.0,59.06834249803614,73.84893
2016-12-30 15:00:00,86.0,110.0,59.06834249803614,73.89695
2016-12-30 17:00:00,105.0,102.0,59.06834249803614,71.389915
2016-12-30 18:00:00,107.0,103.0,59.06834249803614,75.09013
2016-12-30 19:00:00,96.0,96.0,59.06834249803614,68.261925
2016-12-30 20:00:00,69.0,95.0,59.06834249803614,69.002205
2016-12-30 21:00:00,61.0,109.0,59.06834249803614,70.953125
2016-12-30 22:00:00,53.0,107.0,59.06834249803614,69.46524
2016-12-30 23:00:00,111.0,105.0,59.06834249803614,76.867004
2017-01-01 01:00:00,59.0,186.0,59.06834249803614,114.44032
2017-01-01 02:00:00,44.0,188.0,59.06834249803614,112.40019
2017-01-01 03:00:00,42.0,175.0,59.06834249803614,106.87002
2017-01-01 04:00:00,40.0,168.0,59.06834249803614,94.85625
2017-01-01 05:00:00,38.0,179.0,59.06834249803614,96.598526
2017-01-01 06:00:00,39.0,198.0,59.06834249803614,102.772606
2017-01-01 07:00:00,35.0,139.0,59.06834249803614,102.92019
2017-01-01 08:00:00,29.0,126.0,59.06834249803614,106.17838
2017-01-01 09:00:00,28.0,129.0,59.06834249803614,111.447754
2017-01-01 10:00:00,29.0,135.0,59.06834249803614,107.572136
2017-01-01 11:00:00,36.0,133.0,59.06834249803614,104.012794
2017-01-01 13:00:00,37.0,127.0,59.06834249803614,109.47047
2017-01-01 14:00:00,49.0,152.0,59.06834249803614,106.11575
2017-01-01 15:00:00,42.0,175.0,59.06834249803614,110.14338
2017-01-01 16:00:00,46.0,210.0,59.06834249803614,111.43142
2017-01-01 17:00:00,44.0,239.0,59.06834249803614,112.748024
2017-01-01 18:00:00,48.0,216.0,59.06834249803614,108.074554
2017-01-01 19:00:00,45.0,191.0,59.06834249803614,105.83292
2017-01-01 20:00:00,41.0,191.0,59.06834249803614,110.39721
2017-01-01 21:00:00,50.0,187.0,59.06834249803614,113.95116
2017-01-01 22:00:00,46.0,220.0,59.06834249803614,113.07901
2017-01-01 23:00:00,46.0,204.0,59.06834249803614,116.39962
2017-01-02 00:00:00,45.0,196.0,59.06834249803614,114.48569
2017-01-02 01:00:00,46.0,192.0,59.06834249803614,112.314606
2017-01-02 02:00:00,41.0,176.0,59.06834249803614,111.221344
2017-01-02 03:00:00,41.0,194.0,59.06834249803614,110.575516
2017-01-02 04:00:00,39.0,178.0,59.06834249803614,105.80013
2017-01-02 05:00:00,51.0,135.0,59.06834249803614,101.976746
2017-01-02 06:00:00,42.0,126.0,59.06834249803614,106.557
2017-01-02 07:00:00,42.0,118.0,59.06834249803614,111.12799
2017-01-02 08:00:00,44.0,107.0,59.06834249803614,109.77313
2017-01-02 09:00:00,41.0,97.0,59.06834249803614,105.593994
2017-01-02 10:00:00,54.0,111.0,59.06834249803614,102.690605
2017-01-02 11:00:00,60.0,129.0,59.06834249803614,112.82319
2017-01-02 13:00:00,65.0,182.0,59.06834249803614,113.363304
2017-01-02 14:00:00,67.0,154.0,59.06834249803614,110.868355
2017-01-02 15:00:00,59.0,161.0,59.06834249803614,125.4136
2017-01-02 16:00:00,73.0,146.0,59.06834249803614,114.87685
2017-01-02 17:00:00,60.0,142.0,59.06834249803614,117.245705
2017-01-02 18:00:00,56.0,153.0,59.06834249803614,129.9941
2017-01-02 19:00:00,52.0,147.0,59.06834249803614,125.055435
2017-01-02 20:00:00,53.0,144.0,59.06834249803614,123.972694
2017-01-02 21:00:00,53.0,139.0,59.06834249803614,131.57553
2017-01-02 22:00:00,58.0,131.0,59.06834249803614,134.38171
2017-01-02 23:00:00,60.0,127.0,59.06834249803614,142.33649
2017-01-03 00:00:00,61.0,138.0,59.06834249803614,118.73308
2017-01-03 01:00:00,65.0,139.0,59.06834249803614,115.03761
2017-01-03 02:00:00,73.0,169.0,59.06834249803614,133.13115
2017-01-03 03:00:00,71.0,186.0,59.06834249803614,123.11823
2017-01-03 04:00:00,65.0,194.0,59.06834249803614,116.970505
2017-01-03 05:00:00,63.0,182.0,59.06834249803614,113.817665
2017-01-03 06:00:00,61.0,185.0,59.06834249803614,117.81354
2017-01-03 07:00:00,58.0,141.0,59.06834249803614,117.515434
2017-01-03 08:00:00,57.0,158.0,59.06834249803614,119.37941
2017-01-03 09:00:00,64.0,152.0,59.06834249803614,111.24304
2017-01-03 10:00:00,69.0,174.0,59.06834249803614,116.197556
2017-01-03 11:00:00,69.0,175.0,59.06834249803614,120.00028
2017-01-03 12:00:00,74.0,207.0,59.06834249803614,112.16804
2017-01-03 13:00:00,68.0,202.0,59.06834249803614,117.57766
2017-01-03 14:00:00,61.0,203.0,59.06834249803614,117.969246
2017-01-03 15:00:00,59.0,198.0,59.06834249803614,118.447044
2017-01-03 16:00:00,67.0,188.0,59.06834249803614,117.9882
2017-01-03 17:00:00,70.0,191.0,59.06834249803614,119.12736
2017-01-03 18:00:00,69.0,194.0,59.06834249803614,114.95378
2017-01-03 19:00:00,65.0,190.0,59.06834249803614,119.89366
2017-01-03 20:00:00,65.0,184.0,59.06834249803614,116.75497
2017-01-03 21:00:00,70.0,184.0,59.06834249803614,124.50268
2017-01-03 22:00:00,70.0,177.0,59.06834249803614,127.02232
2017-01-03 23:00:00,69.0,187.0,59.06834249803614,132.9533
2017-01-04 00:00:00,67.0,200.0,59.06834249803614,132.96997
2017-01-04 01:00:00,64.0,200.0,59.06834249803614,124.51467
2017-01-04 02:00:00,65.0,203.0,59.06834249803614,123.61155
2017-01-04 03:00:00,62.0,203.0,59.06834249803614,118.78123
2017-01-04 04:00:00,64.0,231.0,59.06834249803614,104.026054
2017-01-04 05:00:00,73.0,254.0,59.06834249803614,101.68927
2017-01-04 06:00:00,65.0,256.0,59.06834249803614,108.325516
2017-01-04 07:00:00,63.0,256.0,59.06834249803614,112.56815
2017-01-04 08:00:00,68.0,261.0,59.06834249803614,112.80083
2017-01-04 09:00:00,65.0,246.0,59.06834249803614,111.64865
2017-01-04 11:00:00,68.0,238.0,59.06834249803614,126.033745
2017-01-04 12:00:00,74.0,289.0,59.06834249803614,126.22235
2017-01-04 13:00:00,75.0,333.0,59.06834249803614,123.16218
2017-01-04 14:00:00,75.0,324.0,59.06834249803614,117.00026
2017-01-04 15:00:00,82.0,324.0,59.06834249803614,117.410866
2017-01-04 16:00:00,75.0,314.0,59.06834249803614,112.4444
2017-01-04 18:00:00,81.0,316.0,59.06834249803614,113.39592
2017-01-04 19:00:00,68.0,300.0,59.06834249803614,98.165665
2017-01-04 20:00:00,70.0,301.0,59.06834249803614,95.55523
2017-01-04 21:00:00,67.0,299.0,59.06834249803614,114.12708
2017-01-04 22:00:00,73.0,300.0,59.06834249803614,116.33793
2017-01-04 23:00:00,71.0,283.0,59.06834249803614,100.24329
2017-01-05 00:00:00,76.0,272.0,59.06834249803614,123.94031
2017-01-05 01:00:00,75.0,273.0,59.06834249803614,126.06332
2017-01-05 02:00:00,80.0,293.0,59.06834249803614,131.30656
2017-01-05 03:00:00,85.0,322.0,59.06834249803614,109.646164
2017-01-05 04:00:00,75.0,304.0,59.06834249803614,116.896454
2017-01-05 05:00:00,80.0,280.0,59.06834249803614,111.88119
2017-01-05 06:00:00,70.0,266.0,59.06834249803614,107.871185
2017-01-05 07:00:00,71.0,190.0,59.06834249803614,106.83687
2017-01-05 08:00:00,64.0,208.0,59.06834249803614,109.174324
2017-01-05 13:00:00,80.0,253.0,59.06834249803614,101.24429
2017-01-05 14:00:00,86.0,246.0,59.06834249803614,102.51425
2017-01-06 20:00:00,84.0,79.0,59.06834249803614,86.93722
2017-01-07 02:00:00,103.0,52.0,59.06834249803614,101.45276
2017-01-07 03:00:00,109.0,53.0,59.06834249803614,95.99754
2017-01-07 04:00:00,110.0,64.0,59.06834249803614,91.58084
2017-01-07 05:00:00,103.0,61.0,59.06834249803614,92.58212
2017-01-07 06:00:00,100.0,68.0,59.06834249803614,91.7788
2017-01-07 07:00:00,101.0,72.0,59.06834249803614,89.12954
2017-01-07 08:00:00,91.0,76.0,59.06834249803614,80.40198
2017-01-07 10:00:00,98.0,85.0,59.06834249803614,77.755104
2017-01-07 11:00:00,106.0,87.0,59.06834249803614,72.50071
2017-01-07 13:00:00,111.0,92.0,59.06834249803614,76.92396
2017-01-07 14:00:00,109.0,93.0,59.06834249803614,72.65129
2017-01-07 15:00:00,101.0,90.0,59.06834249803614,74.66642
2017-01-07 16:00:00,74.0,81.0,59.06834249803614,75.46739
2017-01-07 17:00:00,88.0,86.0,59.06834249803614,80.30186
2017-01-07 18:00:00,60.0,88.0,59.06834249803614,77.59467
2017-01-07 19:00:00,53.0,93.0,59.06834249803614,82.344734
2017-01-07 20:00:00,40.0,94.0,59.06834249803614,79.2135
2017-01-07 21:00:00,22.0,80.0,59.06834249803614,84.03076
2017-01-07 22:00:00,14.0,81.0,59.06834249803614,87.44899
2017-01-07 23:00:00,13.0,97.0,59.06834249803614,88.97416
2017-01-08 00:00:00,15.0,96.0,59.06834249803614,81.851715
2017-01-08 01:00:00,13.0,90.0,59.06834249803614,78.80092
2017-01-08 02:00:00,14.0,95.0,59.06834249803614,79.637856
2017-01-08 03:00:00,18.0,82.0,59.06834249803614,70.76055
2017-01-08 04:00:00,17.0,75.0,59.06834249803614,67.944305
2017-01-08 05:00:00,19.0,84.0,59.06834249803614,78.82512
2017-01-08 06:00:00,21.0,78.0,59.06834249803614,70.36078
2017-01-08 07:00:00,15.0,90.0,59.06834249803614,62.59933
2017-01-08 08:00:00,16.0,92.0,59.06834249803614,57.459316
2017-01-08 09:00:00,21.0,83.0,59.06834249803614,53.701496
2017-01-08 10:00:00,27.0,87.0,59.06834249803614,59.062077
2017-01-08 11:00:00,32.0,96.0,59.06834249803614,61.4443
2017-01-08 12:00:00,29.0,108.0,59.06834249803614,66.25366
2017-01-08 13:00:00,30.0,104.0,59.06834249803614,71.8003
2017-01-08 14:00:00,31.0,91.0,59.06834249803614,71.41379
2017-01-08 15:00:00,38.0,95.0,59.06834249803614,71.22967
2017-01-08 16:00:00,38.0,87.0,59.06834249803614,74.00331
2017-01-08 17:00:00,43.0,87.0,59.06834249803614,74.774635
2017-01-08 18:00:00,39.0,97.0,59.06834249803614,74.673416
2017-01-08 19:00:00,34.0,93.0,59.06834249803614,70.47057
2017-01-08 20:00:00,37.0,91.0,59.06834249803614,68.21689
2017-01-08 21:00:00,36.0,96.0,59.06834249803614,72.23042
2017-01-08 22:00:00,33.0,81.0,59.06834249803614,75.48595
2017-01-08 23:00:00,36.0,78.0,59.06834249803614,76.84652
2017-01-09 00:00:00,33.0,72.0,59.06834249803614,56.92316
2017-01-09 01:00:00,39.0,57.0,59.06834249803614,51.984043
2017-01-09 02:00:00,38.0,56.0,59.06834249803614,54.253315
