timestamp,pm25,target_pm25_336h,prediction,absolute_error
2016-12-18 04:00:00+00:00,153.0,168.0,80.85129,87.14871215820312
2016-12-18 05:00:00+00:00,146.0,179.0,78.77227,100.22772979736328
2016-12-18 06:00:00+00:00,134.0,198.0,74.70789,123.29210662841797
2016-12-18 07:00:00+00:00,135.0,139.0,71.88492,67.11508178710938
2016-12-18 08:00:00+00:00,110.0,126.0,69.63937,56.360626220703125
2016-12-18 09:00:00+00:00,112.0,129.0,64.03156,64.96843719482422
2016-12-18 10:00:00+00:00,130.0,135.0,66.7953,68.20469665527344
2016-12-18 11:00:00+00:00,,133.0,66.75784,66.24215698242188
2016-12-18 12:00:00+00:00,113.0,131.0,62.96141,68.03858947753906
2016-12-18 13:00:00+00:00,114.0,127.0,61.057163,65.94283676147461
2016-12-18 14:00:00+00:00,113.0,152.0,64.45386,87.546142578125
2016-12-18 15:00:00+00:00,109.0,175.0,65.67222,109.3277816772461
2016-12-18 16:00:00+00:00,107.0,210.0,63.38703,146.61296844482422
2016-12-18 17:00:00+00:00,111.0,239.0,70.3833,168.61669921875
2016-12-18 18:00:00+00:00,124.0,216.0,70.96403,145.03597259521484
2016-12-18 19:00:00+00:00,121.0,191.0,72.56746,118.43254089355469
2016-12-18 20:00:00+00:00,117.0,191.0,70.106285,120.89371490478516
2016-12-18 21:00:00+00:00,123.0,187.0,69.70137,117.29862976074219
2016-12-18 22:00:00+00:00,124.0,220.0,67.603264,152.39673614501953
2016-12-18 23:00:00+00:00,122.0,204.0,73.943634,130.05636596679688
2016-12-19 00:00:00+00:00,132.0,196.0,80.42636,115.57363891601562
2016-12-19 01:00:00+00:00,144.0,192.0,79.74869,112.25131225585938
2016-12-19 02:00:00+00:00,152.0,176.0,78.72634,97.2736587524414
2016-12-19 03:00:00+00:00,152.0,194.0,77.69253,116.3074722290039
2016-12-19 04:00:00+00:00,168.0,178.0,77.54351,100.45648956298828
2016-12-19 05:00:00+00:00,174.0,135.0,82.02703,52.97296905517578
2016-12-19 06:00:00+00:00,179.0,126.0,75.92116,50.07884216308594
2016-12-19 07:00:00+00:00,170.0,118.0,76.25291,41.747093200683594
2016-12-19 08:00:00+00:00,170.0,107.0,82.2631,24.736900329589844
2016-12-19 09:00:00+00:00,170.0,97.0,81.853294,15.146705627441406
2016-12-19 10:00:00+00:00,162.0,111.0,77.59243,33.407569885253906
2016-12-19 11:00:00+00:00,152.0,129.0,68.80269,60.19731140136719
2016-12-19 12:00:00+00:00,160.0,140.0,72.25621,67.74378967285156
2016-12-19 13:00:00+00:00,167.0,182.0,72.1967,109.80329895019531
2016-12-19 14:00:00+00:00,161.0,154.0,73.33588,80.66412353515625
2016-12-19 15:00:00+00:00,160.0,161.0,76.7746,84.22540283203125
2016-12-19 16:00:00+00:00,182.0,146.0,75.07037,70.92962646484375
2016-12-19 17:00:00+00:00,186.0,142.0,81.35866,60.64134216308594
2016-12-19 18:00:00+00:00,155.0,153.0,83.41598,69.58402252197266
2016-12-19 19:00:00+00:00,148.0,147.0,91.89027,55.10973358154297
2016-12-19 20:00:00+00:00,151.0,144.0,94.71741,49.2825927734375
2016-12-19 21:00:00+00:00,159.0,139.0,93.562546,45.43745422363281
2016-12-19 22:00:00+00:00,178.0,131.0,98.53459,32.46540832519531
2016-12-19 23:00:00+00:00,169.0,127.0,99.98344,27.016563415527344
2016-12-20 00:00:00+00:00,166.0,138.0,92.44107,45.558929443359375
2016-12-20 01:00:00+00:00,173.0,139.0,89.081116,49.91888427734375
2016-12-20 02:00:00+00:00,180.0,169.0,92.7184,76.28160095214844
2016-12-20 03:00:00+00:00,187.0,186.0,92.80788,93.19212341308594
2016-12-20 04:00:00+00:00,200.0,194.0,95.77153,98.22846984863281
2016-12-20 05:00:00+00:00,211.0,182.0,87.20189,94.79811096191406
2016-12-20 06:00:00+00:00,208.0,185.0,75.23819,109.76181030273438
2016-12-20 07:00:00+00:00,208.0,141.0,71.12837,69.87162780761719
2016-12-20 08:00:00+00:00,208.0,158.0,70.6259,87.37409973144531
2016-12-20 09:00:00+00:00,196.0,152.0,69.49198,82.50801849365234
2016-12-20 10:00:00+00:00,184.0,174.0,67.678856,106.3211441040039
2016-12-20 11:00:00+00:00,151.0,175.0,64.56302,110.43698120117188
2016-12-20 12:00:00+00:00,132.0,207.0,64.5535,142.44650268554688
2016-12-20 13:00:00+00:00,134.0,202.0,69.05454,132.9454574584961
2016-12-20 14:00:00+00:00,131.0,203.0,68.893295,134.10670471191406
2016-12-20 15:00:00+00:00,131.0,198.0,70.04788,127.95211791992188
2016-12-20 16:00:00+00:00,129.0,188.0,70.611496,117.38850402832031
2016-12-20 17:00:00+00:00,142.0,191.0,67.273,123.72699737548828
2016-12-20 18:00:00+00:00,148.0,194.0,72.04114,121.9588623046875
2016-12-20 19:00:00+00:00,166.0,190.0,79.031334,110.96866607666016
2016-12-20 20:00:00+00:00,,184.0,78.323135,105.67686462402344
2016-12-20 21:00:00+00:00,147.0,184.0,80.66266,103.33734130859375
2016-12-20 22:00:00+00:00,162.0,177.0,87.22713,89.77287292480469
2016-12-20 23:00:00+00:00,153.0,187.0,87.634094,99.36590576171875
2016-12-21 00:00:00+00:00,168.0,200.0,83.67419,116.32581329345703
2016-12-21 01:00:00+00:00,169.0,200.0,95.03171,104.96829223632812
2016-12-21 02:00:00+00:00,163.0,203.0,101.89087,101.109130859375
2016-12-21 03:00:00+00:00,158.0,203.0,97.786896,105.21310424804688
2016-12-21 04:00:00+00:00,159.0,231.0,90.70596,140.29403686523438
2016-12-21 05:00:00+00:00,136.0,254.0,78.33129,175.66870880126953
2016-12-21 06:00:00+00:00,108.0,256.0,57.084606,198.9153938293457
2016-12-21 07:00:00+00:00,95.0,256.0,70.2663,185.73370361328125
2016-12-21 08:00:00+00:00,106.0,261.0,65.72799,195.27201080322266
2016-12-21 09:00:00+00:00,103.0,246.0,70.18784,175.8121566772461
2016-12-21 10:00:00+00:00,113.0,236.0,70.317085,165.68291473388672
2016-12-21 11:00:00+00:00,113.0,238.0,68.80414,169.19586181640625
2016-12-21 12:00:00+00:00,116.0,289.0,63.84137,225.15863037109375
2016-12-21 13:00:00+00:00,103.0,333.0,58.405327,274.5946731567383
2016-12-21 14:00:00+00:00,99.0,324.0,59.28724,264.71276092529297
2016-12-21 15:00:00+00:00,101.0,324.0,59.456184,264.54381561279297
2016-12-21 16:00:00+00:00,105.0,314.0,58.71485,255.28514862060547
2016-12-21 17:00:00+00:00,102.0,324.0,63.324036,260.67596435546875
2016-12-21 18:00:00+00:00,102.0,316.0,68.2367,247.76329803466797
2016-12-21 19:00:00+00:00,94.0,300.0,64.85617,235.14382934570312
2016-12-21 20:00:00+00:00,101.0,301.0,64.063385,236.93661499023438
2016-12-21 21:00:00+00:00,98.0,299.0,70.71907,228.2809295654297
2016-12-21 22:00:00+00:00,97.0,300.0,70.427284,229.57271575927734
2016-12-21 23:00:00+00:00,101.0,283.0,74.50396,208.49604034423828
2016-12-22 00:00:00+00:00,107.0,272.0,78.65719,193.34281158447266
2016-12-22 01:00:00+00:00,120.0,273.0,77.78054,195.2194595336914
2016-12-22 02:00:00+00:00,115.0,293.0,66.89841,226.10159301757812
2016-12-22 03:00:00+00:00,102.0,322.0,61.090996,260.9090042114258
2016-12-22 04:00:00+00:00,92.0,304.0,60.712437,243.2875633239746
2016-12-22 05:00:00+00:00,79.0,280.0,51.227314,228.77268600463867
2016-12-22 06:00:00+00:00,61.0,266.0,53.947483,212.05251693725586
2016-12-22 07:00:00+00:00,58.0,190.0,47.789005,142.21099472045898
2016-12-22 08:00:00+00:00,56.0,208.0,41.155552,166.8444480895996
2016-12-22 10:00:00+00:00,91.0,197.0,67.142044,129.8579559326172
2016-12-22 11:00:00+00:00,126.0,230.0,66.87947,163.1205291748047
2016-12-22 12:00:00+00:00,129.0,250.0,68.31012,181.68988037109375
2016-12-22 13:00:00+00:00,164.0,253.0,56.997875,196.00212478637695
2016-12-22 14:00:00+00:00,146.0,246.0,60.884636,185.11536407470703
2016-12-22 15:00:00+00:00,147.0,241.0,63.66724,177.33275985717773
2016-12-22 16:00:00+00:00,119.0,215.0,65.22043,149.77957153320312
2016-12-22 17:00:00+00:00,101.0,224.0,64.68268,159.31732177734375
2016-12-22 18:00:00+00:00,181.0,226.0,64.95713,161.0428695678711
2016-12-22 19:00:00+00:00,147.0,217.0,74.162704,142.83729553222656
2016-12-22 20:00:00+00:00,142.0,240.0,78.370674,161.62932586669922
2016-12-22 21:00:00+00:00,134.0,244.0,78.10585,165.89414978027344
2016-12-22 22:00:00+00:00,122.0,230.0,75.50537,154.49462890625
2016-12-22 23:00:00+00:00,108.0,232.0,82.3659,149.63410186767578
2016-12-23 00:00:00+00:00,116.0,237.0,85.15708,151.8429183959961
2016-12-23 01:00:00+00:00,118.0,243.0,93.02827,149.97173309326172
2016-12-23 02:00:00+00:00,121.0,242.0,86.31929,155.6807098388672
2016-12-23 03:00:00+00:00,127.0,249.0,83.0358,165.96420288085938
2016-12-23 04:00:00+00:00,132.0,247.0,76.81579,170.18421173095703
2016-12-23 05:00:00+00:00,137.0,272.0,59.121815,212.8781852722168
2016-12-23 06:00:00+00:00,146.0,279.0,56.78232,222.21768188476562
2016-12-23 07:00:00+00:00,149.0,276.0,54.662354,221.337646484375
2016-12-23 08:00:00+00:00,161.0,231.0,60.865353,170.13464736938477
2016-12-23 09:00:00+00:00,157.0,177.0,56.305496,120.69450378417969
2016-12-23 10:00:00+00:00,150.0,154.0,63.480278,90.51972198486328
2016-12-23 11:00:00+00:00,156.0,124.0,59.72352,64.27648162841797
2016-12-23 12:00:00+00:00,148.0,130.0,58.93429,71.06570816040039
2016-12-23 13:00:00+00:00,115.0,129.0,59.500595,69.49940490722656
2016-12-23 14:00:00+00:00,127.0,138.0,56.167362,81.83263778686523
2016-12-23 15:00:00+00:00,124.0,133.0,56.47621,76.52378845214844
2016-12-23 16:00:00+00:00,127.0,126.0,56.527054,69.47294616699219
2016-12-23 17:00:00+00:00,106.0,124.0,57.858917,66.14108276367188
2016-12-23 18:00:00+00:00,107.0,126.0,60.933147,65.06685256958008
2016-12-23 19:00:00+00:00,102.0,108.0,59.911537,48.088462829589844
2016-12-23 20:00:00+00:00,103.0,79.0,62.37731,16.62268829345703
2016-12-23 21:00:00+00:00,100.0,49.0,61.19809,12.198089599609375
2016-12-23 22:00:00+00:00,90.0,40.0,56.74545,16.74544906616211
2016-12-23 23:00:00+00:00,95.0,34.0,58.767548,24.767547607421875
2016-12-24 00:00:00+00:00,,34.0,53.515644,19.515644073486328
2016-12-24 01:00:00+00:00,,43.0,51.52859,8.52859115600586
2016-12-24 02:00:00+00:00,,52.0,48.490612,3.509387969970703
2016-12-24 03:00:00+00:00,,53.0,50.399937,2.6000633239746094
2016-12-24 04:00:00+00:00,,64.0,54.379738,9.620262145996094
2016-12-24 05:00:00+00:00,,61.0,48.16483,12.83517074584961
2016-12-24 06:00:00+00:00,,68.0,49.743965,18.25603485107422
2016-12-24 07:00:00+00:00,,72.0,47.824158,24.17584228515625
2016-12-24 08:00:00+00:00,,76.0,45.342598,30.65740203857422
2016-12-24 09:00:00+00:00,,79.0,50.445744,28.554256439208984
2016-12-24 10:00:00+00:00,,85.0,44.475063,40.52493667602539
2016-12-24 11:00:00+00:00,,87.0,45.328754,41.67124557495117
2016-12-24 12:00:00+00:00,,87.0,45.36072,41.639278411865234
2016-12-24 13:00:00+00:00,,92.0,47.655254,44.34474563598633
2016-12-24 14:00:00+00:00,,93.0,47.29334,45.706661224365234
2016-12-24 15:00:00+00:00,,90.0,48.51001,41.489990234375
2016-12-24 16:00:00+00:00,,81.0,41.97121,39.02878952026367
2016-12-24 17:00:00+00:00,,86.0,40.717247,45.282752990722656
2016-12-24 18:00:00+00:00,,88.0,39.701756,48.29824447631836
2016-12-24 19:00:00+00:00,,93.0,47.821743,45.17825698852539
2016-12-24 20:00:00+00:00,,94.0,47.884876,46.1151237487793
2016-12-24 21:00:00+00:00,,80.0,48.229275,31.77072525024414
2016-12-24 22:00:00+00:00,,81.0,49.026962,31.973037719726562
2016-12-24 23:00:00+00:00,,97.0,48.86071,48.13928985595703
2016-12-25 00:00:00+00:00,25.0,96.0,46.496914,49.50308609008789
2016-12-25 01:00:00+00:00,33.0,90.0,54.01653,35.98347091674805
2016-12-25 02:00:00+00:00,33.0,95.0,68.60794,26.392059326171875
2016-12-25 03:00:00+00:00,34.0,82.0,70.77676,11.223243713378906
2016-12-25 04:00:00+00:00,34.0,75.0,69.77572,5.224281311035156
2016-12-25 05:00:00+00:00,33.0,84.0,63.268566,20.731433868408203
2016-12-25 06:00:00+00:00,32.0,78.0,62.323654,15.676345825195312
2016-12-25 07:00:00+00:00,41.0,90.0,64.41296,25.58704376220703
2016-12-25 08:00:00+00:00,44.0,92.0,63.21229,28.787708282470703
2016-12-25 09:00:00+00:00,46.0,83.0,62.606808,20.393192291259766
2016-12-25 10:00:00+00:00,39.0,87.0,68.02752,18.97248077392578
2016-12-25 11:00:00+00:00,37.0,96.0,62.678555,33.32144546508789
2016-12-25 12:00:00+00:00,33.0,108.0,70.59908,37.400917053222656
2016-12-25 13:00:00+00:00,36.0,104.0,71.875885,32.124114990234375
2016-12-25 14:00:00+00:00,38.0,91.0,72.750244,18.249755859375
2016-12-25 15:00:00+00:00,47.0,95.0,78.373665,16.62633514404297
2016-12-25 16:00:00+00:00,48.0,87.0,75.94605,11.053947448730469
2016-12-25 17:00:00+00:00,38.0,87.0,70.70288,16.297119140625
2016-12-25 18:00:00+00:00,51.0,97.0,74.88041,22.119590759277344
2016-12-25 19:00:00+00:00,47.0,93.0,71.699615,21.300384521484375
2016-12-25 20:00:00+00:00,50.0,91.0,74.32803,16.671966552734375
2016-12-25 21:00:00+00:00,50.0,96.0,73.61622,22.38378143310547
2016-12-25 22:00:00+00:00,42.0,81.0,75.62536,5.374641418457031
2016-12-25 23:00:00+00:00,42.0,78.0,79.45043,1.4504318237304688
2016-12-26 00:00:00+00:00,41.0,72.0,85.9189,13.918899536132812
2016-12-26 01:00:00+00:00,38.0,57.0,91.35745,34.357452392578125
2016-12-26 02:00:00+00:00,38.0,56.0,83.11756,27.11756134033203
2016-12-26 03:00:00+00:00,35.0,60.0,91.626305,31.626304626464844
2016-12-26 04:00:00+00:00,31.0,59.0,98.658554,39.65855407714844
2016-12-26 05:00:00+00:00,28.0,80.0,83.16225,3.1622467041015625
2016-12-26 06:00:00+00:00,38.0,55.0,82.25918,27.259178161621094
2016-12-26 07:00:00+00:00,44.0,73.0,77.268036,4.268035888671875
2016-12-26 08:00:00+00:00,47.0,42.0,78.045525,36.04552459716797
2016-12-26 09:00:00+00:00,56.0,40.0,81.216225,41.216224670410156
2016-12-26 10:00:00+00:00,62.0,40.0,69.27542,29.275421142578125
2016-12-26 11:00:00+00:00,59.0,36.0,61.564003,25.564002990722656
2016-12-26 12:00:00+00:00,59.0,32.0,53.950985,21.950984954833984
2016-12-26 13:00:00+00:00,63.0,27.0,53.234035,26.23403549194336
2016-12-26 14:00:00+00:00,69.0,26.0,50.136486,24.136486053466797
2016-12-26 15:00:00+00:00,76.0,29.0,47.862198,18.862197875976562
2016-12-26 16:00:00+00:00,70.0,27.0,45.692238,18.692237854003906
2016-12-26 17:00:00+00:00,72.0,32.0,48.464493,16.464492797851562
2016-12-26 18:00:00+00:00,86.0,27.0,43.30893,16.308929443359375
2016-12-26 19:00:00+00:00,86.0,24.0,41.493546,17.493545532226562
2016-12-26 20:00:00+00:00,91.0,33.0,40.40798,7.407981872558594
2016-12-26 21:00:00+00:00,97.0,31.0,40.05279,9.052791595458984
2016-12-26 22:00:00+00:00,104.0,34.0,38.9876,4.987598419189453
2016-12-26 23:00:00+00:00,109.0,30.0,34.906673,4.906673431396484
2016-12-27 00:00:00+00:00,119.0,34.0,52.6703,18.670299530029297
2016-12-27 01:00:00+00:00,121.0,39.0,62.841785,23.841785430908203
2016-12-27 02:00:00+00:00,86.0,38.0,54.021294,16.02129364013672
2016-12-27 03:00:00+00:00,71.0,40.0,48.675133,8.675132751464844
2016-12-27 04:00:00+00:00,75.0,39.0,46.60375,7.603748321533203
2016-12-27 05:00:00+00:00,48.0,39.0,39.446373,0.44637298583984375
2016-12-27 06:00:00+00:00,49.0,40.0,34.102474,5.897525787353516
2016-12-27 09:00:00+00:00,61.0,47.0,32.640392,14.359607696533203
2016-12-27 10:00:00+00:00,66.0,41.0,36.660164,4.339836120605469
2016-12-27 11:00:00+00:00,70.0,38.0,49.928555,11.92855453491211
2016-12-27 13:00:00+00:00,69.0,41.0,53.366375,12.366374969482422
2016-12-27 14:00:00+00:00,72.0,46.0,53.58761,7.587608337402344
2016-12-27 15:00:00+00:00,60.0,43.0,52.292458,9.292457580566406
2016-12-27 16:00:00+00:00,60.0,44.0,51.469925,7.4699249267578125
2016-12-27 17:00:00+00:00,64.0,37.0,58.712482,21.712482452392578
2016-12-27 18:00:00+00:00,69.0,37.0,52.67117,15.67116928100586
2016-12-27 19:00:00+00:00,71.0,34.0,49.083767,15.08376693725586
2016-12-27 20:00:00+00:00,67.0,39.0,55.119526,16.119525909423828
2016-12-27 21:00:00+00:00,70.0,49.0,49.04957,0.04956817626953125
2016-12-27 22:00:00+00:00,73.0,49.0,49.847145,0.8471450805664062
2016-12-27 23:00:00+00:00,75.0,37.0,53.64347,16.643470764160156
2016-12-28 00:00:00+00:00,76.0,40.0,51.33821,11.338211059570312
2016-12-28 01:00:00+00:00,74.0,42.0,53.194675,11.19467544555664
2016-12-28 02:00:00+00:00,77.0,38.0,54.56532,16.565319061279297
2016-12-28 03:00:00+00:00,75.0,37.0,56.200333,19.200332641601562
2016-12-28 04:00:00+00:00,54.0,37.0,57.65684,20.656841278076172
2016-12-28 05:00:00+00:00,55.0,39.0,43.189396,4.189395904541016
2016-12-28 06:00:00+00:00,56.0,41.0,43.757004,2.7570037841796875
2016-12-28 07:00:00+00:00,58.0,42.0,37.057045,4.942955017089844
2016-12-28 08:00:00+00:00,54.0,39.0,38.88971,0.11029052734375
2016-12-28 09:00:00+00:00,66.0,46.0,39.5523,6.447700500488281
2016-12-28 11:00:00+00:00,97.0,42.0,46.565205,4.565204620361328
2016-12-28 12:00:00+00:00,91.0,53.0,41.23589,11.764110565185547
2016-12-28 13:00:00+00:00,97.0,47.0,39.19233,7.807670593261719
2016-12-28 14:00:00+00:00,92.0,82.0,34.850006,47.149993896484375
2016-12-28 15:00:00+00:00,94.0,97.0,38.01217,58.987831115722656
2016-12-28 16:00:00+00:00,102.0,95.0,37.55591,57.444091796875
2016-12-28 17:00:00+00:00,112.0,82.0,36.226418,45.773582458496094
2016-12-28 18:00:00+00:00,110.0,79.0,40.251953,38.748046875
2016-12-28 19:00:00+00:00,125.0,78.0,36.72487,41.27513122558594
2016-12-28 20:00:00+00:00,121.0,63.0,42.189777,20.810222625732422
2016-12-28 21:00:00+00:00,112.0,60.0,45.846123,14.153877258300781
2016-12-28 22:00:00+00:00,117.0,65.0,47.941303,17.058696746826172
2016-12-28 23:00:00+00:00,119.0,67.0,46.72498,20.275020599365234
2016-12-29 00:00:00+00:00,111.0,62.0,42.576927,19.423072814941406
2016-12-29 01:00:00+00:00,117.0,57.0,46.46852,10.531478881835938
2016-12-29 02:00:00+00:00,100.0,52.0,41.249702,10.750297546386719
2016-12-29 03:00:00+00:00,121.0,57.0,40.46548,16.53451919555664
2016-12-29 04:00:00+00:00,90.0,58.0,41.635086,16.364913940429688
2016-12-29 05:00:00+00:00,74.0,44.0,46.18898,2.1889801025390625
2016-12-29 06:00:00+00:00,63.0,47.0,45.043842,1.9561576843261719
2016-12-29 07:00:00+00:00,65.0,48.0,42.71119,5.288810729980469
2016-12-29 08:00:00+00:00,70.0,42.0,44.352974,2.3529739379882812
2016-12-29 09:00:00+00:00,61.0,43.0,42.84617,0.15383148193359375
2016-12-29 10:00:00+00:00,83.0,38.0,44.74413,6.744129180908203
2016-12-29 11:00:00+00:00,83.0,58.0,49.50601,8.49399185180664
2016-12-29 12:00:00+00:00,76.0,59.0,45.727448,13.272552490234375
2016-12-29 13:00:00+00:00,119.0,59.0,50.18864,8.811359405517578
2016-12-29 14:00:00+00:00,130.0,77.0,44.571484,32.42851638793945
2016-12-29 15:00:00+00:00,116.0,70.0,47.555195,22.444805145263672
2016-12-29 16:00:00+00:00,,72.0,45.821777,26.17822265625
2016-12-29 17:00:00+00:00,119.0,77.0,50.4455,26.554500579833984
2016-12-29 18:00:00+00:00,112.0,70.0,44.351944,25.648056030273438
2016-12-29 19:00:00+00:00,105.0,70.0,51.121162,18.87883758544922
2016-12-29 20:00:00+00:00,95.0,60.0,45.366764,14.633235931396484
2016-12-29 21:00:00+00:00,90.0,58.0,43.382763,14.617237091064453
2016-12-29 22:00:00+00:00,92.0,64.0,45.684334,18.31566619873047
2016-12-29 23:00:00+00:00,94.0,56.0,41.72024,14.27975845336914
2016-12-30 00:00:00+00:00,94.0,62.0,45.153515,16.846485137939453
2016-12-30 01:00:00+00:00,92.0,63.0,44.943836,18.056163787841797
2016-12-30 02:00:00+00:00,97.0,66.0,50.382156,15.617843627929688
2016-12-30 03:00:00+00:00,99.0,57.0,48.865837,8.134162902832031
2016-12-30 04:00:00+00:00,104.0,59.0,49.04455,9.955448150634766
2016-12-30 05:00:00+00:00,105.0,50.0,37.33869,12.661308288574219
2016-12-30 06:00:00+00:00,114.0,52.0,31.448595,20.55140495300293
2016-12-30 07:00:00+00:00,105.0,62.0,36.171143,25.828857421875
2016-12-30 08:00:00+00:00,116.0,60.0,37.29132,22.70867919921875
2016-12-30 09:00:00+00:00,119.0,59.0,40.68099,18.319011688232422
2016-12-30 10:00:00+00:00,141.0,60.0,42.623306,17.376693725585938
2016-12-30 11:00:00+00:00,117.0,74.0,44.91017,29.089828491210938
2016-12-30 12:00:00+00:00,116.0,72.0,45.213512,26.786487579345703
2016-12-30 13:00:00+00:00,114.0,65.0,48.82486,16.175140380859375
2016-12-30 14:00:00+00:00,109.0,70.0,49.27218,20.727821350097656
2016-12-30 15:00:00+00:00,110.0,66.0,49.201393,16.798606872558594
2016-12-30 16:00:00+00:00,104.0,64.0,45.32306,18.67694091796875
2016-12-30 17:00:00+00:00,102.0,69.0,48.939857,20.060142517089844
2016-12-30 18:00:00+00:00,103.0,75.0,45.54336,29.45663833618164
2016-12-30 19:00:00+00:00,96.0,70.0,49.87026,20.129741668701172
2016-12-30 20:00:00+00:00,95.0,80.0,47.667267,32.332733154296875
2016-12-30 21:00:00+00:00,109.0,78.0,47.74038,30.259620666503906
2016-12-30 22:00:00+00:00,107.0,76.0,51.973305,24.026695251464844
2016-12-30 23:00:00+00:00,105.0,78.0,59.087715,18.91228485107422
2016-12-31 00:00:00+00:00,108.0,79.0,53.245544,25.75445556640625
2016-12-31 01:00:00+00:00,112.0,90.0,53.36914,36.630859375
2016-12-31 02:00:00+00:00,121.0,80.0,51.950306,28.049694061279297
2016-12-31 03:00:00+00:00,136.0,69.0,52.01437,16.98563003540039
2016-12-31 04:00:00+00:00,148.0,65.0,49.68069,15.31930923461914
2016-12-31 05:00:00+00:00,141.0,64.0,48.5533,15.446701049804688
2016-12-31 06:00:00+00:00,138.0,80.0,34.714737,45.28526306152344
2016-12-31 07:00:00+00:00,133.0,87.0,32.992496,54.007503509521484
2016-12-31 08:00:00+00:00,134.0,98.0,37.19538,60.80461883544922
2016-12-31 09:00:00+00:00,136.0,92.0,37.769463,54.23053741455078
2016-12-31 10:00:00+00:00,173.0,96.0,39.33068,56.66931915283203
2016-12-31 11:00:00+00:00,168.0,105.0,40.097725,64.90227508544922
2016-12-31 12:00:00+00:00,,102.0,43.612595,58.38740539550781
2016-12-31 13:00:00+00:00,136.0,100.0,44.293045,55.70695495605469
2016-12-31 14:00:00+00:00,157.0,102.0,46.391838,55.60816192626953
2016-12-31 15:00:00+00:00,152.0,116.0,46.483,69.51699829101562
2016-12-31 16:00:00+00:00,152.0,116.0,44.720074,71.27992630004883
2016-12-31 18:00:00+00:00,168.0,125.0,51.529613,73.47038650512695
2016-12-31 19:00:00+00:00,192.0,118.0,55.38452,62.615478515625
2016-12-31 20:00:00+00:00,193.0,125.0,53.126255,71.87374496459961
2016-12-31 21:00:00+00:00,181.0,133.0,52.034275,80.96572494506836
2016-12-31 22:00:00+00:00,191.0,144.0,54.052536,89.94746398925781
2016-12-31 23:00:00+00:00,197.0,142.0,59.69175,82.3082504272461
2017-01-01 00:00:00+00:00,179.0,151.0,119.2686,31.731399536132812
2017-01-01 01:00:00+00:00,186.0,166.0,114.375,51.625
2017-01-01 02:00:00+00:00,188.0,158.0,119.1667,38.83329772949219
2017-01-01 03:00:00+00:00,175.0,151.0,114.727,36.27300262451172
2017-01-01 04:00:00+00:00,168.0,154.0,121.247055,32.75294494628906
2017-01-01 05:00:00+00:00,179.0,130.0,124.93043,5.069572448730469
2017-01-01 06:00:00+00:00,198.0,121.0,118.14136,2.858642578125
2017-01-01 07:00:00+00:00,139.0,162.0,118.70756,43.292442321777344
2017-01-01 08:00:00+00:00,126.0,154.0,111.44486,42.555137634277344
2017-01-01 09:00:00+00:00,129.0,157.0,124.88995,32.11004638671875
2017-01-01 10:00:00+00:00,135.0,145.0,127.18629,17.81371307373047
2017-01-01 11:00:00+00:00,133.0,124.0,125.85849,1.858489990234375
2017-01-01 12:00:00+00:00,131.0,122.0,119.22182,2.7781829833984375
2017-01-01 13:00:00+00:00,127.0,125.0,118.5385,6.4615020751953125
2017-01-01 14:00:00+00:00,152.0,133.0,119.44607,13.553932189941406
2017-01-01 15:00:00+00:00,175.0,128.0,126.27561,1.7243881225585938
2017-01-01 16:00:00+00:00,210.0,118.0,133.42876,15.428756713867188
2017-01-01 17:00:00+00:00,239.0,113.0,142.94217,29.942169189453125
2017-01-01 18:00:00+00:00,216.0,107.0,139.81927,32.81927490234375
2017-01-01 19:00:00+00:00,191.0,94.0,137.44534,43.445343017578125
2017-01-01 20:00:00+00:00,191.0,98.0,138.7881,40.78810119628906
2017-01-01 21:00:00+00:00,187.0,94.0,142.83847,48.838470458984375
2017-01-01 22:00:00+00:00,220.0,94.0,140.7262,46.7261962890625
2017-01-01 23:00:00+00:00,204.0,95.0,147.07538,52.07537841796875
2017-01-02 00:00:00+00:00,196.0,95.0,134.26646,39.26646423339844
2017-01-02 01:00:00+00:00,192.0,98.0,125.04596,27.04595947265625
2017-01-02 02:00:00+00:00,176.0,105.0,122.98651,17.98651123046875
2017-01-02 03:00:00+00:00,194.0,99.0,128.42313,29.423126220703125
2017-01-02 04:00:00+00:00,178.0,99.0,144.47781,45.477813720703125
2017-01-02 05:00:00+00:00,135.0,100.0,137.77612,37.776123046875
2017-01-02 06:00:00+00:00,126.0,88.0,136.8086,48.80859375
2017-01-02 07:00:00+00:00,118.0,91.0,138.83124,47.83123779296875
2017-01-02 08:00:00+00:00,107.0,88.0,133.20564,45.20564270019531
2017-01-02 09:00:00+00:00,97.0,81.0,137.76701,56.76701354980469
2017-01-02 10:00:00+00:00,111.0,82.0,135.75648,53.75648498535156
2017-01-02 11:00:00+00:00,129.0,83.0,125.988495,42.988494873046875
2017-01-02 12:00:00+00:00,140.0,81.0,118.375946,37.375946044921875
2017-01-02 13:00:00+00:00,182.0,85.0,130.17168,45.17167663574219
2017-01-02 14:00:00+00:00,154.0,97.0,136.31236,39.31236267089844
2017-01-02 15:00:00+00:00,161.0,97.0,137.92848,40.92848205566406
2017-01-02 16:00:00+00:00,146.0,91.0,137.4284,46.42840576171875
2017-01-02 17:00:00+00:00,142.0,106.0,143.32234,37.32234191894531
2017-01-02 18:00:00+00:00,153.0,100.0,141.78117,41.78117370605469
2017-01-02 19:00:00+00:00,147.0,105.0,140.98581,35.985809326171875
2017-01-02 20:00:00+00:00,144.0,98.0,137.06122,39.06121826171875
2017-01-02 21:00:00+00:00,139.0,98.0,138.52179,40.52178955078125
2017-01-02 22:00:00+00:00,131.0,94.0,133.54149,39.54148864746094
2017-01-02 23:00:00+00:00,127.0,99.0,141.93843,42.93843078613281
2017-01-03 00:00:00+00:00,138.0,100.0,142.53258,42.53257751464844
2017-01-03 01:00:00+00:00,139.0,106.0,144.12819,38.12818908691406
2017-01-03 02:00:00+00:00,169.0,104.0,151.66887,47.66886901855469
2017-01-03 03:00:00+00:00,186.0,109.0,156.06065,47.06065368652344
2017-01-03 04:00:00+00:00,194.0,95.0,164.78784,69.787841796875
2017-01-03 05:00:00+00:00,182.0,88.0,154.1007,66.10069274902344
2017-01-03 06:00:00+00:00,185.0,82.0,140.03148,58.03147888183594
2017-01-03 07:00:00+00:00,141.0,80.0,140.1553,60.155303955078125
2017-01-03 08:00:00+00:00,158.0,83.0,132.88174,49.881744384765625
2017-01-03 09:00:00+00:00,152.0,82.0,123.46145,41.461448669433594
2017-01-03 10:00:00+00:00,174.0,121.0,129.37363,8.373626708984375
2017-01-03 11:00:00+00:00,175.0,115.0,137.23961,22.239608764648438
2017-01-03 12:00:00+00:00,207.0,129.0,141.46046,12.460464477539062
2017-01-03 13:00:00+00:00,202.0,97.0,138.64899,41.64898681640625
2017-01-03 14:00:00+00:00,203.0,103.0,147.64618,44.64617919921875
2017-01-03 15:00:00+00:00,198.0,89.0,145.97813,56.97813415527344
2017-01-03 16:00:00+00:00,188.0,90.0,146.14244,56.14244079589844
2017-01-03 17:00:00+00:00,191.0,91.0,143.29654,52.296539306640625
2017-01-03 18:00:00+00:00,194.0,88.0,146.4782,58.47819519042969
2017-01-03 19:00:00+00:00,190.0,75.0,152.50708,77.507080078125
2017-01-03 20:00:00+00:00,184.0,80.0,150.52835,70.52835083007812
2017-01-03 21:00:00+00:00,184.0,79.0,151.0629,72.06289672851562
2017-01-03 22:00:00+00:00,177.0,86.0,148.4501,62.450103759765625
2017-01-03 23:00:00+00:00,187.0,92.0,149.14073,57.14073181152344
2017-01-04 00:00:00+00:00,200.0,101.0,141.31929,40.31929016113281
2017-01-04 01:00:00+00:00,200.0,100.0,142.16325,42.16325378417969
2017-01-04 02:00:00+00:00,203.0,99.0,140.47127,41.47126770019531
2017-01-04 03:00:00+00:00,203.0,110.0,140.83786,30.837860107421875
2017-01-04 04:00:00+00:00,231.0,98.0,141.9301,43.93009948730469
2017-01-04 05:00:00+00:00,254.0,96.0,142.73918,46.73918151855469
2017-01-04 06:00:00+00:00,256.0,85.0,148.30585,63.30584716796875
2017-01-04 07:00:00+00:00,256.0,92.0,147.3966,55.3966064453125
2017-01-04 08:00:00+00:00,261.0,92.0,145.38321,53.383209228515625
2017-01-04 09:00:00+00:00,246.0,87.0,139.80289,52.802886962890625
2017-01-04 10:00:00+00:00,236.0,111.0,136.23628,25.236282348632812
2017-01-04 11:00:00+00:00,238.0,111.0,127.512505,16.51250457763672
2017-01-04 12:00:00+00:00,289.0,112.0,129.393,17.39300537109375
2017-01-04 13:00:00+00:00,333.0,106.0,126.070076,20.07007598876953
2017-01-04 14:00:00+00:00,324.0,104.0,133.51599,29.5159912109375
2017-01-04 15:00:00+00:00,324.0,104.0,141.49533,37.495330810546875
2017-01-04 16:00:00+00:00,314.0,91.0,147.77887,56.77886962890625
2017-01-04 17:00:00+00:00,324.0,90.0,153.98138,63.98138427734375
2017-01-04 18:00:00+00:00,316.0,88.0,155.18857,67.18856811523438
2017-01-04 19:00:00+00:00,300.0,93.0,151.41525,58.415252685546875
2017-01-04 20:00:00+00:00,301.0,95.0,149.73021,54.73020935058594
2017-01-04 21:00:00+00:00,299.0,103.0,149.15773,46.15773010253906
2017-01-04 22:00:00+00:00,300.0,102.0,146.44981,44.44981384277344
2017-01-04 23:00:00+00:00,283.0,103.0,148.13005,45.13005065917969
2017-01-05 00:00:00+00:00,272.0,111.0,145.92807,34.928070068359375
2017-01-05 01:00:00+00:00,273.0,111.0,144.93652,33.9365234375
2017-01-05 02:00:00+00:00,293.0,112.0,149.92929,37.929290771484375
2017-01-05 03:00:00+00:00,322.0,123.0,140.3832,17.383193969726562
2017-01-05 04:00:00+00:00,304.0,125.0,149.11435,24.114349365234375
2017-01-05 05:00:00+00:00,280.0,124.0,146.43224,22.432235717773438
2017-01-05 06:00:00+00:00,266.0,87.0,143.37752,56.37751770019531
2017-01-05 07:00:00+00:00,190.0,76.0,141.87946,65.87945556640625
2017-01-05 08:00:00+00:00,208.0,68.0,133.00912,65.00912475585938
2017-01-05 09:00:00+00:00,,72.0,140.32138,68.32138061523438
2017-01-05 10:00:00+00:00,197.0,81.0,116.53591,35.535911560058594
2017-01-05 11:00:00+00:00,230.0,75.0,120.064865,45.06486511230469
2017-01-05 12:00:00+00:00,250.0,74.0,122.992096,48.992095947265625
2017-01-05 13:00:00+00:00,253.0,80.0,126.6713,46.671302795410156
2017-01-05 14:00:00+00:00,246.0,80.0,122.18111,42.18110656738281
2017-01-05 15:00:00+00:00,241.0,85.0,124.63646,39.63645935058594
2017-01-05 16:00:00+00:00,215.0,87.0,134.19547,47.195465087890625
2017-01-05 17:00:00+00:00,224.0,91.0,131.05841,40.05841064453125
2017-01-05 18:00:00+00:00,226.0,96.0,138.05762,42.0576171875
2017-01-05 19:00:00+00:00,217.0,101.0,136.34077,35.34077453613281
2017-01-05 20:00:00+00:00,240.0,109.0,133.9238,24.923797607421875
2017-01-05 21:00:00+00:00,244.0,124.0,131.41446,7.414459228515625
2017-01-05 22:00:00+00:00,230.0,137.0,130.14815,6.8518524169921875
2017-01-05 23:00:00+00:00,232.0,126.0,133.7193,7.71929931640625
2017-01-06 00:00:00+00:00,237.0,127.0,139.67413,12.67413330078125
2017-01-06 01:00:00+00:00,243.0,125.0,138.02843,13.028427124023438
2017-01-06 02:00:00+00:00,242.0,127.0,144.05318,17.053176879882812
2017-01-06 03:00:00+00:00,249.0,136.0,151.31288,15.312881469726562
2017-01-06 04:00:00+00:00,247.0,136.0,143.0572,7.0572052001953125
2017-01-06 05:00:00+00:00,272.0,121.0,126.42224,5.4222412109375
2017-01-06 06:00:00+00:00,279.0,90.0,123.59296,33.59295654296875
2017-01-06 07:00:00+00:00,276.0,90.0,124.29392,34.293922424316406
2017-01-06 08:00:00+00:00,231.0,72.0,124.61471,52.614707946777344
2017-01-06 09:00:00+00:00,177.0,81.0,123.56152,42.5615234375
2017-01-06 10:00:00+00:00,154.0,88.0,129.81447,41.81446838378906
2017-01-06 11:00:00+00:00,124.0,105.0,124.3088,19.308799743652344
2017-01-06 12:00:00+00:00,130.0,107.0,119.05768,12.05767822265625
2017-01-06 13:00:00+00:00,129.0,119.0,122.67519,3.6751937866210938
2017-01-06 14:00:00+00:00,138.0,110.0,124.63122,14.631217956542969
2017-01-06 15:00:00+00:00,133.0,109.0,124.32658,15.326576232910156
2017-01-06 16:00:00+00:00,126.0,93.0,122.27861,29.278610229492188
2017-01-06 17:00:00+00:00,124.0,101.0,126.46059,25.460586547851562
2017-01-06 18:00:00+00:00,126.0,113.0,129.26106,16.261062622070312
2017-01-06 19:00:00+00:00,108.0,106.0,132.62233,26.622329711914062
2017-01-06 20:00:00+00:00,79.0,106.0,132.16222,26.162216186523438
2017-01-06 21:00:00+00:00,49.0,105.0,141.51857,36.51856994628906
2017-01-06 23:00:00+00:00,34.0,123.0,128.92657,5.92657470703125
2017-01-07 00:00:00+00:00,34.0,121.0,125.83512,4.835121154785156
2017-01-07 01:00:00+00:00,43.0,130.0,126.00924,3.9907608032226562
2017-01-07 02:00:00+00:00,52.0,118.0,127.305786,9.3057861328125
2017-01-07 03:00:00+00:00,53.0,110.0,116.39782,6.397819519042969
2017-01-07 04:00:00+00:00,64.0,120.0,115.38977,4.6102294921875
2017-01-07 05:00:00+00:00,61.0,101.0,101.891136,0.8911361694335938
2017-01-07 06:00:00+00:00,68.0,100.0,105.42859,5.4285888671875
2017-01-07 07:00:00+00:00,72.0,86.0,108.43703,22.437026977539062
2017-01-07 08:00:00+00:00,76.0,88.0,109.21153,21.211532592773438
2017-01-07 09:00:00+00:00,79.0,93.0,119.12551,26.125511169433594
2017-01-07 10:00:00+00:00,85.0,122.0,115.34991,6.650093078613281
2017-01-07 11:00:00+00:00,87.0,123.0,99.813644,23.186355590820312
2017-01-07 12:00:00+00:00,87.0,125.0,104.246796,20.753204345703125
2017-01-07 13:00:00+00:00,92.0,118.0,101.8839,16.11609649658203
2017-01-07 14:00:00+00:00,93.0,123.0,105.03175,17.968246459960938
2017-01-07 15:00:00+00:00,90.0,136.0,108.02659,27.973411560058594
2017-01-07 16:00:00+00:00,81.0,140.0,109.50569,30.494308471679688
2017-01-07 17:00:00+00:00,86.0,149.0,95.17079,53.82920837402344
2017-01-07 18:00:00+00:00,88.0,136.0,94.144775,41.855224609375
2017-01-07 19:00:00+00:00,93.0,143.0,75.44521,67.5547866821289
2017-01-07 20:00:00+00:00,94.0,138.0,69.65583,68.34416961669922
2017-01-07 21:00:00+00:00,80.0,138.0,74.45577,63.544227600097656
2017-01-07 22:00:00+00:00,81.0,141.0,72.90368,68.09632110595703
2017-01-07 23:00:00+00:00,97.0,137.0,75.31255,61.68744659423828
2017-01-08 00:00:00+00:00,96.0,139.0,86.13167,52.86833190917969
2017-01-08 01:00:00+00:00,90.0,154.0,80.83409,73.16590881347656
2017-01-08 02:00:00+00:00,95.0,153.0,83.339226,69.66077423095703
2017-01-08 03:00:00+00:00,82.0,150.0,92.76857,57.23143005371094
2017-01-08 04:00:00+00:00,75.0,188.0,85.72313,102.27687072753906
2017-01-08 05:00:00+00:00,84.0,195.0,79.837036,115.1629638671875
2017-01-08 06:00:00+00:00,78.0,125.0,77.61359,47.38641357421875
2017-01-08 07:00:00+00:00,90.0,158.0,87.2102,70.78980255126953
2017-01-08 09:00:00+00:00,83.0,213.0,88.20085,124.79914855957031
2017-01-08 10:00:00+00:00,87.0,211.0,89.59932,121.40068054199219
2017-01-08 11:00:00+00:00,96.0,200.0,86.73195,113.26805114746094
2017-01-08 12:00:00+00:00,108.0,192.0,86.953094,105.04690551757812
2017-01-08 13:00:00+00:00,104.0,181.0,87.75439,93.24561309814453
2017-01-08 14:00:00+00:00,91.0,181.0,86.79279,94.20720672607422
2017-01-08 15:00:00+00:00,95.0,197.0,86.83151,110.16848754882812
2017-01-08 16:00:00+00:00,87.0,201.0,84.270546,116.72945404052734
2017-01-08 17:00:00+00:00,87.0,190.0,88.97102,101.02897644042969
2017-01-08 18:00:00+00:00,97.0,194.0,88.62213,105.37786865234375
2017-01-08 19:00:00+00:00,93.0,203.0,91.97016,111.02983856201172
2017-01-08 20:00:00+00:00,91.0,236.0,87.74519,148.2548065185547
2017-01-08 21:00:00+00:00,96.0,236.0,82.458725,153.54127502441406
2017-01-08 22:00:00+00:00,81.0,242.0,87.83306,154.16693878173828
2017-01-08 23:00:00+00:00,78.0,237.0,103.1639,133.83609771728516
2017-01-10 00:00:00+00:00,34.0,156.0,88.368164,67.6318359375
2017-01-10 01:00:00+00:00,39.0,160.0,90.02789,69.97210693359375
2017-01-10 02:00:00+00:00,38.0,156.0,96.45503,59.54496765136719
2017-01-10 03:00:00+00:00,40.0,168.0,93.25831,74.74169158935547
2017-01-10 04:00:00+00:00,39.0,171.0,90.8547,80.14530181884766
2017-01-10 05:00:00+00:00,39.0,152.0,82.66117,69.33882904052734
2017-01-10 06:00:00+00:00,40.0,131.0,91.24029,39.75971221923828
2017-01-10 07:00:00+00:00,,126.0,91.75524,34.24475860595703
2017-01-10 08:00:00+00:00,,134.0,89.10452,44.895477294921875
2017-01-10 09:00:00+00:00,47.0,143.0,87.09669,55.90331268310547
2017-01-10 10:00:00+00:00,41.0,133.0,85.95079,47.04920959472656
2017-01-10 11:00:00+00:00,38.0,140.0,83.536026,56.46397399902344
2017-01-10 12:00:00+00:00,,153.0,85.276566,67.72343444824219
2017-01-10 13:00:00+00:00,41.0,159.0,79.8385,79.1614990234375
2017-01-10 14:00:00+00:00,46.0,165.0,82.458694,82.54130554199219
2017-01-10 15:00:00+00:00,43.0,163.0,80.58514,82.41486358642578
2017-01-10 16:00:00+00:00,44.0,175.0,84.94854,90.05146026611328
2017-01-10 17:00:00+00:00,37.0,165.0,82.75598,82.2440185546875
2017-01-10 18:00:00+00:00,37.0,174.0,91.99988,82.0001220703125
2017-01-10 19:00:00+00:00,34.0,174.0,93.126236,80.87376403808594
2017-01-10 20:00:00+00:00,39.0,174.0,85.28425,88.71575164794922
2017-01-10 21:00:00+00:00,49.0,180.0,88.13516,91.86483764648438
2017-01-10 22:00:00+00:00,49.0,176.0,87.95176,88.0482406616211
2017-01-10 23:00:00+00:00,37.0,175.0,96.993324,78.00667572021484
2017-01-11 00:00:00+00:00,40.0,175.0,88.013374,86.98662567138672
2017-01-11 01:00:00+00:00,42.0,185.0,87.99962,97.00038146972656
2017-01-11 02:00:00+00:00,38.0,200.0,88.77135,111.22865295410156
2017-01-11 03:00:00+00:00,37.0,195.0,87.10992,107.89008331298828
2017-01-11 04:00:00+00:00,37.0,174.0,89.60221,84.39778900146484
2017-01-11 05:00:00+00:00,39.0,164.0,82.40846,81.59153747558594
2017-01-11 06:00:00+00:00,41.0,137.0,77.02436,59.97563934326172
2017-01-11 07:00:00+00:00,42.0,136.0,79.61392,56.386077880859375
2017-01-11 08:00:00+00:00,39.0,135.0,74.97227,60.027732849121094
2017-01-11 09:00:00+00:00,46.0,137.0,78.29116,58.708839416503906
2017-01-11 10:00:00+00:00,,128.0,81.44279,46.557212829589844
2017-01-11 11:00:00+00:00,42.0,143.0,77.516815,65.48318481445312
2017-01-11 12:00:00+00:00,53.0,156.0,73.163475,82.8365249633789
2017-01-11 13:00:00+00:00,47.0,150.0,75.13659,74.86341094970703
2017-01-11 14:00:00+00:00,82.0,157.0,77.38415,79.61585235595703
2017-01-11 15:00:00+00:00,97.0,164.0,76.615944,87.3840560913086
2017-01-11 16:00:00+00:00,95.0,179.0,86.820694,92.17930603027344
2017-01-11 17:00:00+00:00,82.0,171.0,81.898506,89.10149383544922
2017-01-11 18:00:00+00:00,79.0,173.0,88.884964,84.11503601074219
2017-01-11 19:00:00+00:00,78.0,170.0,90.01419,79.98580932617188
2017-01-11 20:00:00+00:00,63.0,160.0,76.48412,83.51587677001953
2017-01-11 21:00:00+00:00,60.0,157.0,75.93426,81.06574249267578
2017-01-11 22:00:00+00:00,65.0,152.0,74.59857,77.40142822265625
2017-01-11 23:00:00+00:00,67.0,168.0,70.76493,97.23506927490234
2017-01-12 00:00:00+00:00,62.0,175.0,94.16471,80.83528900146484
2017-01-12 01:00:00+00:00,57.0,187.0,92.61329,94.38671112060547
2017-01-12 02:00:00+00:00,52.0,221.0,89.6143,131.3856964111328
2017-01-12 03:00:00+00:00,57.0,220.0,74.897804,145.1021957397461
2017-01-12 04:00:00+00:00,58.0,214.0,74.78759,139.21240997314453
2017-01-12 05:00:00+00:00,44.0,195.0,68.72647,126.27352905273438
2017-01-12 06:00:00+00:00,47.0,170.0,62.96173,107.03826904296875
2017-01-12 07:00:00+00:00,48.0,159.0,57.771515,101.22848510742188
2017-01-12 08:00:00+00:00,42.0,154.0,55.02366,98.9763412475586
2017-01-12 09:00:00+00:00,43.0,175.0,64.53702,110.46298217773438
2017-01-12 10:00:00+00:00,38.0,179.0,48.528885,130.4711151123047
2017-01-12 11:00:00+00:00,58.0,190.0,57.5854,132.41460037231445
2017-01-12 12:00:00+00:00,59.0,194.0,54.38805,139.6119499206543
2017-01-12 13:00:00+00:00,59.0,220.0,55.54416,164.45584106445312
2017-01-12 14:00:00+00:00,77.0,255.0,52.41198,202.58802032470703
2017-01-12 15:00:00+00:00,70.0,253.0,60.70383,192.29616928100586
2017-01-12 16:00:00+00:00,72.0,251.0,63.03639,187.9636116027832
2017-01-12 17:00:00+00:00,77.0,254.0,80.46714,173.5328598022461
2017-01-12 18:00:00+00:00,70.0,240.0,82.62473,157.3752670288086
2017-01-12 19:00:00+00:00,70.0,228.0,85.31449,142.68550872802734
2017-01-12 20:00:00+00:00,60.0,229.0,86.67395,142.3260498046875
2017-01-12 21:00:00+00:00,58.0,234.0,69.80724,164.19275665283203
2017-01-12 22:00:00+00:00,64.0,230.0,69.31401,160.6859893798828
2017-01-12 23:00:00+00:00,56.0,228.0,86.37321,141.62679290771484
2017-01-13 00:00:00+00:00,62.0,222.0,95.700134,126.29986572265625
2017-01-13 01:00:00+00:00,63.0,213.0,99.334076,113.66592407226562
2017-01-13 02:00:00+00:00,66.0,197.0,101.89253,95.10746765136719
2017-01-13 03:00:00+00:00,57.0,173.0,90.50766,82.49234008789062
2017-01-13 04:00:00+00:00,59.0,145.0,80.08804,64.91195678710938
2017-01-13 05:00:00+00:00,50.0,126.0,80.30635,45.69364929199219
2017-01-13 06:00:00+00:00,52.0,186.0,76.66436,109.33563995361328
2017-01-13 07:00:00+00:00,62.0,153.0,71.10997,81.89002990722656
2017-01-13 08:00:00+00:00,60.0,132.0,66.46293,65.53707122802734
2017-01-13 09:00:00+00:00,59.0,107.0,69.902176,37.09782409667969
2017-01-13 10:00:00+00:00,60.0,106.0,76.8774,29.122596740722656
2017-01-13 11:00:00+00:00,74.0,141.0,82.3507,58.64929962158203
2017-01-13 12:00:00+00:00,72.0,141.0,80.908195,60.09180450439453
2017-01-13 13:00:00+00:00,65.0,140.0,84.84647,55.153526306152344
2017-01-13 14:00:00+00:00,70.0,155.0,86.96544,68.03456115722656
2017-01-13 15:00:00+00:00,66.0,188.0,87.94441,100.05558776855469
2017-01-13 16:00:00+00:00,64.0,196.0,88.35595,107.64405059814453
2017-01-13 17:00:00+00:00,69.0,199.0,101.360756,97.63924407958984
2017-01-13 18:00:00+00:00,75.0,216.0,107.923775,108.07622528076172
2017-01-13 19:00:00+00:00,70.0,223.0,102.137985,120.86201477050781
2017-01-13 20:00:00+00:00,80.0,229.0,100.18477,128.8152313232422
2017-01-13 21:00:00+00:00,78.0,237.0,103.02101,133.97898864746094
2017-01-13 22:00:00+00:00,76.0,257.0,100.563614,156.43638610839844
2017-01-13 23:00:00+00:00,78.0,266.0,103.54169,162.45831298828125
2017-01-14 00:00:00+00:00,79.0,269.0,106.366005,162.63399505615234
2017-01-14 01:00:00+00:00,90.0,255.0,103.18813,151.8118667602539
2017-01-14 02:00:00+00:00,80.0,237.0,96.06493,140.93506622314453
2017-01-14 03:00:00+00:00,69.0,235.0,95.61613,139.38387298583984
2017-01-14 04:00:00+00:00,65.0,241.0,91.351814,149.64818572998047
2017-01-14 05:00:00+00:00,64.0,199.0,89.75669,109.2433090209961
2017-01-14 06:00:00+00:00,80.0,150.0,88.00033,61.999671936035156
2017-01-14 07:00:00+00:00,87.0,144.0,87.36451,56.63549041748047
2017-01-14 08:00:00+00:00,98.0,85.0,91.89324,6.893241882324219
2017-01-14 09:00:00+00:00,92.0,83.0,91.72872,8.728721618652344
2017-01-14 10:00:00+00:00,96.0,88.0,94.121635,6.121635437011719
2017-01-14 11:00:00+00:00,105.0,96.0,99.80871,3.8087081909179688
2017-01-14 12:00:00+00:00,102.0,99.0,101.32635,2.3263473510742188
2017-01-14 13:00:00+00:00,100.0,90.0,102.80521,12.805206298828125
2017-01-14 14:00:00+00:00,102.0,70.0,104.18414,34.18414306640625
2017-01-14 15:00:00+00:00,116.0,63.0,108.38054,45.38053894042969
2017-01-14 16:00:00+00:00,116.0,64.0,115.68194,51.68193817138672
2017-01-14 17:00:00+00:00,,78.0,123.718956,45.718955993652344
2017-01-14 18:00:00+00:00,125.0,90.0,123.32116,33.32115936279297
2017-01-14 19:00:00+00:00,118.0,87.0,108.70253,21.702529907226562
2017-01-14 20:00:00+00:00,125.0,84.0,100.40656,16.40656280517578
2017-01-14 21:00:00+00:00,133.0,79.0,108.90721,29.907211303710938
2017-01-14 22:00:00+00:00,144.0,110.0,113.075905,3.0759048461914062
2017-01-14 23:00:00+00:00,142.0,114.0,108.91263,5.087371826171875
2017-01-15 00:00:00+00:00,151.0,121.0,104.67835,16.32164764404297
2017-01-15 01:00:00+00:00,166.0,122.0,115.57534,6.424659729003906
2017-01-15 02:00:00+00:00,158.0,105.0,120.068565,15.068565368652344
2017-01-15 03:00:00+00:00,151.0,72.0,112.18495,40.18495178222656
2017-01-15 04:00:00+00:00,154.0,63.0,110.56314,47.563140869140625
2017-01-15 05:00:00+00:00,130.0,55.0,99.42828,44.42828369140625
2017-01-15 06:00:00+00:00,121.0,51.0,90.377625,39.37762451171875
2017-01-15 07:00:00+00:00,162.0,41.0,87.22322,46.22322082519531
2017-01-15 08:00:00+00:00,154.0,40.0,94.69394,54.693939208984375
2017-01-15 09:00:00+00:00,157.0,45.0,96.76812,51.76811981201172
2017-01-15 10:00:00+00:00,145.0,44.0,101.98863,57.98863220214844
2017-01-15 11:00:00+00:00,124.0,51.0,99.053154,48.05315399169922
2017-01-15 12:00:00+00:00,122.0,53.0,94.230675,41.230674743652344
2017-01-15 13:00:00+00:00,125.0,76.0,95.0169,19.01689910888672
2017-01-15 14:00:00+00:00,133.0,70.0,93.967224,23.96722412109375
2017-01-15 15:00:00+00:00,128.0,86.0,99.45727,13.457267761230469
2017-01-15 16:00:00+00:00,118.0,98.0,103.595215,5.59521484375
2017-01-15 17:00:00+00:00,113.0,105.0,105.51978,0.5197830200195312
2017-01-15 18:00:00+00:00,107.0,107.0,106.85893,0.1410675048828125
2017-01-15 19:00:00+00:00,94.0,96.0,102.885605,6.8856048583984375
2017-01-15 20:00:00+00:00,98.0,69.0,98.78635,29.786346435546875
2017-01-15 21:00:00+00:00,94.0,61.0,105.57668,44.576683044433594
2017-01-15 22:00:00+00:00,94.0,53.0,109.11524,56.11524200439453
2017-01-15 23:00:00+00:00,95.0,111.0,111.90319,0.9031906127929688
2017-01-16 00:00:00+00:00,95.0,103.0,125.138695,22.138694763183594
2017-01-16 01:00:00+00:00,98.0,101.0,122.33469,21.334686279296875
2017-01-16 02:00:00+00:00,105.0,91.0,113.914894,22.914894104003906
2017-01-16 03:00:00+00:00,99.0,75.0,109.020226,34.020225524902344
2017-01-16 04:00:00+00:00,99.0,66.0,103.581055,37.5810546875
2017-01-16 05:00:00+00:00,100.0,65.0,99.02685,34.02684783935547
2017-01-16 06:00:00+00:00,88.0,70.0,99.84575,29.845748901367188
2017-01-16 07:00:00+00:00,91.0,65.0,95.80218,30.80217742919922
2017-01-16 08:00:00+00:00,88.0,48.0,97.88946,49.88945770263672
2017-01-16 09:00:00+00:00,81.0,56.0,96.832344,40.83234405517578
2017-01-16 10:00:00+00:00,82.0,75.0,98.22549,23.225486755371094
2017-01-16 11:00:00+00:00,83.0,67.0,101.039536,34.03953552246094
2017-01-16 12:00:00+00:00,81.0,62.0,104.29965,42.299652099609375
2017-01-16 13:00:00+00:00,85.0,70.0,104.13444,34.134437561035156
2017-01-16 14:00:00+00:00,97.0,66.0,103.44913,37.449127197265625
2017-01-16 15:00:00+00:00,97.0,63.0,106.51743,43.517433166503906
2017-01-16 16:00:00+00:00,91.0,64.0,111.07702,47.07701873779297
2017-01-16 17:00:00+00:00,106.0,77.0,111.42597,34.42597198486328
2017-01-16 18:00:00+00:00,100.0,76.0,112.323555,36.32355499267578
2017-01-16 19:00:00+00:00,105.0,74.0,113.82063,39.82063293457031
2017-01-16 20:00:00+00:00,98.0,64.0,109.32224,45.322242736816406
2017-01-16 21:00:00+00:00,98.0,62.0,113.16315,51.16314697265625
2017-01-16 22:00:00+00:00,94.0,62.0,111.677475,49.67747497558594
2017-01-16 23:00:00+00:00,99.0,63.0,113.98388,50.98387908935547
2017-01-17 00:00:00+00:00,100.0,66.0,93.13428,27.13427734375
2017-01-17 01:00:00+00:00,106.0,59.0,93.61181,34.61180877685547
2017-01-17 02:00:00+00:00,104.0,44.0,89.62151,45.62151336669922
2017-01-17 03:00:00+00:00,109.0,42.0,82.75263,40.75263214111328
2017-01-17 04:00:00+00:00,95.0,40.0,79.82055,39.82054901123047
2017-01-17 05:00:00+00:00,88.0,38.0,67.44492,29.444923400878906
2017-01-17 06:00:00+00:00,82.0,39.0,67.650024,28.6500244140625
2017-01-17 07:00:00+00:00,80.0,35.0,60.649715,25.649715423583984
2017-01-17 08:00:00+00:00,83.0,29.0,61.887764,32.88776397705078
2017-01-17 09:00:00+00:00,82.0,28.0,62.223454,34.223453521728516
2017-01-17 10:00:00+00:00,121.0,29.0,63.054523,34.05452346801758
2017-01-17 11:00:00+00:00,115.0,36.0,67.1289,31.12889862060547
2017-01-17 12:00:00+00:00,129.0,37.0,66.27729,29.27729034423828
2017-01-17 13:00:00+00:00,97.0,37.0,71.475555,34.475555419921875
2017-01-17 14:00:00+00:00,103.0,49.0,69.83789,20.837890625
2017-01-17 15:00:00+00:00,89.0,42.0,70.75605,28.75605010986328
2017-01-17 16:00:00+00:00,90.0,46.0,66.42413,20.42413330078125
2017-01-17 17:00:00+00:00,91.0,44.0,68.214035,24.214035034179688
2017-01-17 18:00:00+00:00,88.0,48.0,71.54033,23.540328979492188
2017-01-17 19:00:00+00:00,75.0,45.0,73.03442,28.03441619873047
2017-01-17 20:00:00+00:00,80.0,41.0,73.53586,32.535858154296875
2017-01-17 21:00:00+00:00,79.0,50.0,76.17643,26.176429748535156
2017-01-17 22:00:00+00:00,86.0,46.0,76.67907,30.67906951904297
2017-01-17 23:00:00+00:00,92.0,46.0,77.24272,31.242721557617188
2017-01-18 00:00:00+00:00,101.0,45.0,72.01214,27.01213836669922
2017-01-18 01:00:00+00:00,100.0,46.0,69.79271,23.792709350585938
2017-01-18 02:00:00+00:00,99.0,41.0,67.24636,26.246360778808594
2017-01-18 03:00:00+00:00,110.0,41.0,63.383675,22.38367462158203
2017-01-18 04:00:00+00:00,98.0,39.0,58.845688,19.845687866210938
2017-01-18 05:00:00+00:00,96.0,51.0,52.360855,1.3608551025390625
2017-01-18 06:00:00+00:00,85.0,42.0,48.618126,6.618125915527344
2017-01-18 07:00:00+00:00,92.0,42.0,49.667446,7.667446136474609
2017-01-18 08:00:00+00:00,92.0,44.0,49.756027,5.7560272216796875
2017-01-18 09:00:00+00:00,87.0,41.0,53.014378,12.01437759399414
2017-01-18 10:00:00+00:00,111.0,54.0,55.249577,1.2495765686035156
2017-01-18 11:00:00+00:00,111.0,60.0,57.68913,2.310871124267578
2017-01-18 12:00:00+00:00,112.0,61.0,66.05541,5.055412292480469
2017-01-18 13:00:00+00:00,106.0,65.0,60.801613,4.198387145996094
2017-01-18 14:00:00+00:00,104.0,67.0,63.411736,3.5882644653320312
2017-01-18 15:00:00+00:00,104.0,59.0,63.151836,4.151836395263672
2017-01-18 16:00:00+00:00,91.0,73.0,61.752827,11.247173309326172
2017-01-18 17:00:00+00:00,90.0,60.0,66.15389,6.153892517089844
2017-01-18 18:00:00+00:00,88.0,56.0,65.70254,9.702537536621094
2017-01-18 19:00:00+00:00,93.0,52.0,67.358536,15.358535766601562
2017-01-18 20:00:00+00:00,95.0,53.0,73.404755,20.404754638671875
2017-01-18 21:00:00+00:00,103.0,53.0,75.28792,22.287918090820312
2017-01-18 22:00:00+00:00,102.0,58.0,73.49071,15.490707397460938
2017-01-18 23:00:00+00:00,103.0,60.0,78.03484,18.03484344482422
2017-01-19 00:00:00+00:00,111.0,61.0,99.276024,38.276023864746094
2017-01-19 01:00:00+00:00,111.0,65.0,96.52111,31.52111053466797
2017-01-19 02:00:00+00:00,112.0,73.0,93.4775,20.477500915527344
2017-01-19 03:00:00+00:00,123.0,71.0,90.548645,19.54864501953125
2017-01-19 04:00:00+00:00,125.0,65.0,86.11309,21.11309051513672
2017-01-19 05:00:00+00:00,124.0,63.0,79.76848,16.768478393554688
2017-01-19 06:00:00+00:00,87.0,61.0,80.29564,19.295639038085938
2017-01-19 07:00:00+00:00,76.0,58.0,80.017624,22.017623901367188
2017-01-19 08:00:00+00:00,68.0,57.0,77.987076,20.987075805664062
2017-01-19 09:00:00+00:00,72.0,64.0,75.827515,11.8275146484375
2017-01-19 10:00:00+00:00,81.0,69.0,79.0573,10.057296752929688
2017-01-19 11:00:00+00:00,75.0,69.0,80.08942,11.08941650390625
2017-01-19 12:00:00+00:00,74.0,74.0,85.14948,11.149482727050781
2017-01-19 13:00:00+00:00,80.0,68.0,79.962776,11.962776184082031
2017-01-19 14:00:00+00:00,80.0,61.0,82.61984,21.619842529296875
2017-01-19 15:00:00+00:00,85.0,59.0,83.09402,24.094017028808594
2017-01-19 16:00:00+00:00,87.0,67.0,83.90768,16.907676696777344
2017-01-19 17:00:00+00:00,91.0,70.0,81.57012,11.570121765136719
2017-01-19 18:00:00+00:00,96.0,69.0,83.14695,14.146949768066406
2017-01-19 19:00:00+00:00,101.0,65.0,86.49352,21.49352264404297
2017-01-19 20:00:00+00:00,109.0,65.0,87.741455,22.741455078125
2017-01-19 21:00:00+00:00,124.0,70.0,91.3259,21.325897216796875
2017-01-19 22:00:00+00:00,137.0,70.0,97.29251,27.292510986328125
2017-01-19 23:00:00+00:00,126.0,69.0,105.74336,36.74336242675781
2017-01-20 00:00:00+00:00,127.0,67.0,105.87586,38.87586212158203
2017-01-20 01:00:00+00:00,125.0,64.0,108.76996,44.76995849609375
2017-01-20 02:00:00+00:00,127.0,65.0,107.55664,42.556640625
2017-01-20 03:00:00+00:00,136.0,62.0,103.371216,41.3712158203125
2017-01-20 04:00:00+00:00,136.0,64.0,102.643745,38.64374542236328
2017-01-20 05:00:00+00:00,121.0,73.0,102.21437,29.214370727539062
2017-01-20 06:00:00+00:00,90.0,65.0,97.09897,32.098968505859375
2017-01-20 07:00:00+00:00,90.0,63.0,92.320244,29.32024383544922
2017-01-20 08:00:00+00:00,72.0,68.0,94.58998,26.589981079101562
2017-01-20 09:00:00+00:00,81.0,65.0,94.565254,29.56525421142578
2017-01-20 10:00:00+00:00,88.0,79.0,101.998955,22.99895477294922
2017-01-20 11:00:00+00:00,105.0,68.0,104.6069,36.606903076171875
2017-01-20 12:00:00+00:00,107.0,74.0,99.58077,25.580772399902344
2017-01-20 13:00:00+00:00,119.0,75.0,99.33081,24.330810546875
2017-01-20 14:00:00+00:00,110.0,75.0,104.38914,29.389137268066406
2017-01-20 15:00:00+00:00,109.0,82.0,98.653564,16.653564453125
2017-01-20 16:00:00+00:00,93.0,75.0,96.44625,21.446250915527344
2017-01-20 18:00:00+00:00,113.0,81.0,98.85273,17.85272979736328
2017-01-20 19:00:00+00:00,106.0,68.0,99.01608,31.016082763671875
2017-01-20 20:00:00+00:00,106.0,70.0,97.05818,27.058181762695312
2017-01-20 21:00:00+00:00,105.0,67.0,103.65653,36.656532287597656
2017-01-20 22:00:00+00:00,,73.0,102.21447,29.21446990966797
2017-01-20 23:00:00+00:00,123.0,71.0,104.295906,33.29590606689453
2017-01-21 00:00:00+00:00,121.0,76.0,96.54177,20.541770935058594
2017-01-21 01:00:00+00:00,130.0,75.0,95.26226,20.26226043701172
2017-01-21 02:00:00+00:00,118.0,80.0,98.47082,18.47081756591797
2017-01-21 03:00:00+00:00,110.0,85.0,99.827225,14.827224731445312
2017-01-21 04:00:00+00:00,120.0,75.0,91.78999,16.789993286132812
2017-01-21 05:00:00+00:00,101.0,80.0,91.77515,11.775146484375
2017-01-21 06:00:00+00:00,100.0,70.0,88.680756,18.680755615234375
2017-01-21 07:00:00+00:00,86.0,71.0,86.20827,15.208267211914062
2017-01-21 08:00:00+00:00,88.0,64.0,83.666595,19.666595458984375
2017-01-21 09:00:00+00:00,93.0,59.0,82.239075,23.23907470703125
2017-01-21 10:00:00+00:00,122.0,72.0,83.779015,11.779014587402344
2017-01-21 12:00:00+00:00,125.0,77.0,88.6808,11.680801391601562
2017-01-21 13:00:00+00:00,118.0,80.0,94.21247,14.212471008300781
2017-01-21 14:00:00+00:00,123.0,86.0,86.969086,0.969085693359375
2017-01-22 20:00:00+00:00,236.0,84.0,118.76813,34.76812744140625
2017-01-23 02:00:00+00:00,,103.0,126.55064,23.550636291503906
2017-01-23 03:00:00+00:00,,109.0,128.03156,19.03155517578125
2017-01-23 04:00:00+00:00,,110.0,127.59296,17.59295654296875
2017-01-23 05:00:00+00:00,,103.0,116.11396,13.113960266113281
2017-01-23 06:00:00+00:00,,100.0,105.52292,5.522918701171875
2017-01-23 07:00:00+00:00,,101.0,98.05149,2.9485092163085938
2017-01-23 08:00:00+00:00,,91.0,90.04728,0.9527206420898438
2017-01-23 09:00:00+00:00,,88.0,99.90156,11.901557922363281
2017-01-23 10:00:00+00:00,,98.0,94.87123,3.1287689208984375
2017-01-23 11:00:00+00:00,,106.0,99.06815,6.931846618652344
2017-01-23 12:00:00+00:00,,113.0,96.834785,16.16521453857422
2017-01-23 13:00:00+00:00,,111.0,101.04839,9.951606750488281
2017-01-23 14:00:00+00:00,,109.0,99.41412,9.58587646484375
2017-01-23 15:00:00+00:00,,101.0,100.48382,0.5161819458007812
2017-01-23 16:00:00+00:00,,74.0,103.629715,29.629714965820312
2017-01-23 17:00:00+00:00,,88.0,105.590065,17.590065002441406
2017-01-23 18:00:00+00:00,,60.0,104.73632,44.73632049560547
2017-01-23 19:00:00+00:00,,53.0,107.67714,54.67713928222656
2017-01-23 20:00:00+00:00,,40.0,106.134834,66.13483428955078
2017-01-23 21:00:00+00:00,,22.0,105.49484,83.49484252929688
2017-01-23 22:00:00+00:00,,14.0,105.13492,91.13491821289062
2017-01-23 23:00:00+00:00,,13.0,107.360054,94.36005401611328
2017-01-24 00:00:00+00:00,156.0,15.0,93.66892,78.6689224243164
2017-01-24 01:00:00+00:00,160.0,13.0,90.883446,77.8834457397461
2017-01-24 02:00:00+00:00,156.0,14.0,96.49988,82.4998779296875
2017-01-24 03:00:00+00:00,168.0,18.0,98.69412,80.69412231445312
2017-01-24 04:00:00+00:00,171.0,17.0,94.9816,77.98159790039062
2017-01-24 05:00:00+00:00,152.0,19.0,90.54102,71.54102325439453
2017-01-24 06:00:00+00:00,131.0,21.0,90.81129,69.81128692626953
2017-01-24 07:00:00+00:00,126.0,15.0,97.73116,82.73116302490234
2017-01-24 08:00:00+00:00,134.0,16.0,93.501175,77.50117492675781
2017-01-24 09:00:00+00:00,143.0,21.0,89.57862,68.57862091064453
2017-01-24 10:00:00+00:00,133.0,27.0,81.63445,54.63445281982422
2017-01-24 11:00:00+00:00,140.0,32.0,77.9556,45.955596923828125
2017-01-24 12:00:00+00:00,153.0,29.0,79.750854,50.7508544921875
2017-01-24 13:00:00+00:00,159.0,30.0,75.717674,45.717674255371094
2017-01-24 14:00:00+00:00,165.0,31.0,77.32375,46.323753356933594
2017-01-24 15:00:00+00:00,163.0,38.0,73.373665,35.37366485595703
2017-01-24 16:00:00+00:00,175.0,38.0,75.964325,37.964324951171875
2017-01-24 17:00:00+00:00,165.0,43.0,78.95,35.94999694824219
2017-01-24 18:00:00+00:00,174.0,39.0,87.80713,48.80712890625
2017-01-24 19:00:00+00:00,174.0,34.0,86.80625,52.806251525878906
2017-01-24 20:00:00+00:00,174.0,37.0,85.65807,48.65807342529297
2017-01-24 21:00:00+00:00,180.0,36.0,87.25769,51.2576904296875
2017-01-24 22:00:00+00:00,176.0,33.0,89.341896,56.341896057128906
2017-01-24 23:00:00+00:00,175.0,36.0,84.687935,48.68793487548828
2017-01-25 00:00:00+00:00,175.0,33.0,101.8154,68.81539916992188
2017-01-25 01:00:00+00:00,185.0,39.0,99.62631,60.626312255859375
2017-01-25 02:00:00+00:00,200.0,38.0,101.00762,63.00762176513672
