timestamp,pm25,target_pm25_72h,prediction,absolute_error
2016-12-15 09:00:00+00:00,90.0,112.0,88.22308,23.77691650390625
2016-12-15 10:00:00+00:00,80.0,130.0,87.11053,42.88947296142578
2016-12-15 12:00:00+00:00,78.0,113.0,90.117065,22.8829345703125
2016-12-15 13:00:00+00:00,83.0,114.0,92.66188,21.338119506835938
2016-12-15 14:00:00+00:00,118.0,113.0,94.12552,18.874481201171875
2016-12-15 15:00:00+00:00,143.0,109.0,97.77825,11.221748352050781
2016-12-15 16:00:00+00:00,162.0,107.0,98.10913,8.890869140625
2016-12-15 17:00:00+00:00,162.0,111.0,94.36334,16.63665771484375
2016-12-15 18:00:00+00:00,174.0,124.0,95.69601,28.303993225097656
2016-12-15 19:00:00+00:00,171.0,121.0,98.29489,22.705108642578125
2016-12-15 20:00:00+00:00,164.0,117.0,101.89255,15.107452392578125
2016-12-15 21:00:00+00:00,153.0,123.0,102.68706,20.312942504882812
2016-12-15 22:00:00+00:00,150.0,124.0,101.89793,22.102073669433594
2016-12-15 23:00:00+00:00,160.0,122.0,102.68868,19.311317443847656
2016-12-16 00:00:00+00:00,140.0,132.0,104.79269,27.207313537597656
2016-12-16 01:00:00+00:00,163.0,144.0,117.40911,26.59088897705078
2016-12-16 02:00:00+00:00,187.0,152.0,113.36626,38.63374328613281
2016-12-16 03:00:00+00:00,180.0,152.0,112.70985,39.29015350341797
2016-12-16 04:00:00+00:00,175.0,168.0,104.177284,63.822715759277344
2016-12-16 05:00:00+00:00,165.0,174.0,99.7458,74.25420379638672
2016-12-16 06:00:00+00:00,156.0,179.0,104.57879,74.42121124267578
2016-12-16 07:00:00+00:00,152.0,170.0,99.32057,70.67942810058594
2016-12-16 08:00:00+00:00,156.0,170.0,93.28198,76.718017578125
2016-12-16 09:00:00+00:00,98.0,170.0,92.99973,77.0002670288086
2016-12-16 10:00:00+00:00,104.0,162.0,92.08079,69.9192123413086
2016-12-16 11:00:00+00:00,101.0,152.0,93.411125,58.58887481689453
2016-12-16 12:00:00+00:00,95.0,160.0,100.19045,59.809547424316406
2016-12-16 13:00:00+00:00,92.0,167.0,102.19012,64.80988311767578
2016-12-16 14:00:00+00:00,89.0,161.0,102.74253,58.257469177246094
2016-12-16 15:00:00+00:00,97.0,160.0,107.70902,52.290977478027344
2016-12-16 16:00:00+00:00,94.0,182.0,101.386345,80.61365509033203
2016-12-16 17:00:00+00:00,114.0,186.0,100.8119,85.18810272216797
2016-12-16 18:00:00+00:00,108.0,155.0,101.18366,53.81633758544922
2016-12-16 19:00:00+00:00,122.0,148.0,104.314896,43.68510437011719
2016-12-16 20:00:00+00:00,84.0,151.0,106.69598,44.30402374267578
2016-12-16 21:00:00+00:00,76.0,159.0,109.8274,49.17259979248047
2016-12-16 22:00:00+00:00,75.0,178.0,107.357315,70.64268493652344
2016-12-16 23:00:00+00:00,78.0,169.0,109.847404,59.15259552001953
2016-12-17 00:00:00+00:00,76.0,166.0,108.75364,57.246360778808594
2016-12-17 01:00:00+00:00,85.0,173.0,110.387115,62.612884521484375
2016-12-17 02:00:00+00:00,97.0,180.0,103.90326,76.09674072265625
2016-12-17 03:00:00+00:00,95.0,187.0,103.85359,83.14640808105469
2016-12-17 04:00:00+00:00,101.0,200.0,102.644424,97.35557556152344
2016-12-17 05:00:00+00:00,109.0,211.0,97.56291,113.43708801269531
2016-12-17 06:00:00+00:00,112.0,208.0,90.36533,117.6346664428711
2016-12-17 07:00:00+00:00,93.0,208.0,92.290764,115.70923614501953
2016-12-17 08:00:00+00:00,92.0,208.0,90.698746,117.30125427246094
2016-12-17 09:00:00+00:00,81.0,196.0,86.256256,109.74374389648438
2016-12-17 10:00:00+00:00,106.0,184.0,85.757195,98.24280548095703
2016-12-17 11:00:00+00:00,122.0,151.0,88.216995,62.78300476074219
2016-12-17 12:00:00+00:00,130.0,132.0,82.86119,49.13880920410156
2016-12-17 13:00:00+00:00,127.0,134.0,88.149734,45.85026550292969
2016-12-17 14:00:00+00:00,134.0,131.0,89.41016,41.58984375
2016-12-17 15:00:00+00:00,155.0,131.0,95.058975,35.94102478027344
2016-12-17 16:00:00+00:00,138.0,129.0,96.56311,32.4368896484375
2016-12-17 17:00:00+00:00,134.0,142.0,93.297295,48.70270538330078
2016-12-17 18:00:00+00:00,138.0,148.0,91.53905,56.46095275878906
2016-12-17 19:00:00+00:00,141.0,166.0,94.93246,71.06754302978516
2016-12-17 21:00:00+00:00,142.0,147.0,99.38829,47.61170959472656
2016-12-17 22:00:00+00:00,139.0,162.0,105.42823,56.57176971435547
2016-12-17 23:00:00+00:00,145.0,153.0,105.595894,47.40410614013672
2016-12-18 00:00:00+00:00,148.0,168.0,105.92906,62.07093811035156
2016-12-18 01:00:00+00:00,140.0,169.0,101.95783,67.04216766357422
2016-12-18 02:00:00+00:00,148.0,163.0,105.52941,57.47058868408203
2016-12-18 03:00:00+00:00,152.0,158.0,103.62653,54.37346649169922
2016-12-18 04:00:00+00:00,153.0,159.0,105.547676,53.45232391357422
2016-12-18 05:00:00+00:00,146.0,136.0,94.63189,41.36811065673828
2016-12-18 06:00:00+00:00,134.0,108.0,87.31184,20.68816375732422
2016-12-18 07:00:00+00:00,135.0,95.0,86.17254,8.827461242675781
2016-12-18 08:00:00+00:00,110.0,106.0,84.22665,21.773353576660156
2016-12-18 09:00:00+00:00,112.0,103.0,85.856964,17.143035888671875
2016-12-18 10:00:00+00:00,130.0,113.0,80.31413,32.68586730957031
2016-12-18 11:00:00+00:00,,113.0,78.275406,34.72459411621094
2016-12-18 12:00:00+00:00,113.0,116.0,84.020454,31.97954559326172
2016-12-18 13:00:00+00:00,114.0,103.0,84.2427,18.757301330566406
2016-12-18 14:00:00+00:00,113.0,99.0,89.992294,9.007705688476562
2016-12-18 15:00:00+00:00,109.0,101.0,91.11742,9.882583618164062
2016-12-18 16:00:00+00:00,107.0,105.0,88.8951,16.104896545410156
2016-12-18 17:00:00+00:00,111.0,102.0,97.539,4.46099853515625
2016-12-18 18:00:00+00:00,124.0,102.0,99.19082,2.8091812133789062
2016-12-18 19:00:00+00:00,121.0,94.0,97.24483,3.2448272705078125
2016-12-18 20:00:00+00:00,117.0,101.0,102.34225,1.3422470092773438
2016-12-18 21:00:00+00:00,123.0,98.0,105.4353,7.435302734375
2016-12-18 22:00:00+00:00,124.0,97.0,105.085365,8.085365295410156
2016-12-18 23:00:00+00:00,122.0,101.0,101.42454,0.42453765869140625
2016-12-19 00:00:00+00:00,132.0,107.0,114.7658,7.765800476074219
2016-12-19 01:00:00+00:00,144.0,120.0,108.95943,11.040573120117188
2016-12-19 02:00:00+00:00,152.0,115.0,107.63295,7.3670501708984375
2016-12-19 03:00:00+00:00,152.0,102.0,108.516396,6.516395568847656
2016-12-19 04:00:00+00:00,168.0,92.0,107.73775,15.737747192382812
2016-12-19 05:00:00+00:00,174.0,79.0,94.63025,15.6302490234375
2016-12-19 06:00:00+00:00,179.0,61.0,84.258675,23.25867462158203
2016-12-19 07:00:00+00:00,170.0,58.0,82.30003,24.300033569335938
2016-12-19 08:00:00+00:00,170.0,56.0,81.78398,25.783981323242188
2016-12-19 09:00:00+00:00,170.0,63.0,81.13004,18.130043029785156
2016-12-19 10:00:00+00:00,162.0,91.0,81.85222,9.147781372070312
2016-12-19 11:00:00+00:00,152.0,126.0,87.39794,38.60205841064453
2016-12-19 12:00:00+00:00,160.0,129.0,85.397,43.602996826171875
2016-12-19 13:00:00+00:00,167.0,164.0,88.422676,75.57732391357422
2016-12-19 14:00:00+00:00,161.0,146.0,93.14597,52.854026794433594
2016-12-19 15:00:00+00:00,160.0,147.0,94.31884,52.68115997314453
2016-12-19 16:00:00+00:00,182.0,119.0,93.583206,25.416793823242188
2016-12-19 17:00:00+00:00,186.0,101.0,93.28254,7.717460632324219
2016-12-19 18:00:00+00:00,155.0,181.0,93.598274,87.40172576904297
2016-12-19 19:00:00+00:00,148.0,147.0,98.534775,48.46522521972656
2016-12-19 20:00:00+00:00,151.0,142.0,101.790985,40.209014892578125
2016-12-19 21:00:00+00:00,159.0,134.0,106.89917,27.100830078125
2016-12-19 22:00:00+00:00,178.0,122.0,101.757225,20.242774963378906
2016-12-19 23:00:00+00:00,169.0,108.0,102.28915,5.710853576660156
2016-12-20 00:00:00+00:00,166.0,116.0,100.862564,15.137435913085938
2016-12-20 01:00:00+00:00,173.0,118.0,101.968605,16.031394958496094
2016-12-20 02:00:00+00:00,180.0,121.0,99.248665,21.75133514404297
2016-12-20 03:00:00+00:00,187.0,127.0,99.73312,27.266876220703125
2016-12-20 04:00:00+00:00,200.0,132.0,100.23569,31.764312744140625
2016-12-20 05:00:00+00:00,211.0,137.0,91.2886,45.711402893066406
2016-12-20 06:00:00+00:00,208.0,146.0,85.547775,60.45222473144531
2016-12-20 07:00:00+00:00,208.0,149.0,87.18954,61.810462951660156
2016-12-20 08:00:00+00:00,208.0,161.0,87.249,73.7509994506836
2016-12-20 09:00:00+00:00,196.0,157.0,87.712776,69.28722381591797
2016-12-20 10:00:00+00:00,184.0,150.0,88.506256,61.493743896484375
2016-12-20 11:00:00+00:00,151.0,156.0,95.43929,60.560707092285156
2016-12-20 12:00:00+00:00,132.0,148.0,89.14953,58.85047149658203
2016-12-20 13:00:00+00:00,134.0,115.0,91.01483,23.98516845703125
2016-12-20 14:00:00+00:00,131.0,127.0,94.59976,32.400238037109375
2016-12-20 15:00:00+00:00,131.0,124.0,96.03355,27.966453552246094
2016-12-20 16:00:00+00:00,129.0,127.0,95.214355,31.78564453125
2016-12-20 17:00:00+00:00,142.0,106.0,93.45676,12.543243408203125
2016-12-20 18:00:00+00:00,148.0,107.0,99.26131,7.7386932373046875
2016-12-20 19:00:00+00:00,166.0,102.0,102.07683,0.0768280029296875
2016-12-20 20:00:00+00:00,,103.0,103.6941,0.6940994262695312
2016-12-20 21:00:00+00:00,147.0,100.0,109.4219,9.421897888183594
2016-12-20 22:00:00+00:00,162.0,90.0,108.50837,18.50836944580078
2016-12-20 23:00:00+00:00,153.0,95.0,104.89468,9.894676208496094
2016-12-22 00:00:00+00:00,107.0,25.0,108.926025,83.926025390625
2016-12-22 01:00:00+00:00,120.0,33.0,107.43539,74.43538665771484
2016-12-22 02:00:00+00:00,115.0,33.0,107.22208,74.22207641601562
2016-12-22 03:00:00+00:00,102.0,34.0,107.0349,73.03489685058594
2016-12-22 04:00:00+00:00,92.0,34.0,102.93408,68.93408203125
2016-12-22 05:00:00+00:00,79.0,33.0,92.84511,59.84510803222656
2016-12-22 06:00:00+00:00,61.0,32.0,83.13695,51.13694763183594
2016-12-22 07:00:00+00:00,58.0,41.0,81.24397,40.24397277832031
2016-12-22 08:00:00+00:00,56.0,44.0,85.29262,41.29261779785156
2016-12-22 09:00:00+00:00,63.0,46.0,84.95777,38.95777130126953
2016-12-22 10:00:00+00:00,91.0,39.0,83.85939,44.85939025878906
2016-12-22 11:00:00+00:00,126.0,37.0,86.54353,49.54353332519531
2016-12-22 12:00:00+00:00,129.0,33.0,84.095215,51.09521484375
2016-12-22 13:00:00+00:00,164.0,36.0,90.47921,54.479209899902344
2016-12-22 14:00:00+00:00,146.0,38.0,93.36241,55.36241149902344
2016-12-22 15:00:00+00:00,147.0,47.0,97.68354,50.68354034423828
2016-12-22 16:00:00+00:00,119.0,48.0,99.37924,51.379241943359375
2016-12-22 17:00:00+00:00,101.0,38.0,98.896576,60.896575927734375
2016-12-22 18:00:00+00:00,181.0,51.0,97.30032,46.300323486328125
2016-12-22 19:00:00+00:00,147.0,47.0,96.38456,49.384559631347656
2016-12-22 20:00:00+00:00,142.0,50.0,102.81592,52.81591796875
2016-12-22 21:00:00+00:00,134.0,50.0,106.03574,56.035743713378906
2016-12-22 22:00:00+00:00,122.0,42.0,105.23106,63.231056213378906
2016-12-22 23:00:00+00:00,108.0,42.0,106.809456,64.80945587158203
2016-12-23 00:00:00+00:00,116.0,41.0,112.7589,71.75890350341797
2016-12-23 01:00:00+00:00,118.0,38.0,112.20984,74.2098388671875
2016-12-23 02:00:00+00:00,121.0,38.0,114.19038,76.19037628173828
2016-12-23 03:00:00+00:00,127.0,35.0,115.116745,80.11674499511719
2016-12-23 04:00:00+00:00,132.0,31.0,110.36696,79.36695861816406
2016-12-23 05:00:00+00:00,137.0,28.0,102.74955,74.74954986572266
2016-12-23 06:00:00+00:00,146.0,38.0,97.11796,59.117958068847656
2016-12-23 07:00:00+00:00,149.0,44.0,91.43404,47.43403625488281
2016-12-23 08:00:00+00:00,161.0,47.0,92.57363,45.573631286621094
2016-12-23 09:00:00+00:00,157.0,56.0,88.38634,32.38633728027344
2016-12-23 10:00:00+00:00,150.0,62.0,88.649506,26.649505615234375
2016-12-23 11:00:00+00:00,156.0,59.0,89.704475,30.70447540283203
2016-12-23 12:00:00+00:00,148.0,59.0,88.062485,29.062484741210938
2016-12-23 13:00:00+00:00,115.0,63.0,90.77947,27.77947235107422
2016-12-23 14:00:00+00:00,127.0,69.0,91.75355,22.75354766845703
2016-12-23 15:00:00+00:00,124.0,76.0,93.77559,17.775588989257812
2016-12-23 16:00:00+00:00,127.0,70.0,93.2924,23.292396545410156
2016-12-23 17:00:00+00:00,106.0,72.0,95.92186,23.921859741210938
2016-12-23 18:00:00+00:00,107.0,86.0,94.97818,8.978179931640625
2016-12-23 19:00:00+00:00,102.0,86.0,98.705345,12.705345153808594
2016-12-23 20:00:00+00:00,103.0,91.0,102.45698,11.456977844238281
2016-12-23 21:00:00+00:00,100.0,97.0,103.10416,6.104156494140625
2016-12-23 22:00:00+00:00,90.0,104.0,102.80491,1.1950912475585938
2016-12-23 23:00:00+00:00,95.0,109.0,103.072754,5.92724609375
2016-12-24 00:00:00+00:00,,119.0,102.84931,16.15068817138672
2016-12-24 01:00:00+00:00,,121.0,105.52912,15.470878601074219
2016-12-24 02:00:00+00:00,,86.0,107.38895,21.388946533203125
2016-12-24 03:00:00+00:00,,71.0,104.6887,33.688697814941406
2016-12-24 04:00:00+00:00,,75.0,101.14357,26.143569946289062
2016-12-24 05:00:00+00:00,,48.0,93.61132,45.61132049560547
2016-12-24 06:00:00+00:00,,49.0,86.68814,37.688140869140625
2016-12-24 07:00:00+00:00,,58.0,84.91446,26.914459228515625
2016-12-24 08:00:00+00:00,,52.0,86.307495,34.3074951171875
2016-12-24 09:00:00+00:00,,61.0,82.801796,21.801795959472656
2016-12-24 10:00:00+00:00,,66.0,87.66271,21.66271209716797
2016-12-24 11:00:00+00:00,,70.0,85.88936,15.889358520507812
2016-12-24 12:00:00+00:00,,60.0,84.87569,24.875686645507812
2016-12-24 13:00:00+00:00,,69.0,94.25659,25.256591796875
2016-12-24 14:00:00+00:00,,72.0,96.780525,24.78052520751953
2016-12-24 15:00:00+00:00,,60.0,101.77642,41.77642059326172
2016-12-24 16:00:00+00:00,,60.0,98.86775,38.86775207519531
2016-12-24 17:00:00+00:00,,64.0,97.78181,33.78180694580078
2016-12-24 18:00:00+00:00,,69.0,98.42013,29.420127868652344
2016-12-24 19:00:00+00:00,,71.0,100.61092,29.610923767089844
2016-12-24 20:00:00+00:00,,67.0,102.244446,35.24444580078125
2016-12-24 21:00:00+00:00,,70.0,104.55532,34.555320739746094
2016-12-24 22:00:00+00:00,,73.0,103.083725,30.083724975585938
2016-12-24 23:00:00+00:00,,75.0,104.070595,29.070594787597656
2016-12-25 00:00:00+00:00,25.0,76.0,103.295166,27.295166015625
2016-12-25 01:00:00+00:00,33.0,74.0,101.37103,27.37103271484375
2016-12-25 02:00:00+00:00,33.0,77.0,103.59785,26.59784698486328
2016-12-25 03:00:00+00:00,34.0,75.0,102.38739,27.38739013671875
2016-12-25 04:00:00+00:00,34.0,54.0,101.95296,47.95295715332031
2016-12-25 05:00:00+00:00,33.0,55.0,95.68613,40.686126708984375
2016-12-25 06:00:00+00:00,32.0,56.0,84.82399,28.823989868164062
2016-12-25 07:00:00+00:00,41.0,58.0,85.19735,27.197349548339844
2016-12-25 08:00:00+00:00,44.0,54.0,84.34619,30.34619140625
2016-12-25 09:00:00+00:00,46.0,66.0,81.404396,15.404396057128906
2016-12-25 11:00:00+00:00,37.0,97.0,75.865265,21.134735107421875
2016-12-25 12:00:00+00:00,33.0,91.0,65.07708,25.92292022705078
2016-12-25 13:00:00+00:00,36.0,97.0,71.78325,25.216751098632812
2016-12-25 14:00:00+00:00,38.0,92.0,73.83264,18.1673583984375
2016-12-25 15:00:00+00:00,47.0,94.0,75.78018,18.219818115234375
2016-12-25 16:00:00+00:00,48.0,102.0,75.42949,26.570510864257812
2016-12-25 17:00:00+00:00,38.0,112.0,79.017105,32.98289489746094
2016-12-25 18:00:00+00:00,51.0,110.0,78.55133,31.44866943359375
2016-12-25 19:00:00+00:00,47.0,125.0,81.50703,43.49297332763672
2016-12-25 20:00:00+00:00,50.0,121.0,83.760345,37.239654541015625
2016-12-25 21:00:00+00:00,50.0,112.0,86.56068,25.43932342529297
2016-12-25 22:00:00+00:00,42.0,117.0,85.80739,31.192611694335938
2016-12-25 23:00:00+00:00,42.0,119.0,84.14397,34.85603332519531
2016-12-26 00:00:00+00:00,41.0,111.0,92.79329,18.206710815429688
2016-12-26 01:00:00+00:00,38.0,117.0,92.20608,24.793922424316406
2016-12-26 02:00:00+00:00,38.0,100.0,91.96823,8.031768798828125
2016-12-26 03:00:00+00:00,35.0,121.0,88.19444,32.80555725097656
2016-12-26 04:00:00+00:00,31.0,90.0,88.04035,1.9596481323242188
2016-12-26 05:00:00+00:00,28.0,74.0,83.29779,9.29779052734375
2016-12-26 06:00:00+00:00,38.0,63.0,80.70978,17.70977783203125
2016-12-26 07:00:00+00:00,44.0,65.0,75.738434,10.738433837890625
2016-12-26 08:00:00+00:00,47.0,70.0,76.96174,6.961738586425781
2016-12-26 09:00:00+00:00,56.0,61.0,77.26478,16.26477813720703
2016-12-26 10:00:00+00:00,62.0,83.0,77.966675,5.0333251953125
2016-12-26 11:00:00+00:00,59.0,83.0,81.5768,1.4232025146484375
2016-12-26 12:00:00+00:00,59.0,76.0,82.40654,6.4065399169921875
2016-12-26 13:00:00+00:00,63.0,119.0,84.96865,34.031349182128906
2016-12-26 14:00:00+00:00,69.0,130.0,86.36544,43.634559631347656
2016-12-26 15:00:00+00:00,76.0,116.0,87.881546,28.118453979492188
2016-12-26 17:00:00+00:00,72.0,119.0,90.29644,28.70355987548828
2016-12-26 18:00:00+00:00,86.0,112.0,91.304245,20.695755004882812
2016-12-26 19:00:00+00:00,86.0,105.0,92.82558,12.174423217773438
2016-12-26 20:00:00+00:00,91.0,95.0,95.516045,0.5160446166992188
2016-12-26 21:00:00+00:00,97.0,90.0,101.40432,11.404319763183594
2016-12-26 22:00:00+00:00,104.0,92.0,98.5213,6.52130126953125
2016-12-26 23:00:00+00:00,109.0,94.0,96.11428,2.1142807006835938
2016-12-27 00:00:00+00:00,119.0,94.0,100.81984,6.8198394775390625
2016-12-27 01:00:00+00:00,121.0,92.0,101.742455,9.742454528808594
2016-12-27 02:00:00+00:00,86.0,97.0,104.27666,7.2766571044921875
2016-12-27 03:00:00+00:00,71.0,99.0,103.37293,4.372932434082031
2016-12-27 04:00:00+00:00,75.0,104.0,104.15723,0.1572265625
2016-12-27 05:00:00+00:00,48.0,105.0,101.61104,3.3889617919921875
2016-12-27 06:00:00+00:00,49.0,114.0,98.17198,15.828018188476562
2016-12-27 07:00:00+00:00,58.0,105.0,94.46442,10.53558349609375
2016-12-27 08:00:00+00:00,52.0,116.0,89.866,26.134002685546875
2016-12-27 09:00:00+00:00,61.0,119.0,86.78028,32.21971893310547
2016-12-27 10:00:00+00:00,66.0,141.0,89.15282,51.84718322753906
2016-12-27 11:00:00+00:00,70.0,117.0,91.73219,25.267807006835938
2016-12-27 12:00:00+00:00,60.0,116.0,94.28913,21.71086883544922
2016-12-27 13:00:00+00:00,69.0,114.0,95.96648,18.033523559570312
2016-12-27 14:00:00+00:00,72.0,109.0,96.654144,12.345855712890625
2016-12-27 15:00:00+00:00,60.0,110.0,97.035095,12.96490478515625
2016-12-27 16:00:00+00:00,60.0,104.0,95.73091,8.269088745117188
2016-12-27 17:00:00+00:00,64.0,102.0,97.84853,4.151466369628906
2016-12-27 18:00:00+00:00,69.0,103.0,98.95267,4.047332763671875
2016-12-27 19:00:00+00:00,71.0,96.0,100.54388,4.543876647949219
2016-12-27 20:00:00+00:00,67.0,95.0,91.949295,3.0507049560546875
2016-12-27 21:00:00+00:00,70.0,109.0,104.85761,4.142387390136719
2016-12-27 22:00:00+00:00,73.0,107.0,103.897026,3.1029739379882812
2016-12-27 23:00:00+00:00,75.0,105.0,104.35318,0.646820068359375
2016-12-28 00:00:00+00:00,76.0,108.0,115.79944,7.7994384765625
2016-12-28 01:00:00+00:00,74.0,112.0,107.73732,4.2626800537109375
2016-12-28 02:00:00+00:00,77.0,121.0,102.801414,18.198585510253906
2016-12-28 03:00:00+00:00,75.0,136.0,100.588524,35.411476135253906
2016-12-28 04:00:00+00:00,54.0,148.0,100.03266,47.96733856201172
2016-12-28 05:00:00+00:00,55.0,141.0,92.59276,48.40724182128906
2016-12-28 06:00:00+00:00,56.0,138.0,88.86869,49.131309509277344
2016-12-28 07:00:00+00:00,58.0,133.0,83.397,49.602996826171875
2016-12-28 08:00:00+00:00,54.0,134.0,82.92536,51.07463836669922
2016-12-28 09:00:00+00:00,66.0,136.0,78.67498,57.32501983642578
2016-12-28 10:00:00+00:00,,173.0,78.53386,94.46614074707031
2016-12-28 11:00:00+00:00,97.0,168.0,85.00059,82.9994125366211
2016-12-28 13:00:00+00:00,97.0,136.0,88.961845,47.03815460205078
2016-12-28 14:00:00+00:00,92.0,157.0,91.900604,65.09939575195312
2016-12-28 15:00:00+00:00,94.0,152.0,97.19882,54.801177978515625
2016-12-28 16:00:00+00:00,102.0,152.0,109.46221,42.53778839111328
2016-12-28 17:00:00+00:00,112.0,139.0,106.37644,32.623558044433594
2016-12-28 18:00:00+00:00,110.0,168.0,112.10563,55.894371032714844
2016-12-28 19:00:00+00:00,125.0,192.0,118.21788,73.78211975097656
2016-12-28 20:00:00+00:00,121.0,193.0,125.35241,67.64759063720703
2016-12-28 21:00:00+00:00,112.0,181.0,128.73528,52.26472473144531
2016-12-28 22:00:00+00:00,117.0,191.0,127.10305,63.896949768066406
2016-12-28 23:00:00+00:00,119.0,197.0,128.03363,68.96636962890625
2016-12-29 00:00:00+00:00,111.0,179.0,126.11195,52.88804626464844
2016-12-29 01:00:00+00:00,117.0,186.0,124.142685,61.85731506347656
2016-12-29 02:00:00+00:00,100.0,188.0,123.57879,64.42121124267578
2016-12-29 03:00:00+00:00,121.0,175.0,119.41488,55.585121154785156
2016-12-29 04:00:00+00:00,90.0,168.0,115.74593,52.254066467285156
2016-12-29 05:00:00+00:00,74.0,179.0,102.04222,76.95777893066406
2016-12-29 06:00:00+00:00,63.0,198.0,95.75887,102.24112701416016
2016-12-29 07:00:00+00:00,65.0,139.0,90.312996,48.68700408935547
2016-12-29 08:00:00+00:00,70.0,126.0,90.55328,35.44671630859375
2016-12-29 09:00:00+00:00,61.0,129.0,85.83331,43.16668701171875
2016-12-29 10:00:00+00:00,83.0,135.0,97.50086,37.49913787841797
2016-12-29 11:00:00+00:00,83.0,133.0,100.27328,32.726722717285156
2016-12-29 12:00:00+00:00,76.0,131.0,98.17559,32.82440948486328
2016-12-29 13:00:00+00:00,119.0,127.0,103.279594,23.72040557861328
2016-12-29 14:00:00+00:00,130.0,152.0,106.97026,45.02973937988281
2016-12-29 15:00:00+00:00,116.0,175.0,115.900635,59.099365234375
2016-12-29 16:00:00+00:00,,210.0,114.28947,95.71053314208984
2016-12-29 17:00:00+00:00,119.0,239.0,117.607574,121.39242553710938
2016-12-29 18:00:00+00:00,112.0,216.0,121.295235,94.70476531982422
2016-12-29 19:00:00+00:00,105.0,191.0,123.82574,67.17426300048828
2016-12-29 20:00:00+00:00,95.0,191.0,124.79738,66.20262145996094
2016-12-29 21:00:00+00:00,90.0,187.0,121.308495,65.6915054321289
2016-12-29 22:00:00+00:00,92.0,220.0,100.606155,119.39384460449219
2016-12-29 23:00:00+00:00,94.0,204.0,102.80468,101.19532012939453
2016-12-30 00:00:00+00:00,94.0,196.0,99.18951,96.81049346923828
2016-12-30 01:00:00+00:00,92.0,192.0,96.952736,95.0472640991211
2016-12-30 02:00:00+00:00,97.0,176.0,97.55757,78.44242858886719
2016-12-30 03:00:00+00:00,99.0,194.0,94.30645,99.69355010986328
2016-12-30 04:00:00+00:00,104.0,178.0,89.06924,88.9307632446289
2016-12-30 05:00:00+00:00,105.0,135.0,76.51382,58.486183166503906
2016-12-30 06:00:00+00:00,114.0,126.0,76.503525,49.49647521972656
2016-12-30 07:00:00+00:00,105.0,118.0,72.614136,45.3858642578125
2016-12-30 08:00:00+00:00,116.0,107.0,68.935524,38.064476013183594
2016-12-30 09:00:00+00:00,119.0,97.0,66.32963,30.670372009277344
2016-12-30 10:00:00+00:00,141.0,111.0,69.649826,41.35017395019531
2016-12-30 11:00:00+00:00,117.0,129.0,73.366806,55.63319396972656
2016-12-30 12:00:00+00:00,116.0,140.0,73.416115,66.5838851928711
2016-12-30 13:00:00+00:00,114.0,182.0,72.36204,109.6379623413086
2016-12-30 14:00:00+00:00,109.0,154.0,76.54342,77.45658111572266
2016-12-30 15:00:00+00:00,110.0,161.0,79.39813,81.60186767578125
2016-12-30 16:00:00+00:00,104.0,146.0,76.71818,69.28182220458984
2016-12-30 17:00:00+00:00,102.0,142.0,83.76008,58.23992156982422
2016-12-30 18:00:00+00:00,103.0,153.0,85.64587,67.35413360595703
2016-12-30 19:00:00+00:00,96.0,147.0,86.256134,60.743865966796875
2016-12-30 20:00:00+00:00,95.0,144.0,89.44109,54.55890655517578
2016-12-30 21:00:00+00:00,109.0,139.0,88.74472,50.255279541015625
2016-12-30 22:00:00+00:00,107.0,131.0,89.58144,41.418556213378906
2016-12-30 23:00:00+00:00,105.0,127.0,92.43803,34.561973571777344
2016-12-31 00:00:00+00:00,108.0,138.0,83.17414,54.82585906982422
2016-12-31 01:00:00+00:00,112.0,139.0,80.12896,58.87104034423828
2016-12-31 02:00:00+00:00,121.0,169.0,76.942085,92.05791473388672
2016-12-31 03:00:00+00:00,136.0,186.0,68.94608,117.05391693115234
2016-12-31 04:00:00+00:00,148.0,194.0,69.16792,124.83207702636719
2016-12-31 05:00:00+00:00,141.0,182.0,65.814804,116.18519592285156
2016-12-31 06:00:00+00:00,138.0,185.0,61.07348,123.92652130126953
2016-12-31 07:00:00+00:00,133.0,141.0,57.95094,83.0490608215332
2016-12-31 08:00:00+00:00,134.0,158.0,56.253487,101.74651336669922
2016-12-31 09:00:00+00:00,136.0,152.0,60.34173,91.65827178955078
2016-12-31 10:00:00+00:00,173.0,174.0,74.647575,99.35242462158203
2016-12-31 11:00:00+00:00,168.0,175.0,88.79237,86.20762634277344
2016-12-31 12:00:00+00:00,,207.0,92.96867,114.03132629394531
2016-12-31 13:00:00+00:00,136.0,202.0,100.4833,101.5167007446289
2016-12-31 14:00:00+00:00,157.0,203.0,103.23083,99.76917266845703
2016-12-31 15:00:00+00:00,152.0,198.0,108.65156,89.34844207763672
2016-12-31 16:00:00+00:00,152.0,188.0,107.95076,80.04924011230469
2016-12-31 17:00:00+00:00,139.0,191.0,108.31037,82.68962860107422
2016-12-31 18:00:00+00:00,168.0,194.0,113.7664,80.23359680175781
2016-12-31 19:00:00+00:00,192.0,190.0,115.47174,74.52825927734375
2016-12-31 20:00:00+00:00,193.0,184.0,119.96999,64.0300064086914
2016-12-31 21:00:00+00:00,181.0,184.0,118.72393,65.27606964111328
2016-12-31 22:00:00+00:00,191.0,177.0,120.44643,56.55357360839844
2016-12-31 23:00:00+00:00,197.0,187.0,123.79613,63.20387268066406
2017-01-01 00:00:00+00:00,179.0,200.0,103.9001,96.09989929199219
2017-01-01 01:00:00+00:00,186.0,200.0,108.128174,91.871826171875
2017-01-01 02:00:00+00:00,188.0,203.0,104.52243,98.47756958007812
2017-01-01 03:00:00+00:00,175.0,203.0,99.61513,103.38487243652344
2017-01-01 04:00:00+00:00,168.0,231.0,97.802536,133.1974639892578
2017-01-01 05:00:00+00:00,179.0,254.0,92.18441,161.81558990478516
2017-01-01 06:00:00+00:00,198.0,256.0,87.559944,168.44005584716797
2017-01-01 07:00:00+00:00,139.0,256.0,88.38744,167.61255645751953
2017-01-01 08:00:00+00:00,126.0,261.0,87.84937,173.15062713623047
2017-01-01 09:00:00+00:00,129.0,246.0,85.92721,160.07279205322266
2017-01-01 10:00:00+00:00,135.0,236.0,84.29559,151.70440673828125
2017-01-01 11:00:00+00:00,133.0,238.0,83.49591,154.50408935546875
2017-01-01 12:00:00+00:00,131.0,289.0,84.977806,204.0221939086914
2017-01-01 13:00:00+00:00,127.0,333.0,86.33077,246.66922760009766
2017-01-01 14:00:00+00:00,152.0,324.0,86.58568,237.41432189941406
2017-01-01 15:00:00+00:00,175.0,324.0,86.69051,237.30948638916016
2017-01-01 16:00:00+00:00,210.0,314.0,87.182434,226.81756591796875
2017-01-01 17:00:00+00:00,239.0,324.0,86.51295,237.48705291748047
2017-01-01 18:00:00+00:00,216.0,316.0,89.52937,226.4706268310547
2017-01-01 19:00:00+00:00,191.0,300.0,88.55739,211.44261169433594
2017-01-01 20:00:00+00:00,191.0,301.0,86.4221,214.5779037475586
2017-01-01 21:00:00+00:00,187.0,299.0,87.56287,211.4371337890625
2017-01-01 22:00:00+00:00,220.0,300.0,85.64911,214.35089111328125
2017-01-01 23:00:00+00:00,204.0,283.0,84.48469,198.51531219482422
2017-01-02 00:00:00+00:00,196.0,272.0,92.36905,179.63095092773438
2017-01-02 01:00:00+00:00,192.0,273.0,92.45385,180.54615020751953
2017-01-02 02:00:00+00:00,176.0,293.0,95.79562,197.20437622070312
2017-01-02 03:00:00+00:00,194.0,322.0,96.695335,225.3046646118164
2017-01-02 04:00:00+00:00,178.0,304.0,96.2747,207.72530364990234
2017-01-02 05:00:00+00:00,135.0,280.0,92.61924,187.3807601928711
2017-01-02 06:00:00+00:00,126.0,266.0,89.615906,176.38409423828125
2017-01-02 07:00:00+00:00,118.0,190.0,86.66103,103.3389663696289
2017-01-02 08:00:00+00:00,107.0,208.0,85.928925,122.07107543945312
2017-01-02 10:00:00+00:00,111.0,197.0,90.33308,106.66692352294922
2017-01-02 11:00:00+00:00,129.0,230.0,93.05687,136.94313049316406
2017-01-02 12:00:00+00:00,140.0,250.0,99.24908,150.75092315673828
2017-01-02 13:00:00+00:00,182.0,253.0,96.591995,156.4080047607422
2017-01-02 14:00:00+00:00,154.0,246.0,96.52362,149.47637939453125
2017-01-02 15:00:00+00:00,161.0,241.0,99.05876,141.9412384033203
2017-01-02 16:00:00+00:00,146.0,215.0,98.323524,116.67647552490234
2017-01-02 17:00:00+00:00,142.0,224.0,95.97441,128.0255889892578
2017-01-02 18:00:00+00:00,153.0,226.0,99.39837,126.60163116455078
2017-01-02 19:00:00+00:00,147.0,217.0,99.51612,117.48387908935547
2017-01-02 20:00:00+00:00,144.0,240.0,99.16389,140.83611297607422
2017-01-02 21:00:00+00:00,139.0,244.0,97.78968,146.21031951904297
2017-01-02 22:00:00+00:00,131.0,230.0,97.6234,132.37660217285156
2017-01-02 23:00:00+00:00,127.0,232.0,98.634254,133.3657455444336
2017-01-03 00:00:00+00:00,138.0,237.0,95.61759,141.38240814208984
2017-01-03 01:00:00+00:00,139.0,243.0,97.79929,145.2007064819336
2017-01-03 02:00:00+00:00,169.0,242.0,98.21244,143.78755950927734
2017-01-03 03:00:00+00:00,186.0,249.0,99.18627,149.81372833251953
2017-01-03 04:00:00+00:00,194.0,247.0,97.10365,149.89634704589844
2017-01-03 05:00:00+00:00,182.0,272.0,93.13765,178.8623504638672
2017-01-03 06:00:00+00:00,185.0,279.0,90.99762,188.00238037109375
2017-01-03 07:00:00+00:00,141.0,276.0,84.51861,191.48139190673828
2017-01-03 08:00:00+00:00,158.0,231.0,81.44978,149.5502166748047
2017-01-03 09:00:00+00:00,152.0,177.0,82.9469,94.0531005859375
2017-01-03 10:00:00+00:00,174.0,154.0,86.87644,67.1235580444336
2017-01-03 11:00:00+00:00,175.0,124.0,88.630775,35.369224548339844
2017-01-03 12:00:00+00:00,207.0,130.0,89.53667,40.46333312988281
2017-01-03 13:00:00+00:00,202.0,129.0,87.726036,41.273963928222656
2017-01-03 14:00:00+00:00,203.0,138.0,86.77747,51.22252655029297
2017-01-03 15:00:00+00:00,198.0,133.0,88.11011,44.889892578125
2017-01-03 16:00:00+00:00,188.0,126.0,89.869,36.13099670410156
2017-01-03 17:00:00+00:00,191.0,124.0,92.01515,31.984848022460938
2017-01-03 18:00:00+00:00,194.0,126.0,89.65987,36.34013366699219
2017-01-03 19:00:00+00:00,190.0,108.0,88.54693,19.45307159423828
2017-01-03 20:00:00+00:00,184.0,79.0,91.42267,12.42266845703125
2017-01-03 21:00:00+00:00,184.0,49.0,93.812614,44.81261444091797
2017-01-03 22:00:00+00:00,177.0,40.0,98.59242,58.59242248535156
2017-01-03 23:00:00+00:00,187.0,34.0,94.333206,60.33320617675781
2017-01-04 00:00:00+00:00,200.0,34.0,92.8915,58.891502380371094
2017-01-04 01:00:00+00:00,200.0,43.0,92.96445,49.964447021484375
2017-01-04 02:00:00+00:00,203.0,52.0,90.21115,38.211151123046875
2017-01-04 03:00:00+00:00,203.0,53.0,87.334755,34.334754943847656
2017-01-04 04:00:00+00:00,231.0,64.0,88.066444,24.066444396972656
2017-01-04 05:00:00+00:00,254.0,61.0,79.38399,18.383987426757812
2017-01-04 06:00:00+00:00,256.0,68.0,74.99185,6.991851806640625
2017-01-04 07:00:00+00:00,256.0,72.0,72.59455,0.5945510864257812
2017-01-04 08:00:00+00:00,261.0,76.0,71.3145,4.6855010986328125
2017-01-04 09:00:00+00:00,246.0,79.0,73.97667,5.0233306884765625
2017-01-04 10:00:00+00:00,236.0,85.0,72.42915,12.570846557617188
2017-01-04 11:00:00+00:00,238.0,87.0,72.19604,14.803962707519531
2017-01-04 12:00:00+00:00,289.0,87.0,71.9499,15.050102233886719
2017-01-04 13:00:00+00:00,333.0,92.0,74.73114,17.26885986328125
2017-01-04 14:00:00+00:00,324.0,93.0,73.01137,19.988632202148438
2017-01-04 15:00:00+00:00,324.0,90.0,72.4588,17.54119873046875
2017-01-04 16:00:00+00:00,314.0,81.0,70.86988,10.130119323730469
2017-01-04 17:00:00+00:00,324.0,86.0,72.166374,13.833625793457031
2017-01-04 18:00:00+00:00,316.0,88.0,69.8455,18.154502868652344
2017-01-04 19:00:00+00:00,300.0,93.0,67.431046,25.568954467773438
2017-01-04 20:00:00+00:00,301.0,94.0,69.87879,24.12120819091797
2017-01-04 21:00:00+00:00,299.0,80.0,69.3715,10.628501892089844
2017-01-04 22:00:00+00:00,300.0,81.0,68.981384,12.01861572265625
2017-01-04 23:00:00+00:00,283.0,97.0,69.01944,27.980560302734375
2017-01-05 00:00:00+00:00,272.0,96.0,72.28255,23.717453002929688
2017-01-05 01:00:00+00:00,273.0,90.0,72.260124,17.73987579345703
2017-01-05 02:00:00+00:00,293.0,95.0,74.46402,20.535980224609375
2017-01-05 03:00:00+00:00,322.0,82.0,75.33634,6.663658142089844
2017-01-05 04:00:00+00:00,304.0,75.0,76.87086,1.8708572387695312
2017-01-05 05:00:00+00:00,280.0,84.0,68.00185,15.998153686523438
2017-01-05 06:00:00+00:00,266.0,78.0,69.37313,8.626869201660156
2017-01-05 07:00:00+00:00,190.0,90.0,66.36551,23.634490966796875
2017-01-05 08:00:00+00:00,208.0,92.0,66.47197,25.528030395507812
2017-01-05 09:00:00+00:00,,83.0,65.58479,17.415206909179688
2017-01-05 10:00:00+00:00,197.0,87.0,68.94992,18.050079345703125
2017-01-05 11:00:00+00:00,230.0,96.0,67.477135,28.522865295410156
2017-01-05 12:00:00+00:00,250.0,108.0,67.98066,40.01934051513672
2017-01-05 13:00:00+00:00,253.0,104.0,69.33569,34.664306640625
2017-01-05 14:00:00+00:00,246.0,91.0,71.02823,19.971771240234375
2017-01-05 15:00:00+00:00,241.0,95.0,73.59673,21.40326690673828
2017-01-05 16:00:00+00:00,215.0,87.0,68.252625,18.74737548828125
2017-01-05 17:00:00+00:00,224.0,87.0,73.0643,13.935699462890625
2017-01-05 18:00:00+00:00,226.0,97.0,73.19787,23.80213165283203
2017-01-05 19:00:00+00:00,217.0,93.0,72.1167,20.88330078125
2017-01-05 20:00:00+00:00,240.0,91.0,72.799995,18.20000457763672
2017-01-05 21:00:00+00:00,244.0,96.0,71.27634,24.723663330078125
2017-01-05 22:00:00+00:00,230.0,81.0,72.77303,8.226966857910156
2017-01-05 23:00:00+00:00,232.0,78.0,74.20195,3.7980499267578125
2017-01-06 00:00:00+00:00,237.0,72.0,72.1296,0.12960052490234375
2017-01-06 01:00:00+00:00,243.0,57.0,71.872246,14.872245788574219
2017-01-06 02:00:00+00:00,242.0,56.0,72.20929,16.20928955078125
2017-01-06 03:00:00+00:00,249.0,60.0,74.04605,14.046051025390625
2017-01-06 04:00:00+00:00,247.0,59.0,75.573654,16.573654174804688
2017-01-06 05:00:00+00:00,272.0,80.0,73.38012,6.619880676269531
2017-01-06 06:00:00+00:00,279.0,55.0,72.58646,17.586456298828125
2017-01-06 07:00:00+00:00,276.0,73.0,70.78474,2.2152633666992188
2017-01-06 08:00:00+00:00,231.0,42.0,70.695656,28.695655822753906
2017-01-06 09:00:00+00:00,177.0,40.0,71.770615,31.770614624023438
2017-01-06 10:00:00+00:00,154.0,40.0,68.08752,28.08751678466797
2017-01-06 11:00:00+00:00,124.0,36.0,68.09602,32.09602355957031
2017-01-06 12:00:00+00:00,130.0,32.0,66.99972,34.999717712402344
2017-01-06 13:00:00+00:00,129.0,27.0,68.79665,41.796653747558594
2017-01-06 14:00:00+00:00,138.0,26.0,68.84371,42.843711853027344
2017-01-06 15:00:00+00:00,133.0,29.0,71.40962,42.40962219238281
2017-01-06 16:00:00+00:00,126.0,27.0,66.872086,39.87208557128906
2017-01-06 17:00:00+00:00,124.0,32.0,68.63336,36.63336181640625
2017-01-06 18:00:00+00:00,126.0,27.0,69.68805,42.68804931640625
2017-01-06 19:00:00+00:00,108.0,24.0,71.74182,47.7418212890625
2017-01-06 20:00:00+00:00,79.0,33.0,73.87671,40.876708984375
2017-01-06 21:00:00+00:00,49.0,31.0,74.30032,43.300323486328125
2017-01-06 22:00:00+00:00,40.0,34.0,74.57641,40.57640838623047
2017-01-06 23:00:00+00:00,34.0,30.0,74.51831,44.518310546875
2017-01-07 00:00:00+00:00,34.0,34.0,75.85913,41.859130859375
2017-01-07 01:00:00+00:00,43.0,39.0,77.03527,38.03527069091797
2017-01-07 02:00:00+00:00,52.0,38.0,77.10142,39.101417541503906
2017-01-07 03:00:00+00:00,53.0,40.0,76.26868,36.2686767578125
2017-01-07 04:00:00+00:00,64.0,39.0,79.69511,40.695106506347656
2017-01-07 05:00:00+00:00,61.0,39.0,70.19781,31.19780731201172
2017-01-07 06:00:00+00:00,68.0,40.0,67.93409,27.93408966064453
2017-01-07 09:00:00+00:00,79.0,47.0,65.03538,18.035377502441406
2017-01-07 10:00:00+00:00,85.0,41.0,68.99699,27.996986389160156
2017-01-07 11:00:00+00:00,87.0,38.0,72.333466,34.333465576171875
2017-01-07 13:00:00+00:00,92.0,41.0,64.2097,23.209701538085938
2017-01-07 14:00:00+00:00,93.0,46.0,73.24048,27.240478515625
2017-01-07 15:00:00+00:00,90.0,43.0,73.278656,30.278656005859375
2017-01-07 16:00:00+00:00,81.0,44.0,73.0652,29.065200805664062
2017-01-07 17:00:00+00:00,86.0,37.0,67.93063,30.930633544921875
2017-01-07 18:00:00+00:00,88.0,37.0,75.2393,38.23930358886719
2017-01-07 19:00:00+00:00,93.0,34.0,82.66896,48.66896057128906
2017-01-07 20:00:00+00:00,94.0,39.0,93.227104,54.22710418701172
2017-01-07 21:00:00+00:00,80.0,49.0,96.384605,47.384605407714844
2017-01-07 22:00:00+00:00,81.0,49.0,98.55083,49.55082702636719
2017-01-07 23:00:00+00:00,97.0,37.0,98.38962,61.389617919921875
2017-01-08 00:00:00+00:00,96.0,40.0,96.38448,56.384483337402344
2017-01-08 01:00:00+00:00,90.0,42.0,99.25258,57.25257873535156
2017-01-08 02:00:00+00:00,95.0,38.0,94.87588,56.875877380371094
2017-01-08 03:00:00+00:00,82.0,37.0,87.93822,50.93821716308594
2017-01-08 04:00:00+00:00,75.0,37.0,82.20816,45.208160400390625
2017-01-08 05:00:00+00:00,84.0,39.0,75.30629,36.30628967285156
2017-01-08 06:00:00+00:00,78.0,41.0,75.63404,34.63404083251953
2017-01-08 07:00:00+00:00,90.0,42.0,65.29277,23.292770385742188
2017-01-08 08:00:00+00:00,92.0,39.0,64.13979,25.139793395996094
2017-01-08 09:00:00+00:00,83.0,46.0,62.25378,16.253780364990234
2017-01-08 11:00:00+00:00,96.0,42.0,63.471127,21.471126556396484
2017-01-08 12:00:00+00:00,108.0,53.0,61.334713,8.334712982177734
2017-01-08 13:00:00+00:00,104.0,47.0,60.83492,13.834918975830078
2017-01-08 14:00:00+00:00,91.0,82.0,67.194885,14.80511474609375
2017-01-08 15:00:00+00:00,95.0,97.0,68.249794,28.750205993652344
2017-01-08 16:00:00+00:00,87.0,95.0,75.13623,19.86376953125
2017-01-08 17:00:00+00:00,87.0,82.0,73.354416,8.645584106445312
2017-01-08 18:00:00+00:00,97.0,79.0,71.91104,7.088958740234375
2017-01-08 19:00:00+00:00,93.0,78.0,77.56037,0.43962860107421875
2017-01-08 20:00:00+00:00,91.0,63.0,87.44112,24.441116333007812
2017-01-08 21:00:00+00:00,96.0,60.0,87.44356,27.443557739257812
2017-01-08 22:00:00+00:00,81.0,65.0,89.67693,24.67693328857422
2017-01-08 23:00:00+00:00,78.0,67.0,87.59669,20.59668731689453
2017-01-09 00:00:00+00:00,72.0,62.0,82.80857,20.808570861816406
2017-01-09 01:00:00+00:00,57.0,57.0,84.2237,27.22370147705078
2017-01-09 02:00:00+00:00,56.0,52.0,81.37659,29.3765869140625
2017-01-09 03:00:00+00:00,60.0,57.0,84.969185,27.96918487548828
2017-01-09 04:00:00+00:00,59.0,58.0,81.883385,23.883384704589844
2017-01-09 05:00:00+00:00,80.0,44.0,76.95473,32.95472717285156
2017-01-09 06:00:00+00:00,55.0,47.0,75.13915,28.13915252685547
2017-01-09 07:00:00+00:00,73.0,48.0,73.136696,25.136695861816406
2017-01-09 08:00:00+00:00,42.0,42.0,71.304726,29.304725646972656
2017-01-09 09:00:00+00:00,40.0,43.0,74.486786,31.486785888671875
2017-01-09 10:00:00+00:00,40.0,38.0,73.961205,35.961204528808594
2017-01-09 11:00:00+00:00,36.0,58.0,71.69001,13.690010070800781
2017-01-09 12:00:00+00:00,32.0,59.0,69.93906,10.939056396484375
2017-01-09 13:00:00+00:00,27.0,59.0,74.75654,15.756538391113281
2017-01-09 14:00:00+00:00,26.0,77.0,78.56455,1.5645523071289062
2017-01-09 15:00:00+00:00,29.0,70.0,77.95024,7.9502410888671875
2017-01-09 16:00:00+00:00,27.0,72.0,78.86736,6.867362976074219
2017-01-09 17:00:00+00:00,32.0,77.0,74.69353,2.3064727783203125
2017-01-09 18:00:00+00:00,27.0,70.0,74.19855,4.19854736328125
2017-01-09 19:00:00+00:00,24.0,70.0,78.388596,8.388595581054688
2017-01-09 20:00:00+00:00,33.0,60.0,79.79434,19.794342041015625
2017-01-09 21:00:00+00:00,31.0,58.0,79.71462,21.714622497558594
2017-01-09 22:00:00+00:00,34.0,64.0,81.04907,17.049072265625
2017-01-09 23:00:00+00:00,30.0,56.0,80.18163,24.18163299560547
2017-01-10 00:00:00+00:00,34.0,62.0,75.45819,13.45819091796875
2017-01-10 01:00:00+00:00,39.0,63.0,78.18259,15.182586669921875
2017-01-10 02:00:00+00:00,38.0,66.0,81.45542,15.455421447753906
2017-01-10 03:00:00+00:00,40.0,57.0,82.72892,25.728919982910156
2017-01-10 04:00:00+00:00,39.0,59.0,83.05986,24.059860229492188
2017-01-10 05:00:00+00:00,39.0,50.0,76.9567,26.956703186035156
2017-01-10 06:00:00+00:00,40.0,52.0,78.92542,26.92542266845703
2017-01-10 07:00:00+00:00,,62.0,73.85312,11.853118896484375
2017-01-10 08:00:00+00:00,,60.0,83.338905,23.338905334472656
2017-01-10 09:00:00+00:00,47.0,59.0,82.455666,23.455665588378906
2017-01-10 10:00:00+00:00,41.0,60.0,77.74091,17.74091339111328
2017-01-10 11:00:00+00:00,38.0,74.0,79.05596,5.055961608886719
2017-01-10 12:00:00+00:00,,72.0,77.063446,5.063446044921875
2017-01-10 13:00:00+00:00,41.0,65.0,79.26821,14.268211364746094
2017-01-10 14:00:00+00:00,46.0,70.0,76.63691,6.636909484863281
2017-01-10 15:00:00+00:00,43.0,66.0,79.51778,13.517776489257812
2017-01-10 16:00:00+00:00,44.0,64.0,80.205894,16.205894470214844
2017-01-10 17:00:00+00:00,37.0,69.0,77.57484,8.574836730957031
2017-01-10 18:00:00+00:00,37.0,75.0,76.631836,1.6318359375
2017-01-10 19:00:00+00:00,34.0,70.0,79.92549,9.925491333007812
2017-01-10 20:00:00+00:00,39.0,80.0,84.462425,4.462425231933594
2017-01-10 21:00:00+00:00,49.0,78.0,83.87936,5.879356384277344
2017-01-10 22:00:00+00:00,49.0,76.0,80.8009,4.8009033203125
2017-01-10 23:00:00+00:00,37.0,78.0,85.44915,7.449150085449219
2017-01-11 00:00:00+00:00,40.0,79.0,92.516045,13.516044616699219
2017-01-11 01:00:00+00:00,42.0,90.0,87.78805,2.2119522094726562
2017-01-11 02:00:00+00:00,38.0,80.0,85.24499,5.244987487792969
2017-01-11 03:00:00+00:00,37.0,69.0,84.68489,15.684890747070312
2017-01-11 04:00:00+00:00,37.0,65.0,83.26155,18.261550903320312
2017-01-11 05:00:00+00:00,39.0,64.0,80.20013,16.20012664794922
2017-01-11 06:00:00+00:00,41.0,80.0,80.50836,0.50836181640625
2017-01-11 07:00:00+00:00,42.0,87.0,71.22344,15.776557922363281
2017-01-11 08:00:00+00:00,39.0,98.0,71.52525,26.474746704101562
2017-01-11 09:00:00+00:00,46.0,92.0,80.982506,11.017494201660156
2017-01-11 10:00:00+00:00,,96.0,79.02765,16.97235107421875
2017-01-11 11:00:00+00:00,42.0,105.0,84.53121,20.468788146972656
2017-01-11 12:00:00+00:00,53.0,102.0,71.37595,30.624046325683594
2017-01-11 13:00:00+00:00,47.0,100.0,77.6435,22.35649871826172
2017-01-11 14:00:00+00:00,82.0,102.0,77.27186,24.72814178466797
2017-01-11 15:00:00+00:00,97.0,116.0,80.72381,35.27619171142578
2017-01-11 16:00:00+00:00,95.0,116.0,79.6839,36.31610107421875
2017-01-11 18:00:00+00:00,79.0,125.0,83.00265,41.997352600097656
2017-01-11 19:00:00+00:00,78.0,118.0,87.8039,30.19609832763672
2017-01-11 20:00:00+00:00,63.0,125.0,91.144714,33.85528564453125
2017-01-11 21:00:00+00:00,60.0,133.0,88.298645,44.70135498046875
2017-01-11 22:00:00+00:00,65.0,144.0,89.76848,54.23152160644531
2017-01-11 23:00:00+00:00,67.0,142.0,90.1975,51.80249786376953
2017-01-12 00:00:00+00:00,62.0,151.0,95.82888,55.171119689941406
2017-01-12 01:00:00+00:00,57.0,166.0,98.47147,67.52852630615234
2017-01-12 02:00:00+00:00,52.0,158.0,95.950066,62.04993438720703
2017-01-12 03:00:00+00:00,57.0,151.0,96.023926,54.97607421875
2017-01-12 04:00:00+00:00,58.0,154.0,94.11893,59.881072998046875
2017-01-12 05:00:00+00:00,44.0,130.0,86.575,43.42500305175781
2017-01-12 06:00:00+00:00,47.0,121.0,84.33179,36.668212890625
2017-01-12 07:00:00+00:00,48.0,162.0,81.56176,80.43824005126953
2017-01-12 08:00:00+00:00,42.0,154.0,79.91856,74.0814437866211
2017-01-12 09:00:00+00:00,43.0,157.0,70.67452,86.32547760009766
2017-01-12 10:00:00+00:00,38.0,145.0,73.83265,71.16735076904297
2017-01-12 11:00:00+00:00,58.0,124.0,81.409485,42.59051513671875
2017-01-12 12:00:00+00:00,59.0,122.0,80.16691,41.833091735839844
2017-01-12 13:00:00+00:00,59.0,125.0,80.98667,44.013328552246094
2017-01-12 14:00:00+00:00,77.0,133.0,83.91809,49.0819091796875
2017-01-12 15:00:00+00:00,70.0,128.0,88.47812,39.521881103515625
2017-01-12 16:00:00+00:00,72.0,118.0,85.89379,32.10620880126953
2017-01-12 17:00:00+00:00,77.0,113.0,90.86821,22.131790161132812
2017-01-12 18:00:00+00:00,70.0,107.0,92.02735,14.972648620605469
2017-01-12 19:00:00+00:00,70.0,94.0,90.65003,3.3499679565429688
2017-01-12 20:00:00+00:00,60.0,98.0,95.344055,2.65594482421875
2017-01-12 21:00:00+00:00,58.0,94.0,95.21835,1.218353271484375
2017-01-12 22:00:00+00:00,64.0,94.0,95.10512,1.1051177978515625
2017-01-12 23:00:00+00:00,56.0,95.0,96.57801,1.5780105590820312
2017-01-13 00:00:00+00:00,62.0,95.0,108.93425,13.934249877929688
2017-01-13 01:00:00+00:00,63.0,98.0,109.348625,11.348625183105469
2017-01-13 02:00:00+00:00,66.0,105.0,107.2893,2.2892990112304688
2017-01-13 03:00:00+00:00,57.0,99.0,102.230286,3.23028564453125
2017-01-13 04:00:00+00:00,59.0,99.0,98.874344,0.1256561279296875
2017-01-13 05:00:00+00:00,50.0,100.0,96.674484,3.3255157470703125
2017-01-13 06:00:00+00:00,52.0,88.0,90.13483,2.13482666015625
2017-01-13 07:00:00+00:00,62.0,91.0,83.31674,7.683258056640625
2017-01-13 08:00:00+00:00,60.0,88.0,80.27883,7.721168518066406
2017-01-13 09:00:00+00:00,59.0,81.0,73.16656,7.833442687988281
2017-01-13 10:00:00+00:00,60.0,82.0,68.99541,13.004592895507812
2017-01-13 11:00:00+00:00,74.0,83.0,71.50199,11.498008728027344
2017-01-13 12:00:00+00:00,72.0,81.0,70.15525,10.844749450683594
2017-01-13 13:00:00+00:00,65.0,85.0,69.5274,15.472602844238281
2017-01-13 14:00:00+00:00,70.0,97.0,66.13214,30.86785888671875
2017-01-13 15:00:00+00:00,66.0,97.0,65.916145,31.08385467529297
2017-01-13 16:00:00+00:00,64.0,91.0,66.70954,24.29045867919922
2017-01-13 17:00:00+00:00,69.0,106.0,70.05425,35.94574737548828
2017-01-13 18:00:00+00:00,75.0,100.0,68.05996,31.940040588378906
2017-01-13 19:00:00+00:00,70.0,105.0,67.23201,37.76799011230469
2017-01-13 20:00:00+00:00,80.0,98.0,68.555824,29.444175720214844
2017-01-13 21:00:00+00:00,78.0,98.0,72.64612,25.3538818359375
2017-01-13 22:00:00+00:00,76.0,94.0,70.75643,23.243568420410156
2017-01-13 23:00:00+00:00,78.0,99.0,76.43426,22.56574249267578
2017-01-14 00:00:00+00:00,79.0,100.0,71.5261,28.473899841308594
2017-01-14 01:00:00+00:00,90.0,106.0,67.04505,38.95494842529297
2017-01-14 02:00:00+00:00,80.0,104.0,66.65694,37.34306335449219
2017-01-14 03:00:00+00:00,69.0,109.0,70.59155,38.408447265625
2017-01-14 04:00:00+00:00,65.0,95.0,64.26702,30.73297882080078
2017-01-14 05:00:00+00:00,64.0,88.0,64.71667,23.28333282470703
2017-01-14 06:00:00+00:00,80.0,82.0,61.85774,20.142261505126953
2017-01-14 07:00:00+00:00,87.0,80.0,60.43672,19.563278198242188
2017-01-14 08:00:00+00:00,98.0,83.0,64.61928,18.380722045898438
2017-01-14 09:00:00+00:00,92.0,82.0,65.4892,16.51080322265625
2017-01-14 10:00:00+00:00,96.0,121.0,67.01406,53.985939025878906
2017-01-14 11:00:00+00:00,105.0,115.0,67.19205,47.807952880859375
2017-01-14 12:00:00+00:00,102.0,129.0,68.932175,60.06782531738281
2017-01-14 13:00:00+00:00,100.0,97.0,72.64085,24.359153747558594
2017-01-14 14:00:00+00:00,102.0,103.0,76.926796,26.073204040527344
2017-01-14 15:00:00+00:00,116.0,89.0,76.094086,12.905914306640625
2017-01-14 16:00:00+00:00,116.0,90.0,76.44119,13.558807373046875
2017-01-14 17:00:00+00:00,,91.0,80.33934,10.660659790039062
2017-01-14 18:00:00+00:00,125.0,88.0,81.8473,6.152702331542969
2017-01-14 19:00:00+00:00,118.0,75.0,84.88776,9.88775634765625
2017-01-14 20:00:00+00:00,125.0,80.0,90.78213,10.782127380371094
2017-01-14 21:00:00+00:00,133.0,79.0,87.91154,8.911537170410156
2017-01-14 22:00:00+00:00,144.0,86.0,88.73374,2.7337417602539062
2017-01-14 23:00:00+00:00,142.0,92.0,89.10976,2.8902435302734375
2017-01-15 00:00:00+00:00,151.0,101.0,82.43187,18.568130493164062
2017-01-15 01:00:00+00:00,166.0,100.0,81.336784,18.66321563720703
2017-01-15 02:00:00+00:00,158.0,99.0,80.23784,18.762161254882812
2017-01-15 03:00:00+00:00,151.0,110.0,71.47519,38.524810791015625
2017-01-15 04:00:00+00:00,154.0,98.0,65.21681,32.78318786621094
2017-01-15 05:00:00+00:00,130.0,96.0,63.932007,32.0679931640625
2017-01-15 06:00:00+00:00,121.0,85.0,64.21213,20.787872314453125
2017-01-15 07:00:00+00:00,162.0,92.0,62.67791,29.32209014892578
2017-01-15 08:00:00+00:00,154.0,92.0,65.06779,26.932212829589844
2017-01-15 09:00:00+00:00,157.0,87.0,63.393185,23.606815338134766
2017-01-15 10:00:00+00:00,145.0,111.0,65.48685,45.513153076171875
2017-01-15 11:00:00+00:00,124.0,111.0,75.64839,35.35160827636719
2017-01-15 12:00:00+00:00,122.0,112.0,75.87531,36.12468719482422
2017-01-15 13:00:00+00:00,125.0,106.0,76.38178,29.61821746826172
2017-01-15 14:00:00+00:00,133.0,104.0,80.763084,23.236915588378906
2017-01-15 15:00:00+00:00,128.0,104.0,83.330414,20.669586181640625
2017-01-15 16:00:00+00:00,118.0,91.0,83.609,7.390998840332031
2017-01-15 17:00:00+00:00,113.0,90.0,88.67531,1.3246917724609375
2017-01-15 18:00:00+00:00,107.0,88.0,90.41469,2.4146881103515625
2017-01-15 19:00:00+00:00,94.0,93.0,91.933,1.0670013427734375
2017-01-15 20:00:00+00:00,98.0,95.0,93.87138,1.1286163330078125
2017-01-15 21:00:00+00:00,94.0,103.0,94.40098,8.599021911621094
2017-01-15 22:00:00+00:00,94.0,102.0,95.80949,6.190513610839844
2017-01-15 23:00:00+00:00,95.0,103.0,95.628395,7.371604919433594
2017-01-16 00:00:00+00:00,95.0,111.0,104.139595,6.860404968261719
2017-01-16 01:00:00+00:00,98.0,111.0,105.30815,5.6918487548828125
2017-01-16 02:00:00+00:00,105.0,112.0,101.99631,10.003692626953125
2017-01-16 03:00:00+00:00,99.0,123.0,93.77232,29.227676391601562
2017-01-16 04:00:00+00:00,99.0,125.0,93.03938,31.960617065429688
2017-01-16 05:00:00+00:00,100.0,124.0,93.73925,30.26074981689453
2017-01-16 06:00:00+00:00,88.0,87.0,93.393974,6.393974304199219
2017-01-16 07:00:00+00:00,91.0,76.0,82.32541,6.325408935546875
2017-01-16 08:00:00+00:00,88.0,68.0,83.57404,15.574043273925781
2017-01-16 09:00:00+00:00,81.0,72.0,83.349106,11.349105834960938
2017-01-16 10:00:00+00:00,82.0,81.0,82.51153,1.5115280151367188
2017-01-16 11:00:00+00:00,83.0,75.0,87.60205,12.60205078125
2017-01-16 12:00:00+00:00,81.0,74.0,87.36474,13.364738464355469
2017-01-16 13:00:00+00:00,85.0,80.0,91.53783,11.537826538085938
2017-01-16 14:00:00+00:00,97.0,80.0,95.77747,15.777473449707031
2017-01-16 15:00:00+00:00,97.0,85.0,92.02517,7.025169372558594
2017-01-16 16:00:00+00:00,91.0,87.0,89.40015,2.400146484375
2017-01-16 17:00:00+00:00,106.0,91.0,93.265114,2.2651138305664062
2017-01-16 18:00:00+00:00,100.0,96.0,89.172424,6.82757568359375
2017-01-16 19:00:00+00:00,105.0,101.0,90.83018,10.169822692871094
2017-01-16 20:00:00+00:00,98.0,109.0,89.012596,19.987403869628906
2017-01-16 21:00:00+00:00,98.0,124.0,88.89215,35.10784912109375
2017-01-16 22:00:00+00:00,94.0,137.0,94.67372,42.32627868652344
2017-01-16 23:00:00+00:00,99.0,126.0,96.29078,29.70922088623047
2017-01-17 00:00:00+00:00,100.0,127.0,98.42144,28.57855987548828
2017-01-17 01:00:00+00:00,106.0,125.0,94.78863,30.21137237548828
2017-01-17 02:00:00+00:00,104.0,127.0,96.09204,30.907958984375
2017-01-17 03:00:00+00:00,109.0,136.0,89.832794,46.167205810546875
2017-01-17 04:00:00+00:00,95.0,136.0,85.794205,50.20579528808594
2017-01-17 05:00:00+00:00,88.0,121.0,88.356186,32.64381408691406
2017-01-17 06:00:00+00:00,82.0,90.0,84.869415,5.130584716796875
2017-01-17 07:00:00+00:00,80.0,90.0,86.47988,3.5201187133789062
2017-01-17 08:00:00+00:00,83.0,72.0,85.60574,13.605743408203125
2017-01-17 09:00:00+00:00,82.0,81.0,83.19199,2.1919937133789062
2017-01-17 10:00:00+00:00,121.0,88.0,83.28124,4.718757629394531
2017-01-17 11:00:00+00:00,115.0,105.0,91.24613,13.753868103027344
2017-01-17 12:00:00+00:00,129.0,107.0,94.713776,12.286224365234375
2017-01-17 13:00:00+00:00,97.0,119.0,93.76354,25.23645782470703
2017-01-17 14:00:00+00:00,103.0,110.0,95.16792,14.832077026367188
2017-01-17 15:00:00+00:00,89.0,109.0,97.25427,11.7457275390625
2017-01-17 16:00:00+00:00,90.0,93.0,93.1801,0.1800994873046875
2017-01-17 17:00:00+00:00,91.0,101.0,97.79564,3.2043609619140625
2017-01-17 18:00:00+00:00,88.0,113.0,98.27917,14.720832824707031
2017-01-17 19:00:00+00:00,75.0,106.0,99.709206,6.290794372558594
2017-01-17 20:00:00+00:00,80.0,106.0,102.86853,3.1314697265625
2017-01-17 21:00:00+00:00,79.0,105.0,104.311745,0.6882553100585938
2017-01-17 23:00:00+00:00,92.0,123.0,104.290184,18.709815979003906
2017-01-18 00:00:00+00:00,101.0,121.0,104.5184,16.481597900390625
2017-01-18 01:00:00+00:00,100.0,130.0,101.6973,28.302696228027344
2017-01-18 02:00:00+00:00,99.0,118.0,102.015175,15.984825134277344
2017-01-18 03:00:00+00:00,110.0,110.0,94.098625,15.901374816894531
2017-01-18 04:00:00+00:00,98.0,120.0,93.560394,26.439605712890625
2017-01-18 05:00:00+00:00,96.0,101.0,87.048,13.952003479003906
2017-01-18 06:00:00+00:00,85.0,100.0,84.720276,15.27972412109375
2017-01-18 07:00:00+00:00,92.0,86.0,79.10041,6.899589538574219
2017-01-18 08:00:00+00:00,92.0,88.0,78.209015,9.790985107421875
2017-01-18 09:00:00+00:00,87.0,93.0,74.93739,18.062606811523438
2017-01-18 10:00:00+00:00,111.0,122.0,83.01904,38.98095703125
2017-01-18 11:00:00+00:00,111.0,123.0,81.44798,41.55201721191406
2017-01-18 12:00:00+00:00,112.0,125.0,82.047,42.9530029296875
2017-01-18 13:00:00+00:00,106.0,118.0,78.74016,39.25984191894531
2017-01-18 14:00:00+00:00,104.0,123.0,76.03528,46.9647216796875
2017-01-18 15:00:00+00:00,104.0,136.0,78.426094,57.57390594482422
2017-01-18 16:00:00+00:00,91.0,140.0,79.45136,60.54863739013672
2017-01-18 17:00:00+00:00,90.0,149.0,77.96797,71.03202819824219
2017-01-18 18:00:00+00:00,88.0,136.0,77.827805,58.17219543457031
2017-01-18 19:00:00+00:00,93.0,143.0,77.01164,65.98835754394531
2017-01-18 20:00:00+00:00,95.0,138.0,81.08989,56.91011047363281
2017-01-18 21:00:00+00:00,103.0,138.0,81.41835,56.58164978027344
2017-01-18 22:00:00+00:00,102.0,141.0,87.34083,53.65917205810547
2017-01-18 23:00:00+00:00,103.0,137.0,85.39105,51.60894775390625
2017-01-19 00:00:00+00:00,111.0,139.0,80.57586,58.42414093017578
2017-01-19 01:00:00+00:00,111.0,154.0,79.85611,74.14389038085938
2017-01-19 02:00:00+00:00,112.0,153.0,81.379234,71.62076568603516
2017-01-19 03:00:00+00:00,123.0,150.0,74.451935,75.54806518554688
2017-01-19 04:00:00+00:00,125.0,188.0,74.64349,113.35650634765625
2017-01-19 05:00:00+00:00,124.0,195.0,71.953705,123.04629516601562
2017-01-19 06:00:00+00:00,87.0,125.0,69.372086,55.62791442871094
2017-01-19 07:00:00+00:00,76.0,158.0,66.94395,91.0560531616211
2017-01-19 09:00:00+00:00,72.0,213.0,62.643173,150.35682678222656
2017-01-19 10:00:00+00:00,81.0,211.0,62.497257,148.50274276733398
2017-01-19 11:00:00+00:00,75.0,200.0,67.671074,132.32892608642578
2017-01-19 12:00:00+00:00,74.0,192.0,69.32681,122.67318725585938
2017-01-19 13:00:00+00:00,80.0,181.0,70.46022,110.53977966308594
2017-01-19 14:00:00+00:00,80.0,181.0,68.78394,112.21605682373047
2017-01-19 15:00:00+00:00,85.0,197.0,71.242195,125.75780487060547
2017-01-19 16:00:00+00:00,87.0,201.0,71.62466,129.3753433227539
2017-01-19 17:00:00+00:00,91.0,190.0,71.45718,118.5428237915039
2017-01-19 18:00:00+00:00,96.0,194.0,73.741165,120.25883483886719
2017-01-19 19:00:00+00:00,101.0,203.0,74.12898,128.8710174560547
2017-01-19 20:00:00+00:00,109.0,236.0,74.96789,161.03211212158203
2017-01-19 21:00:00+00:00,124.0,236.0,75.53122,160.46878051757812
2017-01-19 22:00:00+00:00,137.0,242.0,80.00866,161.99134063720703
2017-01-19 23:00:00+00:00,126.0,237.0,79.37422,157.6257781982422
2017-01-21 00:00:00+00:00,121.0,156.0,71.92756,84.07244110107422
2017-01-21 01:00:00+00:00,130.0,160.0,75.09296,84.90704345703125
2017-01-21 02:00:00+00:00,118.0,156.0,70.71813,85.28186798095703
2017-01-21 03:00:00+00:00,110.0,168.0,69.34338,98.6566162109375
2017-01-21 04:00:00+00:00,120.0,171.0,76.33585,94.66414642333984
2017-01-21 05:00:00+00:00,101.0,152.0,69.1201,82.87989807128906
2017-01-21 06:00:00+00:00,100.0,131.0,71.627716,59.372283935546875
2017-01-21 07:00:00+00:00,86.0,126.0,70.06015,55.939849853515625
2017-01-21 08:00:00+00:00,88.0,134.0,67.95124,66.04875946044922
2017-01-21 09:00:00+00:00,93.0,143.0,72.12982,70.87017822265625
2017-01-21 10:00:00+00:00,122.0,133.0,74.80366,58.19634246826172
2017-01-21 11:00:00+00:00,123.0,140.0,73.1104,66.88960266113281
2017-01-21 12:00:00+00:00,125.0,153.0,74.29978,78.7002182006836
2017-01-21 13:00:00+00:00,118.0,159.0,72.6927,86.30729675292969
2017-01-21 14:00:00+00:00,123.0,165.0,75.65064,89.34935760498047
2017-01-21 15:00:00+00:00,136.0,163.0,78.2745,84.72550201416016
2017-01-21 16:00:00+00:00,140.0,175.0,79.13705,95.86295318603516
2017-01-21 17:00:00+00:00,149.0,165.0,73.12961,91.87039184570312
2017-01-21 18:00:00+00:00,136.0,174.0,65.500465,108.4995346069336
2017-01-21 19:00:00+00:00,143.0,174.0,66.721405,107.27859497070312
2017-01-21 20:00:00+00:00,138.0,174.0,69.54385,104.45614624023438
2017-01-21 21:00:00+00:00,138.0,180.0,72.22454,107.77545928955078
2017-01-21 22:00:00+00:00,141.0,176.0,75.307594,100.6924057006836
2017-01-21 23:00:00+00:00,137.0,175.0,73.664764,101.33523559570312
2017-01-22 00:00:00+00:00,139.0,175.0,80.29346,94.70654296875
2017-01-22 01:00:00+00:00,154.0,185.0,80.10624,104.89376068115234
2017-01-22 02:00:00+00:00,153.0,200.0,79.73349,120.26651000976562
2017-01-22 03:00:00+00:00,150.0,195.0,83.26927,111.73072814941406
2017-01-22 04:00:00+00:00,188.0,174.0,76.82438,97.17562103271484
2017-01-22 05:00:00+00:00,195.0,164.0,64.6669,99.33309936523438
2017-01-22 06:00:00+00:00,125.0,137.0,62.566414,74.43358612060547
2017-01-22 07:00:00+00:00,158.0,136.0,62.98686,73.01314163208008
2017-01-22 08:00:00+00:00,,135.0,63.015533,71.98446655273438
2017-01-22 09:00:00+00:00,213.0,137.0,65.88486,71.11514282226562
2017-01-22 10:00:00+00:00,211.0,128.0,62.592625,65.40737533569336
2017-01-22 11:00:00+00:00,200.0,143.0,60.261486,82.7385139465332
2017-01-22 12:00:00+00:00,192.0,156.0,58.09658,97.9034194946289
2017-01-22 13:00:00+00:00,181.0,150.0,58.89387,91.10612869262695
2017-01-22 14:00:00+00:00,181.0,157.0,63.796906,93.20309448242188
2017-01-22 15:00:00+00:00,197.0,164.0,65.493675,98.5063247680664
2017-01-22 16:00:00+00:00,201.0,179.0,64.561165,114.43883514404297
2017-01-22 17:00:00+00:00,190.0,171.0,64.7331,106.26689910888672
2017-01-22 18:00:00+00:00,194.0,173.0,62.516098,110.48390197753906
2017-01-22 19:00:00+00:00,203.0,170.0,63.640568,106.35943222045898
2017-01-22 20:00:00+00:00,236.0,160.0,66.99486,93.00514221191406
2017-01-22 21:00:00+00:00,236.0,157.0,68.48391,88.5160903930664
2017-01-22 22:00:00+00:00,242.0,152.0,74.78637,77.21363067626953
2017-01-22 23:00:00+00:00,237.0,168.0,75.040016,92.9599838256836
2017-01-23 00:00:00+00:00,,175.0,89.33657,85.6634292602539
2017-01-23 01:00:00+00:00,,187.0,89.21422,97.78578186035156
2017-01-23 02:00:00+00:00,,221.0,87.69225,133.30774688720703
2017-01-23 03:00:00+00:00,,220.0,86.87101,133.12899017333984
2017-01-23 04:00:00+00:00,,214.0,87.12665,126.87335205078125
2017-01-23 05:00:00+00:00,,195.0,80.734314,114.26568603515625
2017-01-23 06:00:00+00:00,,170.0,81.322365,88.6776351928711
2017-01-23 07:00:00+00:00,,159.0,79.08535,79.9146499633789
2017-01-23 08:00:00+00:00,,154.0,86.663795,67.3362045288086
2017-01-23 09:00:00+00:00,,175.0,85.74154,89.25846099853516
2017-01-23 10:00:00+00:00,,179.0,86.866,92.13400268554688
2017-01-23 11:00:00+00:00,,190.0,86.18243,103.81757354736328
2017-01-23 12:00:00+00:00,,194.0,87.10329,106.89671325683594
2017-01-23 13:00:00+00:00,,220.0,91.5365,128.4635009765625
2017-01-23 14:00:00+00:00,,255.0,92.82769,162.17230987548828
2017-01-23 15:00:00+00:00,,253.0,93.253365,159.74663543701172
2017-01-23 16:00:00+00:00,,251.0,94.0689,156.93109893798828
2017-01-23 17:00:00+00:00,,254.0,92.7692,161.23079681396484
2017-01-23 18:00:00+00:00,,240.0,93.38152,146.61847686767578
2017-01-23 19:00:00+00:00,,228.0,94.61612,133.38388061523438
2017-01-23 20:00:00+00:00,,229.0,98.09699,130.90300750732422
2017-01-23 21:00:00+00:00,,234.0,98.152374,135.84762573242188
2017-01-23 22:00:00+00:00,,230.0,97.326584,132.6734161376953
2017-01-23 23:00:00+00:00,,228.0,97.63329,130.36670684814453
2017-01-24 00:00:00+00:00,156.0,222.0,95.79445,126.20555114746094
2017-01-24 01:00:00+00:00,160.0,213.0,98.23037,114.7696304321289
2017-01-24 02:00:00+00:00,156.0,197.0,97.38572,99.6142807006836
2017-01-24 03:00:00+00:00,168.0,173.0,95.87957,77.12042999267578
2017-01-24 04:00:00+00:00,171.0,145.0,96.7067,48.293296813964844
2017-01-24 05:00:00+00:00,152.0,126.0,89.961235,36.03876495361328
2017-01-24 06:00:00+00:00,131.0,186.0,84.72375,101.27625274658203
2017-01-24 07:00:00+00:00,126.0,153.0,80.627754,72.37224578857422
2017-01-24 08:00:00+00:00,134.0,132.0,84.94101,47.058990478515625
2017-01-24 09:00:00+00:00,143.0,107.0,84.31969,22.680313110351562
2017-01-24 10:00:00+00:00,133.0,106.0,84.99567,21.00433349609375
2017-01-24 11:00:00+00:00,140.0,141.0,87.2578,53.74220275878906
2017-01-24 12:00:00+00:00,153.0,141.0,89.412796,51.58720397949219
2017-01-24 13:00:00+00:00,159.0,140.0,92.24331,47.756690979003906
2017-01-24 14:00:00+00:00,165.0,155.0,93.26218,61.737823486328125
2017-01-24 15:00:00+00:00,163.0,188.0,94.79383,93.20616912841797
2017-01-24 16:00:00+00:00,175.0,196.0,96.734856,99.26514434814453
2017-01-24 17:00:00+00:00,165.0,199.0,97.916016,101.083984375
2017-01-24 18:00:00+00:00,174.0,216.0,97.10077,118.89923095703125
2017-01-24 19:00:00+00:00,174.0,223.0,94.96517,128.03482818603516
2017-01-24 20:00:00+00:00,174.0,229.0,101.86089,127.13910675048828
2017-01-24 21:00:00+00:00,180.0,237.0,103.576164,133.42383575439453
2017-01-24 22:00:00+00:00,176.0,257.0,104.770355,152.22964477539062
2017-01-24 23:00:00+00:00,175.0,266.0,105.372665,160.62733459472656
2017-01-25 00:00:00+00:00,175.0,269.0,103.964775,165.03522491455078
2017-01-25 01:00:00+00:00,185.0,255.0,103.84992,151.15007781982422
2017-01-25 02:00:00+00:00,200.0,237.0,101.42231,135.57769012451172
2017-01-25 03:00:00+00:00,195.0,235.0,97.99717,137.0028305053711
2017-01-25 04:00:00+00:00,174.0,241.0,97.66557,143.3344268798828
2017-01-25 05:00:00+00:00,164.0,199.0,91.15425,107.84574890136719
2017-01-25 06:00:00+00:00,137.0,150.0,90.796104,59.203895568847656
2017-01-25 07:00:00+00:00,136.0,144.0,86.41329,57.586708068847656
2017-01-25 08:00:00+00:00,135.0,85.0,85.982704,0.9827041625976562
2017-01-25 09:00:00+00:00,137.0,83.0,86.6922,3.69219970703125
2017-01-25 10:00:00+00:00,128.0,88.0,88.89954,0.8995437622070312
2017-01-25 11:00:00+00:00,143.0,96.0,90.157814,5.842185974121094
2017-01-25 12:00:00+00:00,156.0,99.0,90.97318,8.026817321777344
2017-01-25 13:00:00+00:00,150.0,90.0,91.61473,1.6147308349609375
2017-01-25 14:00:00+00:00,157.0,70.0,92.83312,22.83312225341797
2017-01-25 15:00:00+00:00,164.0,63.0,95.618004,32.618003845214844
2017-01-25 16:00:00+00:00,179.0,64.0,99.87538,35.87538146972656
2017-01-25 17:00:00+00:00,171.0,78.0,97.77699,19.776992797851562
2017-01-25 18:00:00+00:00,173.0,90.0,98.53984,8.539840698242188
2017-01-25 19:00:00+00:00,170.0,87.0,98.49684,11.496841430664062
2017-01-25 20:00:00+00:00,160.0,84.0,101.34101,17.34101104736328
2017-01-25 21:00:00+00:00,157.0,79.0,101.85048,22.850479125976562
2017-01-25 22:00:00+00:00,152.0,110.0,101.04196,8.958038330078125
2017-01-25 23:00:00+00:00,168.0,114.0,100.97318,13.026817321777344
2017-01-26 00:00:00+00:00,175.0,121.0,102.51345,18.486549377441406
2017-01-26 01:00:00+00:00,187.0,122.0,100.71627,21.283729553222656
2017-01-26 02:00:00+00:00,221.0,105.0,96.74208,8.257919311523438
2017-01-26 03:00:00+00:00,220.0,72.0,95.26003,23.260032653808594
2017-01-26 04:00:00+00:00,214.0,63.0,89.01374,26.01374053955078
2017-01-26 05:00:00+00:00,195.0,55.0,82.50572,27.505722045898438
2017-01-26 06:00:00+00:00,170.0,51.0,81.16486,30.16486358642578
2017-01-26 07:00:00+00:00,159.0,41.0,78.331696,37.331695556640625
2017-01-26 08:00:00+00:00,154.0,40.0,79.01556,39.01555633544922
2017-01-26 09:00:00+00:00,175.0,45.0,78.96065,33.96064758300781
2017-01-26 10:00:00+00:00,179.0,44.0,79.27849,35.27848815917969
2017-01-26 11:00:00+00:00,190.0,51.0,84.64248,33.642478942871094
2017-01-26 12:00:00+00:00,194.0,53.0,87.334564,34.334564208984375
2017-01-26 13:00:00+00:00,220.0,76.0,90.586266,14.586265563964844
2017-01-26 14:00:00+00:00,255.0,70.0,91.950806,21.9508056640625
2017-01-26 15:00:00+00:00,253.0,86.0,90.28777,4.287773132324219
2017-01-26 16:00:00+00:00,251.0,98.0,91.19973,6.800270080566406
2017-01-26 17:00:00+00:00,254.0,105.0,92.22927,12.770729064941406
2017-01-26 18:00:00+00:00,240.0,107.0,91.43159,15.568412780761719
2017-01-26 19:00:00+00:00,228.0,96.0,91.55048,4.449516296386719
2017-01-26 20:00:00+00:00,229.0,69.0,91.16645,22.16645050048828
2017-01-26 21:00:00+00:00,234.0,61.0,91.70853,30.708526611328125
2017-01-26 22:00:00+00:00,230.0,53.0,92.3056,39.30560302734375
2017-01-26 23:00:00+00:00,228.0,111.0,92.58802,18.41197967529297
2017-01-27 00:00:00+00:00,222.0,103.0,93.06485,9.935150146484375
2017-01-27 01:00:00+00:00,213.0,101.0,91.72051,9.279487609863281
2017-01-27 02:00:00+00:00,197.0,91.0,91.464195,0.46419525146484375
2017-01-27 03:00:00+00:00,173.0,75.0,91.59316,16.593162536621094
2017-01-27 04:00:00+00:00,145.0,66.0,90.73078,24.73078155517578
2017-01-27 05:00:00+00:00,126.0,65.0,83.36278,18.362777709960938
2017-01-27 06:00:00+00:00,186.0,70.0,81.09184,11.091842651367188
2017-01-27 07:00:00+00:00,153.0,65.0,80.310234,15.310234069824219
2017-01-27 08:00:00+00:00,132.0,48.0,78.192055,30.192054748535156
2017-01-27 09:00:00+00:00,107.0,56.0,78.18856,22.188560485839844
2017-01-27 10:00:00+00:00,106.0,75.0,77.1594,2.1594009399414062
2017-01-27 11:00:00+00:00,141.0,67.0,81.12323,14.12322998046875
2017-01-27 12:00:00+00:00,141.0,62.0,84.38267,22.382667541503906
2017-01-27 13:00:00+00:00,140.0,70.0,85.413925,15.413925170898438
2017-01-27 14:00:00+00:00,155.0,66.0,88.59591,22.595909118652344
2017-01-27 15:00:00+00:00,188.0,63.0,91.925446,28.925445556640625
2017-01-27 16:00:00+00:00,196.0,64.0,93.27172,29.27172088623047
2017-01-27 17:00:00+00:00,199.0,77.0,88.56756,11.567558288574219
2017-01-27 18:00:00+00:00,216.0,76.0,89.02167,13.02166748046875
2017-01-27 19:00:00+00:00,223.0,74.0,90.87825,16.878250122070312
2017-01-27 20:00:00+00:00,229.0,64.0,90.1489,26.148902893066406
2017-01-27 21:00:00+00:00,237.0,62.0,90.71256,28.712562561035156
2017-01-27 22:00:00+00:00,257.0,62.0,91.46148,29.46147918701172
2017-01-27 23:00:00+00:00,266.0,63.0,91.20609,28.206092834472656
2017-01-28 00:00:00+00:00,269.0,66.0,87.10022,21.1002197265625
2017-01-28 01:00:00+00:00,255.0,59.0,86.78352,27.783523559570312
2017-01-28 02:00:00+00:00,237.0,44.0,86.91191,42.91191101074219
2017-01-28 03:00:00+00:00,235.0,42.0,87.80826,45.808258056640625
2017-01-28 04:00:00+00:00,241.0,40.0,86.27179,46.27178955078125
2017-01-28 05:00:00+00:00,199.0,38.0,79.05109,41.05108642578125
2017-01-28 06:00:00+00:00,150.0,39.0,77.14066,38.140663146972656
2017-01-28 07:00:00+00:00,144.0,35.0,75.26139,40.261390686035156
2017-01-28 08:00:00+00:00,85.0,29.0,74.95464,45.95464324951172
2017-01-28 09:00:00+00:00,83.0,28.0,74.32498,46.324981689453125
2017-01-28 10:00:00+00:00,88.0,29.0,76.330154,47.33015441894531
2017-01-28 11:00:00+00:00,96.0,36.0,77.22335,41.223350524902344
2017-01-28 12:00:00+00:00,99.0,37.0,80.68076,43.680763244628906
2017-01-28 13:00:00+00:00,90.0,37.0,85.60604,48.606040954589844
2017-01-28 14:00:00+00:00,70.0,49.0,88.09434,39.094337463378906
2017-01-28 15:00:00+00:00,63.0,42.0,90.26923,48.26923370361328
2017-01-28 16:00:00+00:00,64.0,46.0,93.05419,47.05419158935547
2017-01-28 17:00:00+00:00,78.0,44.0,99.69412,55.694122314453125
2017-01-28 18:00:00+00:00,90.0,48.0,93.32024,45.32023620605469
2017-01-28 19:00:00+00:00,87.0,45.0,95.321815,50.321815490722656
2017-01-28 20:00:00+00:00,84.0,41.0,94.81796,53.817962646484375
2017-01-28 21:00:00+00:00,79.0,50.0,93.85378,43.853782653808594
2017-01-28 22:00:00+00:00,110.0,46.0,91.61339,45.61338806152344
2017-01-28 23:00:00+00:00,114.0,46.0,91.91865,45.91864776611328
2017-01-29 00:00:00+00:00,121.0,45.0,99.32242,54.322418212890625
2017-01-29 01:00:00+00:00,122.0,46.0,102.79764,56.797637939453125
2017-01-29 02:00:00+00:00,105.0,41.0,103.17653,62.17652893066406
2017-01-29 03:00:00+00:00,72.0,41.0,99.763504,58.76350402832031
2017-01-29 04:00:00+00:00,63.0,39.0,99.38593,60.38593292236328
2017-01-29 05:00:00+00:00,55.0,51.0,90.10318,39.103179931640625
2017-01-29 06:00:00+00:00,51.0,42.0,77.63383,35.633827209472656
2017-01-29 07:00:00+00:00,41.0,42.0,79.80298,37.802978515625
2017-01-29 08:00:00+00:00,40.0,44.0,72.56375,28.563751220703125
2017-01-29 09:00:00+00:00,45.0,41.0,86.49301,45.493011474609375
2017-01-29 10:00:00+00:00,44.0,54.0,87.84987,33.84986877441406
2017-01-29 11:00:00+00:00,51.0,60.0,88.28153,28.281532287597656
2017-01-29 12:00:00+00:00,53.0,61.0,91.15292,30.152923583984375
2017-01-29 13:00:00+00:00,76.0,65.0,92.686806,27.686805725097656
2017-01-29 14:00:00+00:00,70.0,67.0,94.28881,27.28881072998047
2017-01-29 15:00:00+00:00,86.0,59.0,95.489914,36.48991394042969
2017-01-29 16:00:00+00:00,98.0,73.0,97.58029,24.580291748046875
2017-01-29 17:00:00+00:00,105.0,60.0,100.58283,40.58283233642578
2017-01-29 18:00:00+00:00,107.0,56.0,103.41405,47.41404724121094
2017-01-29 19:00:00+00:00,96.0,52.0,106.64682,54.646820068359375
2017-01-29 20:00:00+00:00,69.0,53.0,110.79542,57.79541778564453
2017-01-29 21:00:00+00:00,61.0,53.0,112.403305,59.40330505371094
2017-01-29 22:00:00+00:00,53.0,58.0,113.04766,55.04766082763672
2017-01-29 23:00:00+00:00,111.0,60.0,110.70842,50.70841979980469
2017-01-30 00:00:00+00:00,103.0,61.0,108.93191,47.931907653808594
2017-01-30 01:00:00+00:00,101.0,65.0,106.06067,41.0606689453125
2017-01-30 02:00:00+00:00,91.0,73.0,103.539604,30.53960418701172
2017-01-30 03:00:00+00:00,75.0,71.0,96.89128,25.891281127929688
2017-01-30 04:00:00+00:00,66.0,65.0,95.08568,30.085678100585938
2017-01-30 05:00:00+00:00,65.0,63.0,87.534424,24.534423828125
2017-01-30 06:00:00+00:00,70.0,61.0,84.73836,23.738357543945312
2017-01-30 07:00:00+00:00,65.0,58.0,85.45569,27.4556884765625
2017-01-30 08:00:00+00:00,48.0,57.0,81.905785,24.905784606933594
2017-01-30 09:00:00+00:00,56.0,64.0,81.20927,17.209266662597656
2017-01-30 10:00:00+00:00,75.0,69.0,81.36009,12.360092163085938
2017-01-30 11:00:00+00:00,67.0,69.0,85.27515,16.275146484375
2017-01-30 12:00:00+00:00,62.0,74.0,86.438965,12.43896484375
2017-01-30 13:00:00+00:00,70.0,68.0,89.5318,21.53179931640625
2017-01-30 14:00:00+00:00,66.0,61.0,88.06834,27.068336486816406
2017-01-30 15:00:00+00:00,63.0,59.0,89.00834,30.008338928222656
2017-01-30 16:00:00+00:00,64.0,67.0,93.42551,26.425506591796875
2017-01-30 17:00:00+00:00,77.0,70.0,94.213715,24.213714599609375
2017-01-30 18:00:00+00:00,76.0,69.0,95.61665,26.616653442382812
2017-01-30 19:00:00+00:00,74.0,65.0,96.700165,31.700164794921875
2017-01-30 20:00:00+00:00,64.0,65.0,97.98706,32.987060546875
2017-01-30 21:00:00+00:00,62.0,70.0,99.52251,29.522506713867188
2017-01-30 22:00:00+00:00,62.0,70.0,102.17857,32.17857360839844
2017-01-30 23:00:00+00:00,63.0,69.0,104.11711,35.11711120605469
2017-01-31 00:00:00+00:00,66.0,67.0,103.9969,36.99690246582031
2017-01-31 01:00:00+00:00,59.0,64.0,100.39966,36.399658203125
2017-01-31 02:00:00+00:00,44.0,65.0,96.12193,31.121932983398438
2017-01-31 03:00:00+00:00,42.0,62.0,88.87628,26.87628173828125
2017-01-31 04:00:00+00:00,40.0,64.0,84.15571,20.15570831298828
2017-01-31 05:00:00+00:00,38.0,73.0,79.740814,6.740814208984375
2017-01-31 06:00:00+00:00,39.0,65.0,74.90821,9.908210754394531
2017-01-31 07:00:00+00:00,35.0,63.0,81.2004,18.200401306152344
2017-01-31 08:00:00+00:00,29.0,68.0,84.79568,16.795677185058594
2017-01-31 09:00:00+00:00,28.0,65.0,82.28869,17.28868865966797
2017-01-31 10:00:00+00:00,29.0,79.0,84.8705,5.8704986572265625
2017-01-31 11:00:00+00:00,36.0,68.0,82.30851,14.308509826660156
2017-01-31 12:00:00+00:00,37.0,74.0,86.60173,12.601730346679688
2017-01-31 13:00:00+00:00,37.0,75.0,88.0722,13.072196960449219
2017-01-31 14:00:00+00:00,49.0,75.0,90.40223,15.402229309082031
2017-01-31 15:00:00+00:00,42.0,82.0,96.01427,14.014266967773438
2017-01-31 16:00:00+00:00,46.0,75.0,96.70928,21.70928192138672
2017-01-31 18:00:00+00:00,48.0,81.0,103.0447,22.044700622558594
2017-01-31 19:00:00+00:00,45.0,68.0,103.76259,35.76258850097656
2017-01-31 20:00:00+00:00,41.0,70.0,101.89605,31.89604949951172
2017-01-31 21:00:00+00:00,50.0,67.0,105.35801,38.358009338378906
2017-01-31 22:00:00+00:00,46.0,73.0,99.207596,26.207595825195312
2017-01-31 23:00:00+00:00,46.0,71.0,95.6337,24.633697509765625
2017-02-01 00:00:00+00:00,45.0,76.0,95.59339,19.59339141845703
2017-02-01 01:00:00+00:00,46.0,75.0,100.541565,25.54156494140625
2017-02-01 02:00:00+00:00,41.0,80.0,101.80342,21.803421020507812
2017-02-01 03:00:00+00:00,41.0,85.0,98.038605,13.038604736328125
2017-02-01 04:00:00+00:00,39.0,75.0,96.37317,21.3731689453125
2017-02-01 05:00:00+00:00,51.0,80.0,92.760185,12.760185241699219
2017-02-01 06:00:00+00:00,42.0,70.0,92.153305,22.153305053710938
2017-02-01 07:00:00+00:00,42.0,71.0,92.161,21.16100311279297
2017-02-01 08:00:00+00:00,44.0,64.0,91.4121,27.41210174560547
2017-02-01 09:00:00+00:00,41.0,59.0,90.618614,31.618614196777344
2017-02-01 10:00:00+00:00,54.0,72.0,91.77948,19.77947998046875
2017-02-01 12:00:00+00:00,61.0,77.0,90.3954,13.395401000976562
2017-02-01 13:00:00+00:00,65.0,80.0,89.99932,9.999320983886719
2017-02-01 14:00:00+00:00,67.0,86.0,90.63911,4.639106750488281
2017-02-02 20:00:00+00:00,65.0,84.0,84.18684,0.18683624267578125
2017-02-03 02:00:00+00:00,65.0,103.0,96.49806,6.5019378662109375
2017-02-03 03:00:00+00:00,62.0,109.0,90.96877,18.031227111816406
2017-02-03 04:00:00+00:00,64.0,110.0,87.90998,22.09001922607422
2017-02-03 05:00:00+00:00,73.0,103.0,73.90384,29.096160888671875
2017-02-03 06:00:00+00:00,65.0,100.0,92.39033,7.609672546386719
2017-02-03 07:00:00+00:00,63.0,101.0,84.94216,16.057838439941406
2017-02-03 08:00:00+00:00,68.0,91.0,76.81691,14.183090209960938
2017-02-03 09:00:00+00:00,65.0,88.0,74.03415,13.965850830078125
2017-02-03 10:00:00+00:00,79.0,98.0,70.628174,27.371826171875
2017-02-03 11:00:00+00:00,68.0,106.0,71.99127,34.00872802734375
2017-02-03 12:00:00+00:00,74.0,113.0,67.267914,45.732086181640625
2017-02-03 13:00:00+00:00,75.0,111.0,70.136795,40.86320495605469
2017-02-03 14:00:00+00:00,75.0,109.0,82.98198,26.018020629882812
2017-02-03 15:00:00+00:00,82.0,101.0,91.562035,9.437965393066406
2017-02-03 16:00:00+00:00,75.0,74.0,93.22559,19.22559356689453
2017-02-03 17:00:00+00:00,,88.0,94.41864,6.41864013671875
2017-02-03 18:00:00+00:00,81.0,60.0,95.76375,35.76374816894531
2017-02-03 19:00:00+00:00,68.0,53.0,98.61211,45.61210632324219
2017-02-03 20:00:00+00:00,70.0,40.0,108.99372,68.99372100830078
2017-02-03 21:00:00+00:00,67.0,22.0,108.66407,86.66407012939453
2017-02-03 22:00:00+00:00,73.0,14.0,112.28888,98.28887939453125
2017-02-03 23:00:00+00:00,71.0,13.0,107.978035,94.97803497314453
2017-02-04 00:00:00+00:00,76.0,15.0,102.71592,87.7159194946289
2017-02-04 01:00:00+00:00,75.0,13.0,101.09786,88.09786224365234
2017-02-04 02:00:00+00:00,80.0,14.0,93.95235,79.95234680175781
2017-02-04 03:00:00+00:00,85.0,18.0,91.157005,73.1570053100586
2017-02-04 04:00:00+00:00,75.0,17.0,91.297745,74.29774475097656
2017-02-04 05:00:00+00:00,80.0,19.0,82.489815,63.48981475830078
2017-02-04 06:00:00+00:00,70.0,21.0,87.634544,66.6345443725586
2017-02-04 07:00:00+00:00,71.0,15.0,85.660385,70.66038513183594
2017-02-04 08:00:00+00:00,64.0,16.0,81.05551,65.05551147460938
2017-02-04 09:00:00+00:00,59.0,21.0,80.371216,59.3712158203125
2017-02-04 10:00:00+00:00,72.0,27.0,87.32559,60.325592041015625
2017-02-04 11:00:00+00:00,,32.0,84.057556,52.05755615234375
2017-02-04 12:00:00+00:00,77.0,29.0,90.50937,61.509368896484375
2017-02-04 13:00:00+00:00,80.0,30.0,86.404755,56.404754638671875
2017-02-04 14:00:00+00:00,86.0,31.0,88.756645,57.75664520263672
2017-02-04 15:00:00+00:00,,38.0,91.41525,53.415252685546875
2017-02-04 16:00:00+00:00,,38.0,92.39517,54.395172119140625
2017-02-04 17:00:00+00:00,,43.0,94.28876,51.28875732421875
2017-02-04 18:00:00+00:00,,39.0,101.10155,62.10154724121094
2017-02-04 19:00:00+00:00,,34.0,97.67996,63.679962158203125
2017-02-04 20:00:00+00:00,,37.0,99.06416,62.06416320800781
2017-02-04 21:00:00+00:00,,36.0,101.12148,65.1214828491211
2017-02-04 22:00:00+00:00,,33.0,103.05747,70.0574722290039
2017-02-04 23:00:00+00:00,,36.0,104.57563,68.57563018798828
2017-02-05 00:00:00+00:00,,33.0,107.19465,74.19464874267578
2017-02-05 01:00:00+00:00,,39.0,101.89904,62.89904022216797
2017-02-05 02:00:00+00:00,,38.0,108.623146,70.6231460571289
