station_code,station_name,forecast_origin,horizon,horizon_hours,target_timestamp,actual_pm25,sarima_prediction,residual
1431A,JQLH,2021-01-01,48h,48,2021-01-03,119.0,73.3415406520384,45.658459347961596
1431A,JQLH,2021-01-01,72h,72,2021-01-04,79.0,71.31837360894505,7.681626391054948
1431A,JQLH,2021-01-01,7d,168,2021-01-08,44.0,55.851781106290595,-11.851781106290595
1431A,JQLH,2021-01-01,14d,336,2021-01-15,122.0,29.676836198766548,92.32316380123345
1431A,JQLH,2021-01-01,30d,720,2021-01-31,42.0,-30.08217467512271,72.08217467512272
1431A,JQLH,2021-02-01,48h,48,2021-02-03,120.0,60.34706160400941,59.65293839599059
1431A,JQLH,2021-02-01,72h,72,2021-02-04,148.0,63.51490170536068,84.48509829463933
1431A,JQLH,2021-02-01,7d,168,2021-02-08,68.0,81.39871198231553,-13.398711982315533
1431A,JQLH,2021-02-01,14d,336,2021-02-15,52.0,112.05956177948802,-60.05956177948802
1431A,JQLH,2021-02-01,30d,720,2021-03-03,45.0,182.08286824449092,-137.08286824449092
1431A,JQLH,2021-03-01,48h,48,2021-03-03,45.0,21.302561231283583,23.697438768716417
1431A,JQLH,2021-03-01,72h,72,2021-03-04,80.0,22.452983882563743,57.54701611743626
1431A,JQLH,2021-03-01,7d,168,2021-03-08,51.0,26.027589575777547,24.972410424222453
1431A,JQLH,2021-03-01,14d,336,2021-03-15,84.0,32.40836529108474,51.59163470891526
1431A,JQLH,2021-03-01,30d,720,2021-03-31,52.0,47.00439937711881,4.9956006228811916
1431A,JQLH,2021-04-01,48h,48,2021-04-03,64.0,-54.235261997647974,118.23526199764797
1431A,JQLH,2021-04-01,72h,72,2021-04-04,41.0,-88.37143425569546,129.37143425569548
1431A,JQLH,2021-04-01,7d,168,2021-04-08,44.0,-231.48726309177877,275.4872630917788
1431A,JQLH,2021-04-01,14d,336,2021-04-15,39.0,-481.13931493295485,520.1393149329549
1431A,JQLH,2021-04-01,30d,720,2021-05-01,82.0,-1051.7005854029642,1133.7005854029642
1431A,JQLH,2021-05-01,48h,48,2021-05-03,70.0,67.32439576747166,2.675604232528343
1431A,JQLH,2021-05-01,72h,72,2021-05-04,48.0,77.02539253738055,-29.025392537380554
1431A,JQLH,2021-05-01,7d,168,2021-05-08,43.0,119.17564450514328,-76.17564450514328
1431A,JQLH,2021-05-01,14d,336,2021-05-15,54.0,192.53196552057025,-138.53196552057025
1431A,JQLH,2021-05-01,30d,720,2021-05-31,80.0,360.1689613832279,-280.1689613832279
1431A,JQLH,2021-06-01,48h,48,2021-06-03,55.0,-17.58047705460057,72.58047705460058
1431A,JQLH,2021-06-01,72h,72,2021-06-04,20.0,-41.98669718719351,61.98669718719351
1431A,JQLH,2021-06-01,7d,168,2021-06-08,63.0,-148.54806570222001,211.54806570222001
1431A,JQLH,2021-06-01,14d,336,2021-06-15,37.0,-333.9450311587999,370.9450311587999
1431A,JQLH,2021-06-01,30d,720,2021-07-01,44.0,-757.6179612732886,801.6179612732886
1431A,JQLH,2021-07-01,48h,48,2021-07-03,29.0,78.56420284269453,-49.56420284269453
1431A,JQLH,2021-07-01,72h,72,2021-07-04,34.0,96.35759548457992,-62.35759548457992
1431A,JQLH,2021-07-01,7d,168,2021-07-08,43.0,168.0651417390096,-125.06514173900959
1431A,JQLH,2021-07-01,14d,336,2021-07-15,20.0,293.48866753929633,-273.48866753929633
1431A,JQLH,2021-07-01,30d,720,2021-07-31,34.0,580.1658194593078,-546.1658194593078
1431A,JQLH,2021-08-01,48h,48,2021-08-03,30.0,-11.111588348540751,41.11158834854075
1431A,JQLH,2021-08-01,72h,72,2021-08-04,33.0,-23.223026756402977,56.22302675640297
1431A,JQLH,2021-08-01,7d,168,2021-08-08,13.0,-73.79293658771252,86.79293658771252
1431A,JQLH,2021-08-01,14d,336,2021-08-15,31.0,-162.03343444330764,193.03343444330764
1431A,JQLH,2021-08-01,30d,720,2021-08-31,25.0,-363.7059864402649,388.7059864402649
1431A,JQLH,2021-09-01,48h,48,2021-09-03,19.0,52.36375708265313,-33.36375708265313
1431A,JQLH,2021-09-01,72h,72,2021-09-04,13.0,62.00619009362644,-49.00619009362644
1431A,JQLH,2021-09-01,7d,168,2021-09-08,20.0,98.98522648350958,-78.98522648350958
1431A,JQLH,2021-09-01,14d,336,2021-09-15,19.0,163.89097560508236,-144.89097560508236
1431A,JQLH,2021-09-01,30d,720,2021-10-01,35.0,312.26209254977164,-277.26209254977164
1431A,JQLH,2021-10-01,48h,48,2021-10-03,42.0,52.931716818581,-10.931716818581002
1431A,JQLH,2021-10-01,72h,72,2021-10-04,51.0,62.831260879707244,-11.831260879707244
1431A,JQLH,2021-10-01,7d,168,2021-10-08,18.0,99.86266541511412,-81.86266541511412
1431A,JQLH,2021-10-01,14d,336,2021-10-15,22.0,164.97802656516845,-142.97802656516845
1431A,JQLH,2021-10-01,30d,720,2021-10-31,36.0,313.8373769079602,-277.8373769079602
1431A,JQLH,2021-11-01,48h,48,2021-11-03,34.0,-48.73676207013862,82.73676207013861
1431A,JQLH,2021-11-01,72h,72,2021-11-04,29.0,-77.75907971557868,106.75907971557868
1431A,JQLH,2021-11-01,7d,168,2021-11-08,36.0,-199.46262798306205,235.46262798306205
1431A,JQLH,2021-11-01,14d,336,2021-11-15,117.0,-411.76527699017277,528.7652769901728
1431A,JQLH,2021-11-01,30d,720,2021-12-01,56.0,-896.9759740640673,952.9759740640673
1432A,SLD,2021-01-01,48h,48,2021-01-03,119.0,51.150729042350044,67.84927095764996
1432A,SLD,2021-01-01,72h,72,2021-01-04,70.0,51.745254753632445,18.254745246367555
1432A,SLD,2021-01-01,7d,168,2021-01-08,38.0,54.721449219046434,-16.721449219046434
1432A,SLD,2021-01-01,14d,336,2021-01-15,103.0,59.85762270126059,43.14237729873941
1432A,SLD,2021-01-01,30d,720,2021-01-31,45.0,71.59201110605626,-26.592011106056262
1432A,SLD,2021-02-01,48h,48,2021-02-03,125.0,49.00551468955815,75.99448531044186
1432A,SLD,2021-02-01,72h,72,2021-02-04,139.0,47.174614636528425,91.82538536347158
1432A,SLD,2021-02-01,7d,168,2021-02-08,62.0,45.3454172741613,16.6545827258387
1432A,SLD,2021-02-01,14d,336,2021-02-15,54.0,41.480931744946254,12.519068255053746
1432A,SLD,2021-02-01,30d,720,2021-03-03,34.0,32.59733707740193,1.4026629225980685
1432A,SLD,2021-03-01,48h,48,2021-03-03,34.0,23.98162486077982,10.01837513922018
1432A,SLD,2021-03-01,72h,72,2021-03-04,40.0,25.52270736641365,14.477292633586352
1432A,SLD,2021-03-01,7d,168,2021-03-08,49.0,34.106060241867326,14.893939758132674
1432A,SLD,2021-03-01,14d,336,2021-03-15,79.0,48.83387636453808,30.166123635461922
1432A,SLD,2021-03-01,30d,720,2021-03-31,50.0,82.47387758749294,-32.473877587492936
1432A,SLD,2021-04-01,48h,48,2021-04-03,28.0,-69.71181120326413,97.71181120326413
1432A,SLD,2021-04-01,72h,72,2021-04-04,10.0,-107.45177733522128,117.45177733522128
1432A,SLD,2021-04-01,7d,168,2021-04-08,14.0,-253.24025877765342,267.2402587776534
1432A,SLD,2021-04-01,14d,336,2021-04-15,30.0,-508.9962323687989,538.9962323687989
1432A,SLD,2021-04-01,30d,720,2021-05-01,58.0,-1093.6312036012876,1151.6312036012876
1432A,SLD,2021-05-01,48h,48,2021-05-03,56.0,67.0608725760452,-11.060872576045199
1432A,SLD,2021-05-01,72h,72,2021-05-04,39.0,76.16062132699297,-37.16062132699297
1432A,SLD,2021-05-01,7d,168,2021-05-08,48.0,115.11480768020856,-67.11480768020856
1432A,SLD,2021-05-01,14d,336,2021-05-15,56.0,182.97577255618927,-126.97577255618927
1432A,SLD,2021-05-01,30d,720,2021-05-31,53.0,338.06261185030866,-285.06261185030866
1432A,SLD,2021-06-01,48h,48,2021-06-03,57.0,33.36405071225027,23.63594928774973
1432A,SLD,2021-06-01,72h,72,2021-06-04,13.0,29.067170976731358,-16.067170976731358
1432A,SLD,2021-06-01,7d,168,2021-06-08,62.0,12.897697466181963,49.10230253381803
1432A,SLD,2021-06-01,14d,336,2021-06-15,28.0,-15.522214366254962,43.522214366254964
1432A,SLD,2021-06-01,30d,720,2021-07-01,36.0,-80.49193961312275,116.49193961312275
1432A,SLD,2021-07-01,48h,48,2021-07-03,8.0,67.82037198099817,-59.820371980998175
1432A,SLD,2021-07-01,72h,72,2021-07-04,37.0,83.79518012504353,-46.79518012504353
1432A,SLD,2021-07-01,7d,168,2021-07-08,62.0,149.84837956854673,-87.84837956854673
1432A,SLD,2021-07-01,14d,336,2021-07-15,27.0,265.18138446977645,-238.18138446977645
1432A,SLD,2021-07-01,30d,720,2021-07-31,26.0,528.7798566502356,-502.7798566502356
1432A,SLD,2021-08-01,48h,48,2021-08-03,22.0,-14.210813351579855,36.21081335157986
1432A,SLD,2021-08-01,72h,72,2021-08-04,43.0,-26.358336940927305,69.3583369409273
1432A,SLD,2021-08-01,7d,168,2021-08-08,16.0,-76.62928062371392,92.62928062371392
1432A,SLD,2021-08-01,14d,336,2021-08-15,23.0,-164.40010878068477,187.40010878068477
1432A,SLD,2021-08-01,30d,720,2021-08-31,30.0,-365.00319451876686,395.00319451876686
1432A,SLD,2021-09-01,48h,48,2021-09-03,15.0,17.68526363208238,-2.6852636320823784
1432A,SLD,2021-09-01,72h,72,2021-09-04,13.0,17.950531565289115,-4.950531565289115
1432A,SLD,2021-09-01,7d,168,2021-09-08,18.0,12.95693312801125,5.043066871988749
1432A,SLD,2021-09-01,14d,336,2021-09-15,22.0,4.9535863782240845,17.046413621775915
1432A,SLD,2021-09-01,30d,720,2021-10-01,38.0,-13.277661249038548,51.277661249038545
1432A,SLD,2021-10-01,48h,48,2021-10-03,29.0,49.76473194465336,-20.764731944653363
1432A,SLD,2021-10-01,72h,72,2021-10-04,53.0,59.67224335480292,-6.672243354802923
1432A,SLD,2021-10-01,7d,168,2021-10-08,5.0,101.16521029359704,-96.16521029359704
1432A,SLD,2021-10-01,14d,336,2021-10-15,34.0,173.55166942003092,-139.55166942003092
1432A,SLD,2021-10-01,30d,720,2021-10-31,62.0,338.9874099135916,-276.9874099135916
1432A,SLD,2021-11-01,48h,48,2021-11-03,32.0,-13.543276631420834,45.54327663142084
1432A,SLD,2021-11-01,72h,72,2021-11-04,31.0,-29.42163455436768,60.421634554367685
1432A,SLD,2021-11-01,7d,168,2021-11-08,36.0,-100.24361734598298,136.24361734598298
1432A,SLD,2021-11-01,14d,336,2021-11-15,125.0,-223.29485755317535,348.29485755317535
1432A,SLD,2021-11-01,30d,720,2021-12-01,49.0,-504.48073405259146,553.4807340525915
1433A,SWY,2021-01-01,48h,48,2021-01-03,119.0,8.16475809412296,110.83524190587704
1433A,SWY,2021-01-01,72h,72,2021-01-04,75.0,-7.813205721707392,82.81320572170739
1433A,SWY,2021-01-01,7d,168,2021-01-08,34.0,-83.48038502678452,117.48038502678452
1433A,SWY,2021-01-01,14d,336,2021-01-15,124.0,-214.46662977216317,338.4666297721632
1433A,SWY,2021-01-01,30d,720,2021-01-31,43.0,-513.7369483496867,556.7369483496867
1433A,SWY,2021-02-01,48h,48,2021-02-03,134.0,34.269588333390715,99.73041166660929
1433A,SWY,2021-02-01,72h,72,2021-02-04,139.0,26.92973254986102,112.07026745013899
1433A,SWY,2021-02-01,7d,168,2021-02-08,68.0,2.9055359809722607,65.09446401902774
1433A,SWY,2021-02-01,14d,336,2021-02-15,55.0,-39.78649573392791,94.78649573392791
1433A,SWY,2021-02-01,30d,720,2021-03-03,32.0,-137.42598360460934,169.42598360460934
1433A,SWY,2021-03-01,48h,48,2021-03-03,32.0,20.96160150220481,11.038398497795189
1433A,SWY,2021-03-01,72h,72,2021-03-04,19.0,22.426095942716227,-3.426095942716227
1433A,SWY,2021-03-01,7d,168,2021-03-08,44.0,32.437071185807675,11.562928814192325
1433A,SWY,2021-03-01,14d,336,2021-03-15,89.0,49.4492949930329,39.5507050069671
1433A,SWY,2021-03-01,30d,720,2021-03-31,27.0,88.28674545212874,-61.28674545212874
1433A,SWY,2021-04-01,48h,48,2021-04-03,21.0,-53.863581394659306,74.8635813946593
1433A,SWY,2021-04-01,72h,72,2021-04-04,7.0,-83.79889142458792,90.79889142458792
1433A,SWY,2021-04-01,7d,168,2021-04-08,28.0,-203.07837482416264,231.07837482416264
1433A,SWY,2021-04-01,14d,336,2021-04-15,20.0,-411.8738955149577,431.8738955149577
1433A,SWY,2021-04-01,30d,720,2021-05-01,64.0,-889.1262332320224,953.1262332320224
1433A,SWY,2021-05-01,48h,48,2021-05-03,40.0,89.00810584437599,-49.00810584437599
1433A,SWY,2021-05-01,72h,72,2021-05-04,23.0,106.50562576070328,-83.50562576070328
1433A,SWY,2021-05-01,7d,168,2021-05-08,32.0,178.19924588141166,-146.19924588141166
1433A,SWY,2021-05-01,14d,336,2021-05-15,38.0,303.45512422024643,-265.45512422024643
1433A,SWY,2021-05-01,30d,720,2021-05-31,49.0,589.7347483409648,-540.7347483409648
1433A,SWY,2021-06-01,48h,48,2021-06-03,52.0,40.48121921474942,11.518780785250577
1433A,SWY,2021-06-01,72h,72,2021-06-04,16.0,41.72638727940872,-25.72638727940872
1433A,SWY,2021-06-01,7d,168,2021-06-08,45.0,45.6136212114014,-0.6136212114014015
1433A,SWY,2021-06-01,14d,336,2021-06-15,18.0,52.54977235439001,-34.54977235439001
1433A,SWY,2021-06-01,30d,720,2021-07-01,34.0,68.41639416410676,-34.41639416410676
1433A,SWY,2021-07-01,48h,48,2021-07-03,11.0,62.100171970250884,-51.100171970250884
1433A,SWY,2021-07-01,72h,72,2021-07-04,35.0,77.12091195616277,-42.12091195616277
1433A,SWY,2021-07-01,7d,168,2021-07-08,47.0,140.18210892560316,-93.18210892560316
1433A,SWY,2021-07-01,14d,336,2021-07-15,16.0,250.1750698243319,-234.1750698243319
1433A,SWY,2021-07-01,30d,720,2021-07-31,33.0,501.5519568017138,-468.5519568017138
1433A,SWY,2021-08-01,48h,48,2021-08-03,34.0,-4.6579924446401515,38.65799244464015
1433A,SWY,2021-08-01,72h,72,2021-08-04,40.0,-14.969204650448342,54.96920465044834
1433A,SWY,2021-08-01,7d,168,2021-08-08,13.0,-57.57090700253258,70.57090700253258
1433A,SWY,2021-08-01,14d,336,2021-08-15,22.0,-131.95786000792972,153.95786000792972
1433A,SWY,2021-08-01,30d,720,2021-08-31,27.0,-301.9685871863909,328.9685871863909
1433A,SWY,2021-09-01,48h,48,2021-09-03,18.0,27.289675898796308,-9.289675898796308
1433A,SWY,2021-09-01,72h,72,2021-09-04,12.0,30.49981374187342,-18.49981374187342
1433A,SWY,2021-09-01,7d,168,2021-09-08,21.0,36.7586820716409,-15.758682071640898
1433A,SWY,2021-09-01,14d,336,2021-09-15,26.0,48.51642394187209,-22.51642394187209
1433A,SWY,2021-09-01,30d,720,2021-10-01,54.0,75.46996256514049,-21.46996256514049
1433A,SWY,2021-10-01,48h,48,2021-10-03,32.0,87.25873479836193,-55.25873479836193
1433A,SWY,2021-10-01,72h,72,2021-10-04,49.0,107.32926915359153,-58.329269153591525
1433A,SWY,2021-10-01,7d,168,2021-10-08,10.0,193.07523460556465,-183.07523460556465
1433A,SWY,2021-10-01,14d,336,2021-10-15,24.0,342.46248912967167,-318.46248912967167
1433A,SWY,2021-10-01,30d,720,2021-10-31,73.0,683.8533472042781,-610.8533472042781
1433A,SWY,2021-11-01,48h,48,2021-11-03,24.0,-19.005388650445383,43.00538865044538
1433A,SWY,2021-11-01,72h,72,2021-11-04,34.0,-37.889611316326224,71.88961131632622
1433A,SWY,2021-11-01,7d,168,2021-11-08,28.0,-127.35584032502881,155.3558403250288
1433A,SWY,2021-11-01,14d,336,2021-11-15,124.0,-282.21924932688165,406.21924932688165
1433A,SWY,2021-11-01,30d,720,2021-12-01,44.0,-636.0278415996974,680.0278415996974
1434A,SHP,2021-01-01,48h,48,2021-01-03,109.0,64.39341274960864,44.60658725039136
1434A,SHP,2021-01-01,72h,72,2021-01-04,72.0,69.09134749600152,2.908652503998482
1434A,SHP,2021-01-01,7d,168,2021-01-08,39.0,88.02304624898075,-49.02304624898075
1434A,SHP,2021-01-01,14d,336,2021-01-15,102.0,121.13649674111785,-19.136496741117853
1434A,SHP,2021-01-01,30d,720,2021-01-31,41.0,196.82290969729505,-155.82290969729505
1434A,SHP,2021-02-01,48h,48,2021-02-03,133.0,48.447935280920554,84.55206471907945
1434A,SHP,2021-02-01,72h,72,2021-02-04,143.0,44.7219696570952,98.2780303429048
1434A,SHP,2021-02-01,7d,168,2021-02-08,58.0,39.55481415747728,18.44518584252272
1434A,SHP,2021-02-01,14d,336,2021-02-15,49.0,29.32676138084141,19.67323861915859
1434A,SHP,2021-02-01,30d,720,2021-03-03,38.0,5.8433250596662605,32.15667494033374
1434A,SHP,2021-03-01,48h,48,2021-03-03,38.0,9.72273115612225,28.27726884387775
1434A,SHP,2021-03-01,72h,72,2021-03-04,47.0,7.5849916569790885,39.415008343020915
1434A,SHP,2021-03-01,7d,168,2021-03-08,44.0,0.054897888828047914,43.945102111171956
1434A,SHP,2021-03-01,14d,336,2021-03-15,78.0,-13.247222089741467,91.24722208974147
1434A,SHP,2021-03-01,30d,720,2021-03-31,37.0,-43.66339940290093,80.66339940290092
1434A,SHP,2021-04-01,48h,48,2021-04-03,22.0,-54.26893127380925,76.26893127380924
1434A,SHP,2021-04-01,72h,72,2021-04-04,8.0,-84.89621265112189,92.89621265112189
1434A,SHP,2021-04-01,7d,168,2021-04-08,13.0,-205.69516070916316,218.69516070916316
1434A,SHP,2021-04-01,14d,336,2021-04-15,25.0,-417.30160800332413,442.30160800332413
1434A,SHP,2021-04-01,30d,720,2021-05-01,58.0,-900.9920513686681,958.9920513686681
1434A,SHP,2021-05-01,48h,48,2021-05-03,53.0,83.99983545912353,-30.99983545912353
1434A,SHP,2021-05-01,72h,72,2021-05-04,26.0,99.0474445312644,-73.0474445312644
1434A,SHP,2021-05-01,7d,168,2021-05-08,51.0,164.77950675122764,-113.77950675122764
1434A,SHP,2021-05-01,14d,336,2021-05-15,56.0,279.13659060551714,-223.13659060551714
1434A,SHP,2021-05-01,30d,720,2021-05-31,44.0,540.4657878061253,-496.46578780612526
1434A,SHP,2021-06-01,48h,48,2021-06-03,65.0,43.23343879944399,21.766561200556012
1434A,SHP,2021-06-01,72h,72,2021-06-04,14.0,41.86274383064395,-27.86274383064395
1434A,SHP,2021-06-01,7d,168,2021-06-08,80.0,38.90453655532747,41.09546344467253
1434A,SHP,2021-06-01,14d,336,2021-06-15,20.0,33.42027012357703,-13.420270123577033
1434A,SHP,2021-06-01,30d,720,2021-07-01,31.0,20.857542950410437,10.142457049589563
1434A,SHP,2021-07-01,48h,48,2021-07-03,9.0,57.63783185480271,-48.63783185480271
1434A,SHP,2021-07-01,72h,72,2021-07-04,34.0,70.96641985589277,-36.96641985589277
1434A,SHP,2021-07-01,7d,168,2021-07-08,44.0,125.52320512395343,-81.52320512395343
1434A,SHP,2021-07-01,14d,336,2021-07-15,23.0,220.8464242552173,-197.8464242552173
1434A,SHP,2021-07-01,30d,720,2021-07-31,25.0,438.71489848722393,-413.71489848722393
1434A,SHP,2021-08-01,48h,48,2021-08-03,27.0,-6.364442222770258,33.36444222277026
1434A,SHP,2021-08-01,72h,72,2021-08-04,42.0,-15.07592608306198,57.07592608306198
1434A,SHP,2021-08-01,7d,168,2021-08-08,11.0,-52.34189760290363,63.34189760290363
1434A,SHP,2021-08-01,14d,336,2021-08-15,20.0,-117.26332505671708,137.26332505671706
1434A,SHP,2021-08-01,30d,720,2021-08-31,30.0,-265.6302207172756,295.6302207172756
1434A,SHP,2021-09-01,48h,48,2021-09-03,17.0,27.64236734421375,-10.64236734421375
1434A,SHP,2021-09-01,72h,72,2021-09-04,13.0,30.426490119859398,-17.426490119859398
1434A,SHP,2021-09-01,7d,168,2021-09-08,20.0,36.539705068879776,-16.539705068879776
1434A,SHP,2021-09-01,14d,336,2021-09-15,27.0,47.849042545034756,-20.849042545034756
1434A,SHP,2021-09-01,30d,720,2021-10-01,38.0,73.75234552216706,-35.75234552216706
1434A,SHP,2021-10-01,48h,48,2021-10-03,40.0,66.17057871483973,-26.170578714839735
1434A,SHP,2021-10-01,72h,72,2021-10-04,56.0,80.28060278199007,-24.28060278199007
1434A,SHP,2021-10-01,7d,168,2021-10-08,7.0,138.488162426525,-131.488162426525
1434A,SHP,2021-10-01,14d,336,2021-10-15,23.0,240.13678593825514,-217.13678593825514
1434A,SHP,2021-10-01,30d,720,2021-10-31,55.0,472.45850620448846,-417.45850620448846
1434A,SHP,2021-11-01,48h,48,2021-11-03,30.0,-7.7396341772779325,37.739634177277935
1434A,SHP,2021-11-01,72h,72,2021-11-04,34.0,-21.65702226599527,55.657022265995266
1434A,SHP,2021-11-01,7d,168,2021-11-08,35.0,-81.9725906663171,116.9725906663171
1434A,SHP,2021-11-01,14d,336,2021-11-15,119.0,-186.9600329321711,305.9600329321711
1434A,SHP,2021-11-01,30d,720,2021-12-01,44.0,-426.88287038717414,470.88287038717414
1437A,JPJ,2021-01-01,48h,48,2021-01-03,125.0,36.10965008017074,88.89034991982926
1437A,JPJ,2021-01-01,72h,72,2021-01-04,74.0,29.1219666079791,44.878033392020896
1437A,JPJ,2021-01-01,7d,168,2021-01-08,45.0,-2.023074579676445,47.02307457967645
1437A,JPJ,2021-01-01,14d,336,2021-01-15,132.0,-56.138956232627194,188.1389562326272
1437A,JPJ,2021-01-01,30d,720,2021-01-31,38.0,-179.7997411525091,217.7997411525091
1437A,JPJ,2021-02-01,48h,48,2021-02-03,136.0,24.924188689361642,111.07581131063836
1437A,JPJ,2021-02-01,72h,72,2021-02-04,145.0,16.504582870082224,128.49541712991777
1437A,JPJ,2021-02-01,7d,168,2021-02-08,79.0,-9.767994170712976,88.76799417071298
1437A,JPJ,2021-02-01,14d,336,2021-02-15,46.0,-56.64363811413527,102.64363811413527
1437A,JPJ,2021-02-01,30d,720,2021-03-03,41.0,-163.86239531560923,204.86239531560923
1437A,JPJ,2021-03-01,48h,48,2021-03-03,41.0,14.343475502888179,26.65652449711182
1437A,JPJ,2021-03-01,72h,72,2021-03-04,55.0,13.016989504151631,41.98301049584837
1437A,JPJ,2021-03-01,7d,168,2021-03-08,44.0,7.8605648956995084,36.13943510430049
1437A,JPJ,2021-03-01,14d,336,2021-03-15,80.0,-1.1813452916257423,81.18134529162575
1437A,JPJ,2021-03-01,30d,720,2021-03-31,60.0,-21.850111503803713,81.85011150380372
1437A,JPJ,2021-04-01,48h,48,2021-04-03,28.0,-59.447229726972154,87.44722972697215
1437A,JPJ,2021-04-01,72h,72,2021-04-04,30.0,-92.62233038607332,122.62233038607332
1437A,JPJ,2021-04-01,7d,168,2021-04-08,32.0,-220.15683017668607,252.15683017668607
1437A,JPJ,2021-04-01,14d,336,2021-04-15,27.0,-443.97037634526004,470.97037634526004
1437A,JPJ,2021-04-01,30d,720,2021-05-01,63.0,-955.5983779338267,1018.5983779338267
1437A,JPJ,2021-05-01,48h,48,2021-05-03,64.0,90.89252837935027,-26.892528379350267
1437A,JPJ,2021-05-01,72h,72,2021-05-04,31.0,107.35785009424815,-76.35785009424815
1437A,JPJ,2021-05-01,7d,168,2021-05-08,47.0,174.35923777689996,-127.35923777689996
1437A,JPJ,2021-05-01,14d,336,2021-05-15,46.0,291.4733591638647,-245.4733591638647
1437A,JPJ,2021-05-01,30d,720,2021-05-31,84.0,559.1513758790156,-475.15137587901563
1437A,JPJ,2021-06-01,48h,48,2021-06-03,,8.871190923906898,
1437A,JPJ,2021-06-01,72h,72,2021-06-04,16.0,-6.830614648346279,22.830614648346277
1437A,JPJ,2021-06-01,7d,168,2021-06-08,63.0,-76.43070442975365,139.43070442975363
1437A,JPJ,2021-06-01,14d,336,2021-06-15,22.0,-197.40778669282548,219.40778669282548
1437A,JPJ,2021-06-01,30d,720,2021-07-01,31.0,-473.8603888617759,504.8603888617759
1437A,JPJ,2021-07-01,48h,48,2021-07-03,16.0,58.999172199511264,-42.999172199511264
1437A,JPJ,2021-07-01,72h,72,2021-07-04,39.0,72.02063118837837,-33.020631188378374
1437A,JPJ,2021-07-01,7d,168,2021-07-08,47.0,125.44827274661775,-78.44827274661775
1437A,JPJ,2021-07-01,14d,336,2021-07-15,20.0,218.78384688797217,-198.78384688797217
1437A,JPJ,2021-07-01,30d,720,2021-07-31,38.0,432.1088452881556,-394.1088452881556
1437A,JPJ,2021-08-01,48h,48,2021-08-03,24.0,-16.062243573124743,40.062243573124746
1437A,JPJ,2021-08-01,72h,72,2021-08-04,48.0,-30.129990368284904,78.12999036828491
1437A,JPJ,2021-08-01,7d,168,2021-08-08,10.0,-88.62131810305974,98.62131810305974
1437A,JPJ,2021-08-01,14d,336,2021-08-15,20.0,-190.71176956519466,210.71176956519466
1437A,JPJ,2021-08-01,30d,720,2021-08-31,29.0,-424.03913309844285,453.03913309844285
1437A,JPJ,2021-09-01,48h,48,2021-09-03,13.0,22.19250688384876,-9.192506883848761
1437A,JPJ,2021-09-01,72h,72,2021-09-04,13.0,23.19694031612763,-10.19694031612763
1437A,JPJ,2021-09-01,7d,168,2021-09-08,18.0,22.780165234507344,-4.7801652345073435
1437A,JPJ,2021-09-01,14d,336,2021-09-15,24.0,22.58803924981941,1.4119607501805902
1437A,JPJ,2021-09-01,30d,720,2021-10-01,35.0,22.192138367726468,12.807861632273532
1437A,JPJ,2021-10-01,48h,48,2021-10-03,28.0,58.024796324265104,-30.024796324265104
1437A,JPJ,2021-10-01,72h,72,2021-10-04,44.0,69.58508984219627,-25.58508984219627
1437A,JPJ,2021-10-01,7d,168,2021-10-08,13.0,118.24545887408645,-105.24545887408645
1437A,JPJ,2021-10-01,14d,336,2021-10-15,32.0,203.10793391482085,-171.10793391482085
1437A,JPJ,2021-10-01,30d,720,2021-10-31,80.0,397.05557821886424,-317.05557821886424
1437A,JPJ,2021-11-01,48h,48,2021-11-03,35.0,-47.64214611482509,82.6421461148251
1437A,JPJ,2021-11-01,72h,72,2021-11-04,36.0,-80.18740932617472,116.18740932617472
1437A,JPJ,2021-11-01,7d,168,2021-11-08,36.0,-221.68865557291946,257.68865557291946
1437A,JPJ,2021-11-01,14d,336,2021-11-15,135.0,-467.9439989352081,602.9439989352081
1437A,JPJ,2021-11-01,30d,720,2021-12-01,44.0,-1030.7023323824264,1074.7023323824264
1438A,LYS,2021-01-01,48h,48,2021-01-03,92.0,98.2529246614892,-6.252924661489203
1438A,LYS,2021-01-01,72h,72,2021-01-04,,116.86447439303599,
1438A,LYS,2021-01-01,7d,168,2021-01-08,48.0,182.9296412601793,-134.9296412601793
1438A,LYS,2021-01-01,14d,336,2021-01-15,104.0,299.5651667718592,-195.5651667718592
1438A,LYS,2021-01-01,30d,720,2021-01-31,34.0,566.2531187263583,-532.2531187263583
1438A,LYS,2021-02-01,48h,48,2021-02-03,83.0,47.695366365627905,35.304633634372095
1438A,LYS,2021-02-01,72h,72,2021-02-04,90.0,51.543454398864455,38.456545601135545
1438A,LYS,2021-02-01,7d,168,2021-02-08,33.0,67.48619500072037,-34.48619500072037
1438A,LYS,2021-02-01,14d,336,2021-02-15,45.0,95.31888921520232,-50.31888921520232
1438A,LYS,2021-02-01,30d,720,2021-03-03,38.0,158.93036082193694,-120.93036082193694
1438A,LYS,2021-03-01,48h,48,2021-03-03,38.0,-3.90039585325652,41.90039585325652
1438A,LYS,2021-03-01,72h,72,2021-03-04,52.0,-7.856224426032827,59.856224426032824
1438A,LYS,2021-03-01,7d,168,2021-03-08,25.0,-21.283076711897465,46.283076711897465
1438A,LYS,2021-03-01,14d,336,2021-03-15,36.0,-45.072493041729835,81.07249304172984
1438A,LYS,2021-03-01,30d,720,2021-03-31,39.0,-99.4754923521422,138.4754923521422
1438A,LYS,2021-04-01,48h,48,2021-04-03,17.0,-35.73436021464303,52.73436021464303
1438A,LYS,2021-04-01,72h,72,2021-04-04,23.0,-59.149279259647265,82.14927925964727
1438A,LYS,2021-04-01,7d,168,2021-04-08,10.0,-159.61203277631827,169.61203277631827
1438A,LYS,2021-04-01,14d,336,2021-04-15,27.0,-334.5939893876344,361.5939893876344
1438A,LYS,2021-04-01,30d,720,2021-05-01,21.0,-734.4802698777163,755.4802698777163
1438A,LYS,2021-05-01,48h,48,2021-05-03,37.0,36.84886869263047,0.15113130736953195
1438A,LYS,2021-05-01,72h,72,2021-05-04,29.0,42.77323149988272,-13.77323149988272
1438A,LYS,2021-05-01,7d,168,2021-05-08,42.0,66.5072024984993,-24.507202498499296
1438A,LYS,2021-05-01,14d,336,2021-05-15,43.0,108.03719595749834,-65.03719595749834
1438A,LYS,2021-05-01,30d,720,2021-05-31,87.0,202.96248203873182,-115.96248203873182
1438A,LYS,2021-06-01,48h,48,2021-06-03,34.0,-37.862023696429716,71.86202369642972
1438A,LYS,2021-06-01,72h,72,2021-06-04,5.0,-67.71292083129973,72.71292083129973
1438A,LYS,2021-06-01,7d,168,2021-06-08,11.0,-208.5811756159736,219.5811756159736
1438A,LYS,2021-06-01,14d,336,2021-06-15,3.0,-452.4804311152339,455.4804311152339
1438A,LYS,2021-06-01,30d,720,2021-07-01,21.0,-1009.7185841145007,1030.7185841145006
1438A,LYS,2021-07-01,48h,48,2021-07-03,9.0,28.486225211004182,-19.486225211004182
1438A,LYS,2021-07-01,72h,72,2021-07-04,19.0,33.216231525713326,-14.216231525713326
1438A,LYS,2021-07-01,7d,168,2021-07-08,14.0,53.75371727203418,-39.75371727203418
1438A,LYS,2021-07-01,14d,336,2021-07-15,19.0,89.49664599563053,-70.49664599563053
1438A,LYS,2021-07-01,30d,720,2021-07-31,15.0,171.17567286975554,-156.17567286975554
1438A,LYS,2021-08-01,48h,48,2021-08-03,18.0,32.80934540702184,-14.809345407021837
1438A,LYS,2021-08-01,72h,72,2021-08-04,36.0,36.713769416606794,-0.7137694166067945
1438A,LYS,2021-08-01,7d,168,2021-08-08,25.0,52.37822351200793,-27.378223512007928
1438A,LYS,2021-08-01,14d,336,2021-08-15,14.0,79.78530798662341,-65.78530798662341
1438A,LYS,2021-08-01,30d,720,2021-08-31,46.0,142.42953104058222,-96.42953104058222
1438A,LYS,2021-09-01,48h,48,2021-09-03,6.0,14.510233173405219,-8.510233173405219
1438A,LYS,2021-09-01,72h,72,2021-09-04,6.0,15.304127864469596,-9.304127864469596
1438A,LYS,2021-09-01,7d,168,2021-09-08,22.0,13.157894396066716,8.842105603933284
1438A,LYS,2021-09-01,14d,336,2021-09-15,13.0,10.05223278722961,2.9477672127703904
1438A,LYS,2021-09-01,30d,720,2021-10-01,,3.01605112100014,
1438A,LYS,2021-10-01,48h,48,2021-10-03,40.0,43.08853390053246,-3.088533900532461
1438A,LYS,2021-10-01,72h,72,2021-10-04,32.0,51.64473036848791,-19.644730368487913
1438A,LYS,2021-10-01,7d,168,2021-10-08,18.0,84.43890883649955,-66.43890883649955
1438A,LYS,2021-10-01,14d,336,2021-10-15,,142.0035675222253,
1438A,LYS,2021-10-01,30d,720,2021-10-31,26.0,273.59684797790885,-247.59684797790885
1438A,LYS,2021-11-01,48h,48,2021-11-03,,-25.470433752037884,
1438A,LYS,2021-11-01,72h,72,2021-11-04,45.0,-41.72812543348126,86.72812543348127
1438A,LYS,2021-11-01,7d,168,2021-11-08,17.0,-104.63210279205889,121.63210279205889
1438A,LYS,2021-11-01,14d,336,2021-11-15,110.0,-214.974140715964,324.97414071596404
1438A,LYS,2021-11-01,30d,720,2021-12-01,20.0,-467.2100599173764,487.2100599173764
2880A,DSXL,2021-01-01,48h,48,2021-01-03,120.0,47.83583028041347,72.16416971958654
2880A,DSXL,2021-01-01,72h,72,2021-01-04,76.0,47.03278333735079,28.967216662649207
2880A,DSXL,2021-01-01,7d,168,2021-01-08,40.0,35.48896777696363,4.5110322230363735
2880A,DSXL,2021-01-01,14d,336,2021-01-15,130.0,16.294601028916045,113.70539897108395
2880A,DSXL,2021-01-01,30d,720,2021-01-31,42.0,-27.499891801438494,69.4998918014385
2880A,DSXL,2021-02-01,48h,48,2021-02-03,147.0,6.818519563503312,140.18148043649668
2880A,DSXL,2021-02-01,72h,72,2021-02-04,155.0,-11.529733588933155,166.52973358893314
2880A,DSXL,2021-02-01,7d,168,2021-02-08,84.0,-77.56418678829505,161.56418678829505
2880A,DSXL,2021-02-01,14d,336,2021-02-15,53.0,-194.01207925027666,247.01207925027666
2880A,DSXL,2021-02-01,30d,720,2021-03-03,46.0,-460.2452089839556,506.2452089839556
2880A,DSXL,2021-03-01,48h,48,2021-03-03,46.0,22.09457375944048,23.90542624055952
2880A,DSXL,2021-03-01,72h,72,2021-03-04,65.0,22.647348236933077,42.35265176306692
2880A,DSXL,2021-03-01,7d,168,2021-03-08,44.0,25.05119278460931,18.94880721539069
2880A,DSXL,2021-03-01,14d,336,2021-03-15,79.0,29.234633505458532,49.76536649454147
2880A,DSXL,2021-03-01,30d,720,2021-03-31,68.0,38.794992954139786,29.205007045860214
2880A,DSXL,2021-04-01,48h,48,2021-04-03,42.0,-73.09469530923936,115.09469530923936
2880A,DSXL,2021-04-01,72h,72,2021-04-04,40.0,-113.40635909348886,153.40635909348885
2880A,DSXL,2021-04-01,7d,168,2021-04-08,40.0,-264.8856685592239,304.8856685592239
2880A,DSXL,2021-04-01,14d,336,2021-04-15,37.0,-531.1563480794553,568.1563480794553
2880A,DSXL,2021-04-01,30d,720,2021-05-01,75.0,-1139.8682666045706,1214.8682666045706
2880A,DSXL,2021-05-01,48h,48,2021-05-03,67.0,91.85780007967904,-24.857800079679038
2880A,DSXL,2021-05-01,72h,72,2021-05-04,36.0,105.36820497102174,-69.36820497102174
2880A,DSXL,2021-05-01,7d,168,2021-05-08,51.0,162.19925659258712,-111.19925659258712
2880A,DSXL,2021-05-01,14d,336,2021-05-15,57.0,261.3166744354889,-204.3166744354889
2880A,DSXL,2021-05-01,30d,720,2021-05-31,93.0,487.8449753757237,-394.8449753757237
2880A,DSXL,2021-06-01,48h,48,2021-06-03,55.0,-19.56158786208956,74.56158786208957
2880A,DSXL,2021-06-01,72h,72,2021-06-04,14.0,-47.09330468557377,61.09330468557377
2880A,DSXL,2021-06-01,7d,168,2021-06-08,63.0,-165.56267004207987,228.56267004207987
2880A,DSXL,2021-06-01,14d,336,2021-06-15,22.0,-371.87672039109066,393.87672039109066
2880A,DSXL,2021-06-01,30d,720,2021-07-01,39.0,-843.3749455635839,882.3749455635839
2880A,DSXL,2021-07-01,48h,48,2021-07-03,19.0,53.87432584243902,-34.87432584243902
2880A,DSXL,2021-07-01,72h,72,2021-07-04,48.0,65.82700374543978,-17.827003745439782
2880A,DSXL,2021-07-01,7d,168,2021-07-08,,114.07844644509666,
2880A,DSXL,2021-07-01,14d,336,2021-07-15,23.0,198.4653537283107,-175.4653537283107
2880A,DSXL,2021-07-01,30d,720,2021-07-31,65.0,391.3457830659222,-326.3457830659222
2880A,DSXL,2021-08-01,48h,48,2021-08-03,22.0,-23.17256662996997,45.17256662996997
2880A,DSXL,2021-08-01,72h,72,2021-08-04,53.0,-41.48961946553514,94.48961946553514
2880A,DSXL,2021-08-01,7d,168,2021-08-08,10.0,-121.84386274366494,131.84386274366494
2880A,DSXL,2021-08-01,14d,336,2021-08-15,23.0,-261.60894061696905,284.60894061696905
2880A,DSXL,2021-08-01,30d,720,2021-08-31,27.0,-581.0077704143722,608.0077704143722
2880A,DSXL,2021-09-01,48h,48,2021-09-03,18.0,24.485424774819503,-6.485424774819503
2880A,DSXL,2021-09-01,72h,72,2021-09-04,13.0,25.698149451755942,-12.698149451755942
2880A,DSXL,2021-09-01,7d,168,2021-09-08,24.0,29.606720511649755,-5.606720511649755
2880A,DSXL,2021-09-01,14d,336,2021-09-15,18.0,36.56043174929139,-18.56043174929139
2880A,DSXL,2021-09-01,30d,720,2021-10-01,32.0,52.46320587593813,-20.46320587593813
2880A,DSXL,2021-10-01,48h,48,2021-10-03,34.0,48.12272060832438,-14.122720608324379
2880A,DSXL,2021-10-01,72h,72,2021-10-04,45.0,55.77087565296124,-10.770875652961237
2880A,DSXL,2021-10-01,7d,168,2021-10-08,12.0,90.0253341558824,-78.0253341558824
2880A,DSXL,2021-10-01,14d,336,2021-10-15,21.0,149.52747320404137,-128.52747320404137
2880A,DSXL,2021-10-01,30d,720,2021-10-31,59.0,285.4973193254848,-226.4973193254848
2880A,DSXL,2021-11-01,48h,48,2021-11-03,25.0,-30.061852186925304,55.06185218692531
2880A,DSXL,2021-11-01,72h,72,2021-11-04,27.0,-52.762985083813376,79.76298508381338
2880A,DSXL,2021-11-01,7d,168,2021-11-08,38.0,-150.23074046321332,188.23074046321332
2880A,DSXL,2021-11-01,14d,336,2021-11-15,143.0,-319.9934365883227,462.9934365883227
2880A,DSXL,2021-11-01,30d,720,2021-12-01,43.0,-707.9594185079119,750.9594185079119
3136A,LQXQ,2021-01-01,48h,48,2021-01-03,109.0,70.2270546531247,38.772945346875304
3136A,LQXQ,2021-01-01,72h,72,2021-01-04,76.0,81.36189242516272,-5.361892425162722
3136A,LQXQ,2021-01-01,7d,168,2021-01-08,40.0,124.79649683818496,-84.79649683818496
3136A,LQXQ,2021-01-01,14d,336,2021-01-15,78.0,200.94241727197345,-122.94241727197345
3136A,LQXQ,2021-01-01,30d,720,2021-01-31,42.0,375.0043608577391,-333.0043608577391
3136A,LQXQ,2021-02-01,48h,48,2021-02-03,117.0,36.49992502057084,80.50007497942916
3136A,LQXQ,2021-02-01,72h,72,2021-02-04,124.0,31.121869059153425,92.87813094084657
3136A,LQXQ,2021-02-01,7d,168,2021-02-08,47.0,15.072865616699238,31.92713438330076
3136A,LQXQ,2021-02-01,14d,336,2021-02-15,60.0,-13.682832100094823,73.68283210009483
3136A,LQXQ,2021-02-01,30d,720,2021-03-03,44.0,-79.48215151515957,123.48215151515957
3136A,LQXQ,2021-03-01,48h,48,2021-03-03,44.0,15.158426339221952,28.841573660778046
3136A,LQXQ,2021-03-01,72h,72,2021-03-04,22.0,15.743146650167041,6.256853349832959
3136A,LQXQ,2021-03-01,7d,168,2021-03-08,47.0,17.78069869629026,29.21930130370974
3136A,LQXQ,2021-03-01,14d,336,2021-03-15,71.0,21.383328318087067,49.61667168191293
3136A,LQXQ,2021-03-01,30d,720,2021-03-31,26.0,29.62173487131852,-3.6217348713185196
3136A,LQXQ,2021-04-01,48h,48,2021-04-03,4.0,-28.766322256272936,32.766322256272936
3136A,LQXQ,2021-04-01,72h,72,2021-04-04,16.0,-47.66942612764964,63.66942612764964
3136A,LQXQ,2021-04-01,7d,168,2021-04-08,18.0,-122.293418071424,140.29341807142401
3136A,LQXQ,2021-04-01,14d,336,2021-04-15,16.0,-253.00653570516613,269.00653570516613
3136A,LQXQ,2021-04-01,30d,720,2021-05-01,39.0,-551.7920961106776,590.7920961106776
3136A,LQXQ,2021-05-01,48h,48,2021-05-03,44.0,72.81158097068167,-28.811580970681675
3136A,LQXQ,2021-05-01,72h,72,2021-05-04,22.0,87.10652330508259,-65.10652330508259
3136A,LQXQ,2021-05-01,7d,168,2021-05-08,41.0,150.32066953919363,-109.32066953919363
3136A,LQXQ,2021-05-01,14d,336,2021-05-15,46.0,260.20618543248145,-214.20618543248145
3136A,LQXQ,2021-05-01,30d,720,2021-05-31,30.0,511.29643693772573,-481.29643693772573
3136A,LQXQ,2021-06-01,48h,48,2021-06-03,45.0,24.781433069880116,20.218566930119884
3136A,LQXQ,2021-06-01,72h,72,2021-06-04,11.0,21.634514480712575,-10.634514480712575
3136A,LQXQ,2021-06-01,7d,168,2021-06-08,44.0,11.657889981283867,32.342110018716134
3136A,LQXQ,2021-06-01,14d,336,2021-06-15,21.0,-6.120790755716872,27.12079075571687
3136A,LQXQ,2021-06-01,30d,720,2021-07-01,15.0,-46.79000670007287,61.79000670007287
3136A,LQXQ,2021-07-01,48h,48,2021-07-03,7.0,30.004110152696178,-23.004110152696178
3136A,LQXQ,2021-07-01,72h,72,2021-07-04,13.0,36.47521698080648,-23.47521698080648
3136A,LQXQ,2021-07-01,7d,168,2021-07-08,64.0,64.64887872008154,-0.6488787200815409
3136A,LQXQ,2021-07-01,14d,336,2021-07-15,25.0,113.6726464676318,-88.6726464676318
3136A,LQXQ,2021-07-01,30d,720,2021-07-31,22.0,225.69889372881755,-203.69889372881755
3136A,LQXQ,2021-08-01,48h,48,2021-08-03,23.0,-1.6064220440794863,24.606422044079487
3136A,LQXQ,2021-08-01,72h,72,2021-08-04,,-7.856052213530387,
3136A,LQXQ,2021-08-01,7d,168,2021-08-08,7.0,-36.774543857406655,43.774543857406655
3136A,LQXQ,2021-08-01,14d,336,2021-08-15,11.0,-86.90218924179561,97.90218924179561
3136A,LQXQ,2021-08-01,30d,720,2021-08-31,23.0,-201.43153200340487,224.43153200340487
3136A,LQXQ,2021-09-01,48h,48,2021-09-03,19.0,34.495440238366115,-15.495440238366115
3136A,LQXQ,2021-09-01,72h,72,2021-09-04,17.0,40.787462035862944,-23.787462035862944
3136A,LQXQ,2021-09-01,7d,168,2021-09-08,13.0,62.77010898432088,-49.77010898432088
3136A,LQXQ,2021-09-01,14d,336,2021-09-15,23.0,101.62958793055635,-78.62958793055635
3136A,LQXQ,2021-09-01,30d,720,2021-10-01,22.0,190.49043403470404,-168.49043403470404
3136A,LQXQ,2021-10-01,48h,48,2021-10-03,40.0,39.87039704348559,0.129602956514411
3136A,LQXQ,2021-10-01,72h,72,2021-10-04,59.0,48.25477028064122,10.745229719358782
3136A,LQXQ,2021-10-01,7d,168,2021-10-08,6.0,85.15775775611853,-79.15775775611853
3136A,LQXQ,2021-10-01,14d,336,2021-10-15,32.0,149.32599078675884,-117.32599078675884
3136A,LQXQ,2021-10-01,30d,720,2021-10-31,40.0,295.9544882068266,-255.95448820682662
3136A,LQXQ,2021-11-01,48h,48,2021-11-03,22.0,36.76241275727979,-14.76241275727979
3136A,LQXQ,2021-11-01,72h,72,2021-11-04,39.0,37.23274316380088,1.7672568361991168
3136A,LQXQ,2021-11-01,7d,168,2021-11-08,34.0,32.795701322390464,1.2042986776095361
3136A,LQXQ,2021-11-01,14d,336,2021-11-15,69.0,25.804179788337837,43.195820211662166
3136A,LQXQ,2021-11-01,30d,720,2021-12-01,32.0,9.901382955975983,22.098617044024017
3358A,LJL,2021-01-01,48h,48,2021-01-03,,21.007227076974196,
3358A,LJL,2021-01-01,72h,72,2021-01-04,,23.010821166952407,
3358A,LJL,2021-01-01,7d,168,2021-01-08,50.0,31.02355114475936,18.97644885524064
3358A,LJL,2021-01-01,14d,336,2021-01-15,186.0,45.04602865133403,140.95397134866596
3358A,LJL,2021-01-01,30d,720,2021-01-31,66.0,77.09742280602556,-11.097422806025563
3358A,LJL,2021-02-01,48h,48,2021-02-03,133.0,30.927290799906284,102.07270920009371
3358A,LJL,2021-02-01,72h,72,2021-02-04,192.0,20.395606149329225,171.60439385067076
3358A,LJL,2021-02-01,7d,168,2021-02-08,95.0,-22.45273989736987,117.45273989736987
3358A,LJL,2021-02-01,14d,336,2021-02-15,49.0,-97.34919440947851,146.3491944094785
3358A,LJL,2021-02-01,30d,720,2021-03-03,26.0,-268.53266723601087,294.53266723601087
3358A,LJL,2021-03-01,48h,48,2021-03-03,26.0,17.365365676614214,8.634634323385786
3358A,LJL,2021-03-01,72h,72,2021-03-04,67.0,18.056304495017486,48.943695504982514
3358A,LJL,2021-03-01,7d,168,2021-03-08,33.0,20.45734797578859,12.54265202421141
3358A,LJL,2021-03-01,14d,336,2021-03-15,76.0,24.703646981646664,51.29635301835334
3358A,LJL,2021-03-01,30d,720,2021-03-31,43.0,34.414230513932665,8.585769486067335
3358A,LJL,2021-04-01,48h,48,2021-04-03,55.0,-63.954203969821094,118.9542039698211
3358A,LJL,2021-04-01,72h,72,2021-04-04,29.0,-100.89911632451803,129.89911632451805
3358A,LJL,2021-04-01,7d,168,2021-04-08,17.0,-250.26616610272438,267.26616610272436
3358A,LJL,2021-04-01,14d,336,2021-04-15,32.0,-511.4639626213672,543.4639626213673
3358A,LJL,2021-04-01,30d,720,2021-05-01,56.0,-1108.4670539255137,1164.4670539255137
3358A,LJL,2021-05-01,48h,48,2021-05-03,58.0,144.33229488578357,-86.33229488578357
3358A,LJL,2021-05-01,72h,72,2021-05-04,37.0,176.45149411373416,-139.45149411373416
3358A,LJL,2021-05-01,7d,168,2021-05-08,36.0,308.4060771180339,-272.4060771180339
3358A,LJL,2021-05-01,14d,336,2021-05-15,45.0,538.9010124871163,-493.9010124871163
3358A,LJL,2021-05-01,30d,720,2021-05-31,69.0,1065.7039275801797,-996.7039275801797
3358A,LJL,2021-06-01,48h,48,2021-06-03,27.0,17.410955757988297,9.589044242011703
3358A,LJL,2021-06-01,72h,72,2021-06-04,19.0,8.7948133656699,10.2051866343301
3358A,LJL,2021-06-01,7d,168,2021-06-08,41.0,-37.08133818287128,78.08133818287128
3358A,LJL,2021-06-01,14d,336,2021-06-15,15.0,-115.96746101981853,130.96746101981853
3358A,LJL,2021-06-01,30d,720,2021-07-01,33.0,-296.1364976617455,329.1364976617455
3358A,LJL,2021-07-01,48h,48,2021-07-03,24.0,35.37975899823603,-11.379758998236028
3358A,LJL,2021-07-01,72h,72,2021-07-04,27.0,39.03936220700273,-12.039362207002732
3358A,LJL,2021-07-01,7d,168,2021-07-08,30.0,57.79111978125002,-27.791119781250018
3358A,LJL,2021-07-01,14d,336,2021-07-15,19.0,90.10409587205656,-71.10409587205656
3358A,LJL,2021-07-01,30d,720,2021-07-31,23.0,163.9140150197227,-140.9140150197227
3358A,LJL,2021-08-01,48h,48,2021-08-03,27.0,-5.762614862293913,32.762614862293916
3358A,LJL,2021-08-01,72h,72,2021-08-04,28.0,-15.138140223343962,43.13814022334396
3358A,LJL,2021-08-01,7d,168,2021-08-08,15.0,-53.440963350842836,68.44096335084284
3358A,LJL,2021-08-01,14d,336,2021-08-15,13.0,-120.37306910598495,133.37306910598494
3358A,LJL,2021-08-01,30d,720,2021-08-31,24.0,-273.3513439157099,297.3513439157099
3358A,LJL,2021-09-01,48h,48,2021-09-03,11.0,17.599884299090217,-6.599884299090217
3358A,LJL,2021-09-01,72h,72,2021-09-04,13.0,17.427092018672095,-4.427092018672095
3358A,LJL,2021-09-01,7d,168,2021-09-08,17.0,12.880091626842718,4.119908373157282
3358A,LJL,2021-09-01,14d,336,2021-09-15,15.0,5.39394033805941,9.60605966194059
3358A,LJL,2021-09-01,30d,720,2021-10-01,30.0,-11.672066275963969,41.67206627596397
3358A,LJL,2021-10-01,48h,48,2021-10-03,37.0,39.22260368973901,-2.2226036897390102
3358A,LJL,2021-10-01,72h,72,2021-10-04,48.0,44.376339415433826,3.6236605845661742
3358A,LJL,2021-10-01,7d,168,2021-10-08,16.0,57.086943965951775,-41.086943965951775
3358A,LJL,2021-10-01,14d,336,2021-10-15,28.0,80.29580913911049,-52.29580913911049
3358A,LJL,2021-10-01,30d,720,2021-10-31,43.0,133.43620768659443,-90.43620768659443
3358A,LJL,2021-11-01,48h,48,2021-11-03,29.0,-25.758875310560807,54.75887531056081
3358A,LJL,2021-11-01,72h,72,2021-11-04,32.0,-46.1066492302005,78.1066492302005
3358A,LJL,2021-11-01,7d,168,2021-11-08,28.0,-134.64103876642127,162.64103876642127
3358A,LJL,2021-11-01,14d,336,2021-11-15,160.0,-288.7040735641441,448.7040735641441
3358A,LJL,2021-11-01,30d,720,2021-12-01,78.0,-640.7659376667638,718.7659376667638
