station_code,station_name,year,horizon,horizon_hours,total_rows,usable_samples,unusable_samples,usable_pct
1431A,JQLH,2015,48h,48,8760,7571,1189,86.42694063926942
1431A,JQLH,2016,48h,48,8784,8234,550,93.73861566484517
1431A,JQLH,2017,48h,48,8760,8312,448,94.88584474885845
1431A,JQLH,2018,48h,48,8760,7813,947,89.18949771689498
1431A,JQLH,2019,48h,48,8760,7961,799,90.87899543378995
1431A,JQLH,2020,48h,48,8784,7994,790,91.0063752276867
1431A,JQLH,2021,48h,48,8049,7500,549,93.17927692881102
1431A,JQLH,2015,72h,72,8760,7576,1184,86.48401826484017
1431A,JQLH,2016,72h,72,8784,8223,561,93.61338797814209
1431A,JQLH,2017,72h,72,8760,8309,451,94.85159817351598
1431A,JQLH,2018,72h,72,8760,7715,1045,88.07077625570776
1431A,JQLH,2019,72h,72,8760,7919,841,90.39954337899543
1431A,JQLH,2020,72h,72,8784,7971,813,90.74453551912568
1431A,JQLH,2021,72h,72,8049,7491,558,93.06746179649646
1431A,JQLH,2015,7d,168,8760,7607,1153,86.837899543379
1431A,JQLH,2016,7d,168,8784,8221,563,93.59061930783243
1431A,JQLH,2017,7d,168,8760,8313,447,94.8972602739726
1431A,JQLH,2018,7d,168,8760,7633,1127,87.13470319634703
1431A,JQLH,2019,7d,168,8760,7942,818,90.662100456621
1431A,JQLH,2020,7d,168,8784,7971,813,90.74453551912568
1431A,JQLH,2021,7d,168,8049,7391,658,91.82507143744564
1431A,JQLH,2015,14d,336,8760,7607,1153,86.837899543379
1431A,JQLH,2016,14d,336,8784,8213,571,93.49954462659382
1431A,JQLH,2017,14d,336,8760,8315,445,94.92009132420091
1431A,JQLH,2018,14d,336,8760,7597,1163,86.72374429223744
1431A,JQLH,2019,14d,336,8760,7920,840,90.41095890410958
1431A,JQLH,2020,14d,336,8784,7979,805,90.8356102003643
1431A,JQLH,2021,14d,336,8049,7227,822,89.78755124860231
1431A,JQLH,2015,30d,720,8760,7633,1127,87.13470319634703
1431A,JQLH,2016,30d,720,8784,8208,576,93.44262295081968
1431A,JQLH,2017,30d,720,8760,8318,442,94.95433789954339
1431A,JQLH,2018,30d,720,8760,7560,1200,86.3013698630137
1431A,JQLH,2019,30d,720,8760,7918,842,90.38812785388129
1431A,JQLH,2020,30d,720,8784,7965,819,90.67622950819673
1431A,JQLH,2021,30d,720,8049,6856,1193,85.17828301652379
1432A,SLD,2015,48h,48,8760,7650,1110,87.32876712328768
1432A,SLD,2016,48h,48,8784,8331,453,94.84289617486338
1432A,SLD,2017,48h,48,8760,8382,378,95.68493150684931
1432A,SLD,2018,48h,48,8760,7864,896,89.7716894977169
1432A,SLD,2019,48h,48,8760,7047,1713,80.44520547945206
1432A,SLD,2020,48h,48,8784,8212,572,93.48816029143899
1432A,SLD,2021,48h,48,8049,7645,404,94.98074294943471
1432A,SLD,2015,72h,72,8760,7653,1107,87.36301369863013
1432A,SLD,2016,72h,72,8784,8321,463,94.72905282331512
1432A,SLD,2017,72h,72,8760,8375,385,95.60502283105022
1432A,SLD,2018,72h,72,8760,7771,989,88.71004566210046
1432A,SLD,2019,72h,72,8760,6998,1762,79.88584474885845
1432A,SLD,2020,72h,72,8784,8202,582,93.37431693989072
1432A,SLD,2021,72h,72,8049,7620,429,94.670145359672
1432A,SLD,2015,7d,168,8760,7669,1091,87.54566210045662
1432A,SLD,2016,7d,168,8784,8326,458,94.78597449908925
1432A,SLD,2017,7d,168,8760,8376,384,95.61643835616438
1432A,SLD,2018,7d,168,8760,7702,1058,87.92237442922375
1432A,SLD,2019,7d,168,8760,7024,1736,80.18264840182648
1432A,SLD,2020,7d,168,8784,8209,575,93.4540072859745
1432A,SLD,2021,7d,168,8049,7535,514,93.61411355447882
1432A,SLD,2015,14d,336,8760,7678,1082,87.64840182648402
1432A,SLD,2016,14d,336,8784,8321,463,94.72905282331512
1432A,SLD,2017,14d,336,8760,8374,386,95.59360730593608
1432A,SLD,2018,14d,336,8760,7638,1122,87.1917808219178
1432A,SLD,2019,14d,336,8760,6948,1812,79.31506849315069
1432A,SLD,2020,14d,336,8784,8203,581,93.38570127504553
1432A,SLD,2021,14d,336,8049,7362,687,91.46477823332091
1432A,SLD,2015,30d,720,8760,7694,1066,87.8310502283105
1432A,SLD,2016,30d,720,8784,8316,468,94.67213114754098
1432A,SLD,2017,30d,720,8760,8380,380,95.662100456621
1432A,SLD,2018,30d,720,8760,7592,1168,86.66666666666667
1432A,SLD,2019,30d,720,8760,7052,1708,80.50228310502283
1432A,SLD,2020,30d,720,8784,8202,582,93.37431693989072
1432A,SLD,2021,30d,720,8049,6982,1067,86.74369486892782
1433A,SWY,2015,48h,48,8760,7674,1086,87.6027397260274
1433A,SWY,2016,48h,48,8784,8241,543,93.81830601092896
1433A,SWY,2017,48h,48,8760,8320,440,94.97716894977168
1433A,SWY,2018,48h,48,8760,7703,1057,87.93378995433791
1433A,SWY,2019,48h,48,8760,7570,1190,86.41552511415526
1433A,SWY,2020,48h,48,8784,8161,623,92.90755919854281
1433A,SWY,2021,48h,48,8049,7715,334,95.85041620077028
1433A,SWY,2015,72h,72,8760,7680,1080,87.67123287671232
1433A,SWY,2016,72h,72,8784,8232,552,93.71584699453553
1433A,SWY,2017,72h,72,8760,8318,442,94.95433789954339
1433A,SWY,2018,72h,72,8760,7627,1133,87.06621004566209
1433A,SWY,2019,72h,72,8760,7530,1230,85.95890410958904
1433A,SWY,2020,72h,72,8784,8157,627,92.8620218579235
1433A,SWY,2021,72h,72,8049,7690,359,95.53981861100758
1433A,SWY,2015,7d,168,8760,7695,1065,87.84246575342466
1433A,SWY,2016,7d,168,8784,8243,541,93.84107468123861
1433A,SWY,2017,7d,168,8760,8313,447,94.8972602739726
1433A,SWY,2018,7d,168,8760,7559,1201,86.28995433789954
1433A,SWY,2019,7d,168,8760,7506,1254,85.68493150684931
1433A,SWY,2020,7d,168,8784,8158,626,92.87340619307832
1433A,SWY,2021,7d,168,8049,7604,445,94.47136290222387
1433A,SWY,2015,14d,336,8760,7704,1056,87.94520547945206
1433A,SWY,2016,14d,336,8784,8229,555,93.68169398907104
1433A,SWY,2017,14d,336,8760,8316,444,94.93150684931507
1433A,SWY,2018,14d,336,8760,7524,1236,85.89041095890411
1433A,SWY,2019,14d,336,8760,7469,1291,85.26255707762557
1433A,SWY,2020,14d,336,8784,8163,621,92.93032786885246
1433A,SWY,2021,14d,336,8049,7445,604,92.49596223133308
1433A,SWY,2015,30d,720,8760,7724,1036,88.17351598173516
1433A,SWY,2016,30d,720,8784,8224,560,93.6247723132969
1433A,SWY,2017,30d,720,8760,8313,447,94.8972602739726
1433A,SWY,2018,30d,720,8760,7435,1325,84.8744292237443
1433A,SWY,2019,30d,720,8760,7586,1174,86.59817351598174
1433A,SWY,2020,30d,720,8784,8147,637,92.74817850637523
1433A,SWY,2021,30d,720,8049,7073,976,87.87427009566406
1434A,SHP,2015,48h,48,8760,7672,1088,87.57990867579909
1434A,SHP,2016,48h,48,8784,8304,480,94.53551912568307
1434A,SHP,2017,48h,48,8760,8327,433,95.05707762557077
1434A,SHP,2018,48h,48,8760,7759,1001,88.57305936073058
1434A,SHP,2019,48h,48,8760,7450,1310,85.04566210045662
1434A,SHP,2020,48h,48,8784,8195,589,93.29462659380692
1434A,SHP,2021,48h,48,8049,7714,335,95.83799229717978
1434A,SHP,2015,72h,72,8760,7673,1087,87.59132420091325
1434A,SHP,2016,72h,72,8784,8290,494,94.37613843351548
1434A,SHP,2017,72h,72,8760,8321,439,94.98858447488584
1434A,SHP,2018,72h,72,8760,7679,1081,87.65981735159816
1434A,SHP,2019,72h,72,8760,7411,1349,84.60045662100457
1434A,SHP,2020,72h,72,8784,8199,585,93.34016393442623
1434A,SHP,2021,72h,72,8049,7690,359,95.53981861100758
1434A,SHP,2015,7d,168,8760,7686,1074,87.73972602739725
1434A,SHP,2016,7d,168,8784,8295,489,94.43306010928961
1434A,SHP,2017,7d,168,8760,8309,451,94.85159817351598
1434A,SHP,2018,7d,168,8760,7616,1144,86.94063926940639
1434A,SHP,2019,7d,168,8760,7419,1341,84.6917808219178
1434A,SHP,2020,7d,168,8784,8200,584,93.35154826958106
1434A,SHP,2021,7d,168,8049,7598,451,94.39681948068083
1434A,SHP,2015,14d,336,8760,7697,1063,87.86529680365297
1434A,SHP,2016,14d,336,8784,8291,493,94.38752276867031
1434A,SHP,2017,14d,336,8760,8297,463,94.71461187214612
1434A,SHP,2018,14d,336,8760,7601,1159,86.76940639269407
1434A,SHP,2019,14d,336,8760,7353,1407,83.93835616438356
1434A,SHP,2020,14d,336,8784,8234,550,93.73861566484517
1434A,SHP,2021,14d,336,8049,7438,611,92.40899490619952
1434A,SHP,2015,30d,720,8760,7714,1046,88.05936073059361
1434A,SHP,2016,30d,720,8784,8286,498,94.33060109289617
1434A,SHP,2017,30d,720,8760,8294,466,94.68036529680364
1434A,SHP,2018,30d,720,8760,7526,1234,85.91324200913242
1434A,SHP,2019,30d,720,8760,7394,1366,84.40639269406392
1434A,SHP,2020,30d,720,8784,8243,541,93.84107468123861
1434A,SHP,2021,30d,720,8049,7092,957,88.11032426388371
1437A,JPJ,2015,48h,48,8760,7650,1110,87.32876712328768
1437A,JPJ,2016,48h,48,8784,8335,449,94.88843351548269
1437A,JPJ,2017,48h,48,8760,8270,490,94.40639269406392
1437A,JPJ,2018,48h,48,8760,7861,899,89.73744292237443
1437A,JPJ,2019,48h,48,8760,7883,877,89.98858447488584
1437A,JPJ,2020,48h,48,8784,8333,451,94.86566484517304
1437A,JPJ,2021,48h,48,8049,7627,422,94.75711268480556
1437A,JPJ,2015,72h,72,8760,7655,1105,87.38584474885845
1437A,JPJ,2016,72h,72,8784,8325,459,94.77459016393442
1437A,JPJ,2017,72h,72,8760,8264,496,94.337899543379
1437A,JPJ,2018,72h,72,8760,7771,989,88.71004566210046
1437A,JPJ,2019,72h,72,8760,7853,907,89.64611872146119
1437A,JPJ,2020,72h,72,8784,8336,448,94.89981785063752
1437A,JPJ,2021,72h,72,8049,7606,443,94.49621070940489
1437A,JPJ,2015,7d,168,8760,7674,1086,87.6027397260274
1437A,JPJ,2016,7d,168,8784,8330,454,94.83151183970855
1437A,JPJ,2017,7d,168,8760,8264,496,94.337899543379
1437A,JPJ,2018,7d,168,8760,7683,1077,87.70547945205479
1437A,JPJ,2019,7d,168,8760,7882,878,89.9771689497717
1437A,JPJ,2020,7d,168,8784,8348,436,95.03642987249545
1437A,JPJ,2021,7d,168,8049,7561,488,93.93713504783203
1437A,JPJ,2015,14d,336,8760,7683,1077,87.70547945205479
1437A,JPJ,2016,14d,336,8784,8323,461,94.75182149362477
1437A,JPJ,2017,14d,336,8760,8268,492,94.3835616438356
1437A,JPJ,2018,14d,336,8760,7672,1088,87.57990867579909
1437A,JPJ,2019,14d,336,8760,7835,925,89.4406392694064
1437A,JPJ,2020,14d,336,8784,8337,447,94.91120218579235
1437A,JPJ,2021,14d,336,8049,7406,643,92.01142999130327
1437A,JPJ,2015,30d,720,8760,7704,1056,87.94520547945206
1437A,JPJ,2016,30d,720,8784,8317,467,94.68351548269581
1437A,JPJ,2017,30d,720,8760,8262,498,94.31506849315069
1437A,JPJ,2018,30d,720,8760,7609,1151,86.8607305936073
1437A,JPJ,2019,30d,720,8760,7841,919,89.50913242009132
1437A,JPJ,2020,30d,720,8784,8324,460,94.76320582877959
1437A,JPJ,2021,30d,720,8049,7017,1032,87.1785314945956
1438A,LYS,2015,48h,48,8760,7500,1260,85.61643835616438
1438A,LYS,2016,48h,48,8784,7541,1243,85.84927140255009
1438A,LYS,2017,48h,48,8760,7930,830,90.52511415525115
1438A,LYS,2018,48h,48,8760,6883,1877,78.5730593607306
1438A,LYS,2019,48h,48,8760,7122,1638,81.30136986301369
1438A,LYS,2020,48h,48,8784,7550,1234,85.95173041894353
1438A,LYS,2021,48h,48,8049,6908,1141,85.82432600323021
1438A,LYS,2015,72h,72,8760,7505,1255,85.67351598173516
1438A,LYS,2016,72h,72,8784,7471,1313,85.0523679417122
1438A,LYS,2017,72h,72,8760,7902,858,90.20547945205479
1438A,LYS,2018,72h,72,8760,6772,1988,77.30593607305936
1438A,LYS,2019,72h,72,8760,7087,1673,80.90182648401827
1438A,LYS,2020,72h,72,8784,7519,1265,85.5988160291439
1438A,LYS,2021,72h,72,8049,6855,1194,85.16585911293329
1438A,LYS,2015,7d,168,8760,7542,1218,86.0958904109589
1438A,LYS,2016,7d,168,8784,7342,1442,83.58378870673953
1438A,LYS,2017,7d,168,8760,7936,824,90.59360730593608
1438A,LYS,2018,7d,168,8760,6615,2145,75.51369863013699
1438A,LYS,2019,7d,168,8760,7076,1684,80.77625570776256
1438A,LYS,2020,7d,168,8784,7413,1371,84.39207650273224
1438A,LYS,2021,7d,168,8049,6754,1295,83.91104485029196
1438A,LYS,2015,14d,336,8760,7527,1233,85.92465753424658
1438A,LYS,2016,14d,336,8784,7266,1518,82.71857923497268
1438A,LYS,2017,14d,336,8760,7935,825,90.58219178082192
1438A,LYS,2018,14d,336,8760,6508,2252,74.29223744292237
1438A,LYS,2019,14d,336,8760,7130,1630,81.39269406392694
1438A,LYS,2020,14d,336,8784,7447,1337,84.77914389799636
1438A,LYS,2021,14d,336,8049,6626,1423,82.32078519070693
1438A,LYS,2015,30d,720,8760,7560,1200,86.3013698630137
1438A,LYS,2016,30d,720,8784,7257,1527,82.61612021857924
1438A,LYS,2017,30d,720,8760,7942,818,90.662100456621
1438A,LYS,2018,30d,720,8760,6499,2261,74.18949771689498
1438A,LYS,2019,30d,720,8760,7125,1635,81.33561643835617
1438A,LYS,2020,30d,720,8784,7448,1336,84.79052823315118
1438A,LYS,2021,30d,720,8049,6293,1756,78.18362529506771
2880A,DSXL,2015,48h,48,8760,7480,1280,85.38812785388129
2880A,DSXL,2016,48h,48,8784,8054,730,91.68943533697632
2880A,DSXL,2017,48h,48,8760,8266,494,94.3607305936073
2880A,DSXL,2018,48h,48,8760,7940,820,90.6392694063927
2880A,DSXL,2019,48h,48,8760,8013,747,91.47260273972603
2880A,DSXL,2020,48h,48,8784,8364,420,95.21857923497268
2880A,DSXL,2021,48h,48,8049,7380,669,91.68840849795006
2880A,DSXL,2015,72h,72,8760,7487,1273,85.46803652968038
2880A,DSXL,2016,72h,72,8784,8033,751,91.45036429872495
2880A,DSXL,2017,72h,72,8760,8252,508,94.20091324200914
2880A,DSXL,2018,72h,72,8760,7843,917,89.53196347031962
2880A,DSXL,2019,72h,72,8760,7981,779,91.10730593607306
2880A,DSXL,2020,72h,72,8784,8369,415,95.27550091074681
2880A,DSXL,2021,72h,72,8049,7349,700,91.3032674866443
2880A,DSXL,2015,7d,168,8760,7498,1262,85.59360730593608
2880A,DSXL,2016,7d,168,8784,8039,745,91.51867030965391
2880A,DSXL,2017,7d,168,8760,8256,504,94.24657534246576
2880A,DSXL,2018,7d,168,8760,7755,1005,88.52739726027397
2880A,DSXL,2019,7d,168,8760,8003,757,91.35844748858447
2880A,DSXL,2020,7d,168,8784,8367,417,95.25273224043715
2880A,DSXL,2021,7d,168,8049,7269,780,90.30935519940365
2880A,DSXL,2015,14d,336,8760,7518,1242,85.82191780821918
2880A,DSXL,2016,14d,336,8784,8033,751,91.45036429872495
2880A,DSXL,2017,14d,336,8760,8238,522,94.04109589041096
2880A,DSXL,2018,14d,336,8760,7735,1025,88.29908675799086
2880A,DSXL,2019,14d,336,8760,7959,801,90.85616438356165
2880A,DSXL,2020,14d,336,8784,8364,420,95.21857923497268
2880A,DSXL,2021,14d,336,8049,7107,942,88.29668281774133
2880A,DSXL,2015,30d,720,8760,7496,1264,85.57077625570776
2880A,DSXL,2016,30d,720,8784,8055,729,91.70081967213115
2880A,DSXL,2017,30d,720,8760,8242,518,94.08675799086758
2880A,DSXL,2018,30d,720,8760,7677,1083,87.63698630136987
2880A,DSXL,2019,30d,720,8760,8011,749,91.44977168949772
2880A,DSXL,2020,30d,720,8784,8352,432,95.08196721311475
2880A,DSXL,2021,30d,720,8049,6802,1247,84.50739222263635
3136A,LQXQ,2015,48h,48,8760,7126,1634,81.34703196347031
3136A,LQXQ,2017,48h,48,8760,7510,1250,85.73059360730593
3136A,LQXQ,2018,48h,48,8760,7747,1013,88.43607305936074
3136A,LQXQ,2019,48h,48,8760,7787,973,88.89269406392694
3136A,LQXQ,2020,48h,48,8784,8305,479,94.54690346083788
3136A,LQXQ,2021,48h,48,8049,7613,436,94.58317803453845
3136A,LQXQ,2015,72h,72,8760,7110,1650,81.16438356164383
3136A,LQXQ,2017,72h,72,8760,7439,1321,84.92009132420091
3136A,LQXQ,2018,72h,72,8760,7670,1090,87.55707762557078
3136A,LQXQ,2019,72h,72,8760,7754,1006,88.51598173515983
3136A,LQXQ,2020,72h,72,8784,8288,496,94.35336976320583
3136A,LQXQ,2021,72h,72,8049,7582,467,94.1980370232327
3136A,LQXQ,2015,7d,168,8760,7134,1626,81.43835616438356
3136A,LQXQ,2017,7d,168,8760,7353,1407,83.93835616438356
3136A,LQXQ,2018,7d,168,8760,7573,1187,86.44977168949771
3136A,LQXQ,2019,7d,168,8760,7777,983,88.77853881278538
3136A,LQXQ,2020,7d,168,8784,8294,490,94.4216757741348
3136A,LQXQ,2021,7d,168,8049,7485,564,92.99291837495342
3136A,LQXQ,2015,14d,336,8760,7141,1619,81.51826484018265
3136A,LQXQ,2017,14d,336,8760,7364,1396,84.06392694063926
3136A,LQXQ,2018,14d,336,8760,7560,1200,86.3013698630137
3136A,LQXQ,2019,14d,336,8760,7728,1032,88.21917808219179
3136A,LQXQ,2020,14d,336,8784,8290,494,94.37613843351548
3136A,LQXQ,2021,14d,336,8049,7310,739,90.8187352466145
3136A,LQXQ,2015,30d,720,8760,7151,1609,81.63242009132419
3136A,LQXQ,2017,30d,720,8760,7378,1382,84.22374429223744
3136A,LQXQ,2018,30d,720,8760,7523,1237,85.87899543378995
3136A,LQXQ,2019,30d,720,8760,7803,957,89.07534246575342
3136A,LQXQ,2020,30d,720,8784,8288,496,94.35336976320583
3136A,LQXQ,2021,30d,720,8049,6944,1105,86.27158653248851
3358A,LJL,2015,48h,48,8760,7278,1482,83.08219178082192
3358A,LJL,2016,48h,48,8784,7968,816,90.7103825136612
3358A,LJL,2017,48h,48,8760,8340,420,95.2054794520548
3358A,LJL,2018,48h,48,8760,7721,1039,88.1392694063927
3358A,LJL,2019,48h,48,8760,7961,799,90.87899543378995
3358A,LJL,2020,48h,48,8784,8488,296,96.63023679417122
3358A,LJL,2021,48h,48,8049,7461,588,92.69474468878121
3358A,LJL,2015,72h,72,8760,7284,1476,83.15068493150685
3358A,LJL,2016,72h,72,8784,7960,824,90.61930783242259
3358A,LJL,2017,72h,72,8760,8333,427,95.12557077625571
3358A,LJL,2018,72h,72,8760,7655,1105,87.38584474885845
3358A,LJL,2019,72h,72,8760,7924,836,90.4566210045662
3358A,LJL,2020,72h,72,8784,8471,313,96.43670309653916
3358A,LJL,2021,72h,72,8049,7436,613,92.3841470990185
3358A,LJL,2015,7d,168,8760,7273,1487,83.02511415525115
3358A,LJL,2016,7d,168,8784,7967,817,90.69899817850637
3358A,LJL,2017,7d,168,8760,8337,423,95.17123287671232
3358A,LJL,2018,7d,168,8760,7555,1205,86.24429223744292
3358A,LJL,2019,7d,168,8760,7944,816,90.68493150684932
3358A,LJL,2020,7d,168,8784,8430,354,95.96994535519126
3358A,LJL,2021,7d,168,8049,7381,668,91.70083240154057
3358A,LJL,2015,14d,336,8760,7306,1454,83.40182648401826
3358A,LJL,2016,14d,336,8784,7961,823,90.63069216757741
3358A,LJL,2017,14d,336,8760,8331,429,95.1027397260274
3358A,LJL,2018,14d,336,8760,7516,1244,85.79908675799088
3358A,LJL,2019,14d,336,8760,7907,853,90.26255707762557
3358A,LJL,2020,14d,336,8784,8418,366,95.83333333333334
3358A,LJL,2021,14d,336,8049,7236,813,89.89936638091687
3358A,LJL,2015,30d,720,8760,7292,1468,83.2420091324201
3358A,LJL,2016,30d,720,8784,7962,822,90.64207650273224
3358A,LJL,2017,30d,720,8760,8325,435,95.03424657534246
3358A,LJL,2018,30d,720,8760,7489,1271,85.49086757990868
3358A,LJL,2019,30d,720,8760,7936,824,90.59360730593608
3358A,LJL,2020,30d,720,8784,8401,383,95.63979963570127
3358A,LJL,2021,30d,720,8049,6893,1156,85.6379674493726
