station_code,station_name,year,horizon,horizon_hours,total_rows,usable_samples,usable_pct
1431A,JQLH,2015,48h,48,8760,7541,86.08447488584476
1431A,JQLH,2016,48h,48,8784,8180,93.12386156648452
1431A,JQLH,2017,48h,48,8760,8163,93.18493150684931
1431A,JQLH,2018,48h,48,8760,7626,87.05479452054794
1431A,JQLH,2019,48h,48,8760,7743,88.39041095890411
1431A,JQLH,2020,48h,48,8784,7853,89.4011839708561
1431A,JQLH,2021,48h,48,8049,7279,90.43359423530873
1431A,JQLH,2015,72h,72,8760,7550,86.18721461187214
1431A,JQLH,2016,72h,72,8784,8165,92.95309653916212
1431A,JQLH,2017,72h,72,8760,8159,93.1392694063927
1431A,JQLH,2018,72h,72,8760,7528,85.93607305936072
1431A,JQLH,2019,72h,72,8760,7701,87.91095890410959
1431A,JQLH,2020,72h,72,8784,7835,89.19626593806922
1431A,JQLH,2021,72h,72,8049,7267,90.28450739222264
1431A,JQLH,2015,7d,168,8760,7577,86.49543378995433
1431A,JQLH,2016,7d,168,8784,8161,92.90755919854281
1431A,JQLH,2017,7d,168,8760,8168,93.2420091324201
1431A,JQLH,2018,7d,168,8760,7453,85.07990867579909
1431A,JQLH,2019,7d,168,8760,7726,88.19634703196347
1431A,JQLH,2020,7d,168,8784,7836,89.20765027322405
1431A,JQLH,2021,7d,168,8049,7176,89.1539321654864
1431A,JQLH,2015,14d,336,8760,7577,86.49543378995433
1431A,JQLH,2016,14d,336,8784,8156,92.85063752276868
1431A,JQLH,2017,14d,336,8760,8165,93.20776255707763
1431A,JQLH,2018,14d,336,8760,7408,84.5662100456621
1431A,JQLH,2019,14d,336,8760,7695,87.84246575342466
1431A,JQLH,2020,14d,336,8784,7849,89.35564663023679
1431A,JQLH,2021,14d,336,8049,7009,87.07914026587153
1431A,JQLH,2015,30d,720,8760,7603,86.79223744292237
1431A,JQLH,2016,30d,720,8784,8149,92.77094717668488
1431A,JQLH,2017,30d,720,8760,8171,93.27625570776256
1431A,JQLH,2018,30d,720,8760,7363,84.05251141552512
1431A,JQLH,2019,30d,720,8760,7680,87.67123287671232
1431A,JQLH,2020,30d,720,8784,7827,89.1051912568306
1431A,JQLH,2021,30d,720,8049,6676,82.94198037023233
1432A,SLD,2015,48h,48,8760,7581,86.54109589041096
1432A,SLD,2016,48h,48,8784,8274,94.19398907103826
1432A,SLD,2017,48h,48,8760,8286,94.58904109589041
1432A,SLD,2018,48h,48,8760,7632,87.12328767123287
1432A,SLD,2019,48h,48,8760,6711,76.60958904109589
1432A,SLD,2020,48h,48,8784,7992,90.98360655737704
1432A,SLD,2021,48h,48,8049,7377,91.65113678717853
1432A,SLD,2015,72h,72,8760,7587,86.60958904109589
1432A,SLD,2016,72h,72,8784,8264,94.08014571948998
1432A,SLD,2017,72h,72,8760,8280,94.52054794520548
1432A,SLD,2018,72h,72,8760,7541,86.08447488584476
1432A,SLD,2019,72h,72,8760,6681,76.26712328767124
1432A,SLD,2020,72h,72,8784,7982,90.86976320582878
1432A,SLD,2021,72h,72,8049,7372,91.58901726922599
1432A,SLD,2015,7d,168,8760,7597,86.72374429223744
1432A,SLD,2016,7d,168,8784,8268,94.12568306010928
1432A,SLD,2017,7d,168,8760,8283,94.55479452054794
1432A,SLD,2018,7d,168,8760,7478,85.36529680365297
1432A,SLD,2019,7d,168,8760,6718,76.68949771689498
1432A,SLD,2020,7d,168,8784,7992,90.98360655737704
1432A,SLD,2021,7d,168,8049,7291,90.58268107839483
1432A,SLD,2015,14d,336,8760,7608,86.84931506849315
1432A,SLD,2016,14d,336,8784,8263,94.06876138433515
1432A,SLD,2017,14d,336,8760,8281,94.53196347031964
1432A,SLD,2018,14d,336,8760,7419,84.6917808219178
1432A,SLD,2019,14d,336,8760,6631,75.69634703196347
1432A,SLD,2020,14d,336,8784,7981,90.85837887067395
1432A,SLD,2021,14d,336,8049,7128,88.55758479314201
1432A,SLD,2015,30d,720,8760,7623,87.02054794520548
1432A,SLD,2016,30d,720,8784,8258,94.01183970856101
1432A,SLD,2017,30d,720,8760,8285,94.57762557077626
1432A,SLD,2018,30d,720,8760,7363,84.05251141552512
1432A,SLD,2019,30d,720,8760,6725,76.76940639269407
1432A,SLD,2020,30d,720,8784,7988,90.93806921675774
1432A,SLD,2021,30d,720,8049,6787,84.32103366877874
1433A,SWY,2015,48h,48,8760,7648,87.30593607305937
1433A,SWY,2016,48h,48,8784,8169,92.99863387978142
1433A,SWY,2017,48h,48,8760,8213,93.75570776255707
1433A,SWY,2018,48h,48,8760,7324,83.60730593607306
1433A,SWY,2019,48h,48,8760,7317,83.52739726027397
1433A,SWY,2020,48h,48,8784,7999,91.06329690346084
1433A,SWY,2021,48h,48,8049,7481,92.94322276059138
1433A,SWY,2015,72h,72,8760,7656,87.3972602739726
1433A,SWY,2016,72h,72,8784,8164,92.94171220400729
1433A,SWY,2017,72h,72,8760,8213,93.75570776255707
1433A,SWY,2018,72h,72,8760,7252,82.78538812785388
1433A,SWY,2019,72h,72,8760,7275,83.04794520547945
1433A,SWY,2020,72h,72,8784,7995,91.01775956284153
1433A,SWY,2021,72h,72,8049,7453,92.59535346005715
1433A,SWY,2015,7d,168,8760,7671,87.56849315068493
1433A,SWY,2016,7d,168,8784,8168,92.9872495446266
1433A,SWY,2017,7d,168,8760,8208,93.69863013698631
1433A,SWY,2018,7d,168,8760,7180,81.9634703196347
1433A,SWY,2019,7d,168,8760,7245,82.7054794520548
1433A,SWY,2020,7d,168,8784,7996,91.02914389799636
1433A,SWY,2021,7d,168,8049,7376,91.63871288358803
1433A,SWY,2015,14d,336,8760,7682,87.69406392694063
1433A,SWY,2016,14d,336,8784,8155,92.83925318761385
1433A,SWY,2017,14d,336,8760,8211,93.73287671232877
1433A,SWY,2018,14d,336,8760,7155,81.67808219178082
1433A,SWY,2019,14d,336,8760,7222,82.44292237442923
1433A,SWY,2020,14d,336,8784,8002,91.09744990892533
1433A,SWY,2021,14d,336,8049,7215,89.63846440551622
1433A,SWY,2015,30d,720,8760,7700,87.89954337899543
1433A,SWY,2016,30d,720,8784,8155,92.83925318761385
1433A,SWY,2017,30d,720,8760,8208,93.69863013698631
1433A,SWY,2018,30d,720,8760,7085,80.87899543378995
1433A,SWY,2019,30d,720,8760,7326,83.63013698630138
1433A,SWY,2020,30d,720,8784,7985,90.90391621129325
1433A,SWY,2021,30d,720,8049,6838,84.95465275189464
1434A,SHP,2015,48h,48,8760,7606,86.82648401826484
1434A,SHP,2016,48h,48,8784,8279,94.2509107468124
1434A,SHP,2017,48h,48,8760,8185,93.43607305936074
1434A,SHP,2018,48h,48,8760,7563,86.33561643835617
1434A,SHP,2019,48h,48,8760,7028,80.22831050228311
1434A,SHP,2020,48h,48,8784,8065,91.81466302367942
1434A,SHP,2021,48h,48,8049,7514,93.35321157907815
1434A,SHP,2015,72h,72,8760,7606,86.82648401826484
1434A,SHP,2016,72h,72,8784,8265,94.0915300546448
1434A,SHP,2017,72h,72,8760,8170,93.2648401826484
1434A,SHP,2018,72h,72,8760,7488,85.47945205479452
1434A,SHP,2019,72h,72,8760,7004,79.95433789954338
1434A,SHP,2020,72h,72,8784,8073,91.90573770491804
1434A,SHP,2021,72h,72,8049,7496,93.129581314449
1434A,SHP,2015,7d,168,8760,7620,86.98630136986301
1434A,SHP,2016,7d,168,8784,8270,94.14845173041894
1434A,SHP,2017,7d,168,8760,8160,93.15068493150685
1434A,SHP,2018,7d,168,8760,7430,84.81735159817352
1434A,SHP,2019,7d,168,8760,7030,80.25114155251141
1434A,SHP,2020,7d,168,8784,8082,92.00819672131148
1434A,SHP,2021,7d,168,8049,7422,92.21021244875139
1434A,SHP,2015,14d,336,8760,7634,87.14611872146119
1434A,SHP,2016,14d,336,8784,8266,94.10291438979964
1434A,SHP,2017,14d,336,8760,8149,93.02511415525115
1434A,SHP,2018,14d,336,8760,7415,84.64611872146118
1434A,SHP,2019,14d,336,8760,6946,79.29223744292237
1434A,SHP,2020,14d,336,8784,8116,92.39526411657559
1434A,SHP,2021,14d,336,8049,7252,90.098148838365
1434A,SHP,2015,30d,720,8760,7649,87.31735159817352
1434A,SHP,2016,30d,720,8784,8261,94.0459927140255
1434A,SHP,2017,30d,720,8760,8147,93.00228310502283
1434A,SHP,2018,30d,720,8760,7330,83.67579908675799
1434A,SHP,2019,30d,720,8760,7000,79.90867579908677
1434A,SHP,2020,30d,720,8784,8113,92.36111111111111
1434A,SHP,2021,30d,720,8049,6935,86.15977140017394
1437A,JPJ,2015,48h,48,8760,7596,86.7123287671233
1437A,JPJ,2016,48h,48,8784,8258,94.01183970856101
1437A,JPJ,2017,48h,48,8760,8119,92.68264840182648
1437A,JPJ,2018,48h,48,8760,7615,86.92922374429224
1437A,JPJ,2019,48h,48,8760,7517,85.81050228310502
1437A,JPJ,2020,48h,48,8784,8073,91.90573770491804
1437A,JPJ,2021,48h,48,8049,7475,92.86867933904833
1437A,JPJ,2015,72h,72,8760,7599,86.74657534246575
1437A,JPJ,2016,72h,72,8784,8246,93.8752276867031
1437A,JPJ,2017,72h,72,8760,8111,92.59132420091323
1437A,JPJ,2018,72h,72,8760,7533,85.9931506849315
1437A,JPJ,2019,72h,72,8760,7481,85.39954337899543
1437A,JPJ,2020,72h,72,8784,8090,92.09927140255009
1437A,JPJ,2021,72h,72,8049,7458,92.6574729780097
1437A,JPJ,2015,7d,168,8760,7620,86.98630136986301
1437A,JPJ,2016,7d,168,8784,8254,93.96630236794171
1437A,JPJ,2017,7d,168,8760,8108,92.55707762557077
1437A,JPJ,2018,7d,168,8760,7442,84.95433789954338
1437A,JPJ,2019,7d,168,8760,7507,85.69634703196347
1437A,JPJ,2020,7d,168,8784,8101,92.22449908925319
1437A,JPJ,2021,7d,168,8049,7424,92.23506025593241
1437A,JPJ,2015,14d,336,8760,7627,87.06621004566209
1437A,JPJ,2016,14d,336,8784,8242,93.8296903460838
1437A,JPJ,2017,14d,336,8760,8113,92.61415525114155
1437A,JPJ,2018,14d,336,8760,7445,84.98858447488584
1437A,JPJ,2019,14d,336,8760,7454,85.09132420091325
1437A,JPJ,2020,14d,336,8784,8082,92.00819672131148
1437A,JPJ,2021,14d,336,8049,7257,90.16026835631756
1437A,JPJ,2015,30d,720,8760,7647,87.29452054794521
1437A,JPJ,2016,30d,720,8784,8236,93.76138433515483
1437A,JPJ,2017,30d,720,8760,8107,92.54566210045661
1437A,JPJ,2018,30d,720,8760,7396,84.42922374429223
1437A,JPJ,2019,30d,720,8760,7470,85.27397260273972
1437A,JPJ,2020,30d,720,8784,8060,91.75774134790528
1437A,JPJ,2021,30d,720,8049,6873,85.38948937756243
1438A,LYS,2015,48h,48,8760,7370,84.1324200913242
1438A,LYS,2016,48h,48,8784,7463,84.9612932604736
1438A,LYS,2017,48h,48,8760,7463,85.19406392694064
1438A,LYS,2018,48h,48,8760,6384,72.87671232876713
1438A,LYS,2019,48h,48,8760,6417,73.25342465753425
1438A,LYS,2020,48h,48,8784,7354,83.72040072859745
1438A,LYS,2021,48h,48,8049,6581,81.76170952913405
1438A,LYS,2015,72h,72,8760,7374,84.17808219178082
1438A,LYS,2016,72h,72,8784,7385,84.07331511839709
1438A,LYS,2017,72h,72,8760,7432,84.84018264840184
1438A,LYS,2018,72h,72,8760,6267,71.54109589041096
1438A,LYS,2019,72h,72,8760,6371,72.7283105022831
1438A,LYS,2020,72h,72,8784,7330,83.44717668488161
1438A,LYS,2021,72h,72,8049,6534,81.17778606038017
1438A,LYS,2015,7d,168,8760,7408,84.5662100456621
1438A,LYS,2016,7d,168,8784,7267,82.72996357012751
1438A,LYS,2017,7d,168,8760,7431,84.82876712328768
1438A,LYS,2018,7d,168,8760,6142,70.11415525114155
1438A,LYS,2019,7d,168,8760,6399,73.04794520547945
1438A,LYS,2020,7d,168,8784,7197,81.93306010928961
1438A,LYS,2021,7d,168,8049,6435,79.94781960491987
1438A,LYS,2015,14d,336,8760,7396,84.42922374429223
1438A,LYS,2016,14d,336,8784,7180,81.73952641165756
1438A,LYS,2017,14d,336,8760,7423,84.73744292237443
1438A,LYS,2018,14d,336,8760,6030,68.83561643835617
1438A,LYS,2019,14d,336,8760,6420,73.28767123287672
1438A,LYS,2020,14d,336,8784,7264,82.69581056466302
1438A,LYS,2021,14d,336,8049,6320,78.51907069201143
1438A,LYS,2015,30d,720,8760,7424,84.74885844748859
1438A,LYS,2016,30d,720,8784,7171,81.63706739526411
1438A,LYS,2017,30d,720,8760,7432,84.84018264840184
1438A,LYS,2018,30d,720,8760,6050,69.06392694063926
1438A,LYS,2019,30d,720,8760,6440,73.51598173515981
1438A,LYS,2020,30d,720,8784,7223,82.22905282331512
1438A,LYS,2021,30d,720,8049,6020,74.79189961485899
2880A,DSXL,2015,48h,48,8760,5496,62.73972602739726
2880A,DSXL,2016,48h,48,8784,6698,76.25227686703097
2880A,DSXL,2017,48h,48,8760,7848,89.58904109589041
2880A,DSXL,2018,48h,48,8760,7802,89.06392694063928
2880A,DSXL,2019,48h,48,8760,7822,89.29223744292237
2880A,DSXL,2020,48h,48,8784,8138,92.64571948998179
2880A,DSXL,2021,48h,48,8049,7182,89.22847558702944
2880A,DSXL,2015,72h,72,8760,5484,62.6027397260274
2880A,DSXL,2016,72h,72,8784,6683,76.08151183970855
2880A,DSXL,2017,72h,72,8760,7840,89.49771689497716
2880A,DSXL,2018,72h,72,8760,7711,88.02511415525115
2880A,DSXL,2019,72h,72,8760,7791,88.93835616438356
2880A,DSXL,2020,72h,72,8784,8142,92.69125683060109
2880A,DSXL,2021,72h,72,8049,7152,88.85575847931419
2880A,DSXL,2015,7d,168,8760,5513,62.933789954337904
2880A,DSXL,2016,7d,168,8784,6690,76.16120218579235
2880A,DSXL,2017,7d,168,8760,7838,89.47488584474887
2880A,DSXL,2018,7d,168,8760,7624,87.03196347031964
2880A,DSXL,2019,7d,168,8760,7814,89.20091324200912
2880A,DSXL,2020,7d,168,8784,8148,92.75956284153006
2880A,DSXL,2021,7d,168,8049,7089,88.07305255311219
2880A,DSXL,2015,14d,336,8760,5548,63.33333333333333
2880A,DSXL,2016,14d,336,8784,6681,76.05874316939891
2880A,DSXL,2017,14d,336,8760,7827,89.34931506849315
2880A,DSXL,2018,14d,336,8760,7597,86.72374429223744
2880A,DSXL,2019,14d,336,8760,7762,88.60730593607306
2880A,DSXL,2020,14d,336,8784,8147,92.74817850637523
2880A,DSXL,2021,14d,336,8049,6918,85.94856503913529
2880A,DSXL,2015,30d,720,8760,5514,62.945205479452056
2880A,DSXL,2016,30d,720,8784,6669,75.92213114754098
2880A,DSXL,2017,30d,720,8760,7827,89.34931506849315
2880A,DSXL,2018,30d,720,8760,7544,86.11872146118722
2880A,DSXL,2019,30d,720,8760,7827,89.34931506849315
2880A,DSXL,2020,30d,720,8784,8125,92.49772313296903
2880A,DSXL,2021,30d,720,8049,6614,82.17169834762082
3136A,LQXQ,2015,48h,48,8760,4413,50.37671232876713
3136A,LQXQ,2017,48h,48,8760,6441,73.52739726027397
3136A,LQXQ,2018,48h,48,8760,7552,86.21004566210046
3136A,LQXQ,2019,48h,48,8760,7634,87.14611872146119
3136A,LQXQ,2020,48h,48,8784,8124,92.4863387978142
3136A,LQXQ,2021,48h,48,8049,7471,92.8189837246863
3136A,LQXQ,2015,72h,72,8760,4379,49.98858447488585
3136A,LQXQ,2017,72h,72,8760,6358,72.57990867579909
3136A,LQXQ,2018,72h,72,8760,7476,85.34246575342466
3136A,LQXQ,2019,72h,72,8760,7600,86.7579908675799
3136A,LQXQ,2020,72h,72,8784,8106,92.28142076502732
3136A,LQXQ,2021,72h,72,8049,7439,92.42141880979004
3136A,LQXQ,2015,7d,168,8760,4344,49.589041095890416
3136A,LQXQ,2017,7d,168,8760,6350,72.48858447488584
3136A,LQXQ,2018,7d,168,8760,7376,84.20091324200914
3136A,LQXQ,2019,7d,168,8760,7622,87.00913242009133
3136A,LQXQ,2020,7d,168,8784,8112,92.34972677595628
3136A,LQXQ,2021,7d,168,8049,7346,91.26599577587278
3136A,LQXQ,2015,14d,336,8760,4412,50.36529680365297
3136A,LQXQ,2017,14d,336,8760,6305,71.97488584474885
3136A,LQXQ,2018,14d,336,8760,7369,84.12100456621005
3136A,LQXQ,2019,14d,336,8760,7575,86.47260273972603
3136A,LQXQ,2020,14d,336,8784,8109,92.3155737704918
3136A,LQXQ,2021,14d,336,8049,7179,89.19120387625792
3136A,LQXQ,2015,30d,720,8760,4388,50.09132420091325
3136A,LQXQ,2017,30d,720,8760,6309,72.02054794520548
3136A,LQXQ,2018,30d,720,8760,7332,83.6986301369863
3136A,LQXQ,2019,30d,720,8760,7649,87.31735159817352
3136A,LQXQ,2020,30d,720,8784,8113,92.36111111111111
3136A,LQXQ,2021,30d,720,8049,6821,84.74344639085601
3358A,LJL,2015,48h,48,8760,5051,57.65981735159818
3358A,LJL,2016,48h,48,8784,5990,68.19216757741347
3358A,LJL,2017,48h,48,8760,6831,77.97945205479452
3358A,LJL,2018,48h,48,8760,6126,69.93150684931507
3358A,LJL,2019,48h,48,8760,7631,87.11187214611871
3358A,LJL,2020,48h,48,8784,8334,94.87704918032787
3358A,LJL,2021,48h,48,8049,7253,90.11057274195552
3358A,LJL,2015,72h,72,8760,5052,57.67123287671233
3358A,LJL,2016,72h,72,8784,6006,68.37431693989072
3358A,LJL,2017,72h,72,8760,6821,77.86529680365297
3358A,LJL,2018,72h,72,8760,6067,69.2579908675799
3358A,LJL,2019,72h,72,8760,7596,86.7123287671233
3358A,LJL,2020,72h,72,8784,8315,94.66074681238615
3358A,LJL,2021,72h,72,8049,7231,89.83724686296435
3358A,LJL,2015,7d,168,8760,5015,57.24885844748858
3358A,LJL,2016,7d,168,8784,6003,68.34016393442623
3358A,LJL,2017,7d,168,8760,6841,78.09360730593608
3358A,LJL,2018,7d,168,8760,5981,68.27625570776256
3358A,LJL,2019,7d,168,8760,7612,86.89497716894977
3358A,LJL,2020,7d,168,8784,8279,94.2509107468124
3358A,LJL,2021,7d,168,8049,7187,89.29059510498199
3358A,LJL,2015,14d,336,8760,5049,57.636986301369866
3358A,LJL,2016,14d,336,8784,5987,68.158014571949
3358A,LJL,2017,14d,336,8760,6832,77.99086757990867
3358A,LJL,2018,14d,336,8760,5990,68.37899543378995
3358A,LJL,2019,14d,336,8760,7577,86.49543378995433
3358A,LJL,2020,14d,336,8784,8263,94.06876138433515
3358A,LJL,2021,14d,336,8049,7042,87.48912908435831
3358A,LJL,2015,30d,720,8760,4994,57.009132420091326
3358A,LJL,2016,30d,720,8784,6031,68.65892531876139
3358A,LJL,2017,30d,720,8760,6815,77.79680365296804
3358A,LJL,2018,30d,720,8760,5923,67.61415525114155
3358A,LJL,2019,30d,720,8760,7615,86.92922374429224
3358A,LJL,2020,30d,720,8784,8249,93.90938069216757
3358A,LJL,2021,30d,720,8049,6708,83.3395452851286
