station_code,station_name,year,rows,variable,missing_count,missing_pct
1431A,JQLH,2015,8760,AQI,624,7.123287671232877
1431A,JQLH,2015,8760,PM2.5,630,7.191780821917808
1431A,JQLH,2015,8760,PM10,648,7.397260273972603
1431A,JQLH,2015,8760,SO2,629,7.180365296803654
1431A,JQLH,2015,8760,NO2,628,7.168949771689498
1431A,JQLH,2015,8760,O3-8h,630,7.191780821917808
1431A,JQLH,2015,8760,CO,625,7.134703196347032
1431A,JQLH,2015,8760,U10,7,0.07990867579908677
1431A,JQLH,2015,8760,V10,7,0.07990867579908677
1431A,JQLH,2015,8760,T2,7,0.07990867579908677
1431A,JQLH,2015,8760,RH2,7,0.07990867579908677
1431A,JQLH,2015,8760,PBLH,7,0.07990867579908677
1431A,JQLH,2016,8784,AQI,279,3.1762295081967213
1431A,JQLH,2016,8784,PM2.5,280,3.1876138433515484
1431A,JQLH,2016,8784,PM10,326,3.711293260473588
1431A,JQLH,2016,8784,SO2,277,3.1534608378870677
1431A,JQLH,2016,8784,NO2,278,3.1648451730418943
1431A,JQLH,2016,8784,O3-8h,274,3.1193078324225865
1431A,JQLH,2016,8784,CO,274,3.1193078324225865
1431A,JQLH,2016,8784,U10,0,0.0
1431A,JQLH,2016,8784,V10,0,0.0
1431A,JQLH,2016,8784,T2,0,0.0
1431A,JQLH,2016,8784,RH2,0,0.0
1431A,JQLH,2016,8784,PBLH,0,0.0
1431A,JQLH,2017,8760,AQI,217,2.4771689497716896
1431A,JQLH,2017,8760,PM2.5,231,2.636986301369863
1431A,JQLH,2017,8760,PM10,264,3.0136986301369864
1431A,JQLH,2017,8760,SO2,221,2.5228310502283104
1431A,JQLH,2017,8760,NO2,246,2.808219178082192
1431A,JQLH,2017,8760,O3-8h,220,2.5114155251141552
1431A,JQLH,2017,8760,CO,244,2.7853881278538815
1431A,JQLH,2017,8760,U10,0,0.0
1431A,JQLH,2017,8760,V10,0,0.0
1431A,JQLH,2017,8760,T2,0,0.0
1431A,JQLH,2017,8760,RH2,0,0.0
1431A,JQLH,2017,8760,PBLH,0,0.0
1431A,JQLH,2018,8760,AQI,593,6.769406392694063
1431A,JQLH,2018,8760,PM2.5,628,7.168949771689498
1431A,JQLH,2018,8760,PM10,697,7.95662100456621
1431A,JQLH,2018,8760,SO2,608,6.940639269406393
1431A,JQLH,2018,8760,NO2,619,7.066210045662101
1431A,JQLH,2018,8760,O3-8h,561,6.404109589041096
1431A,JQLH,2018,8760,CO,595,6.792237442922374
1431A,JQLH,2018,8760,U10,0,0.0
1431A,JQLH,2018,8760,V10,0,0.0
1431A,JQLH,2018,8760,T2,0,0.0
1431A,JQLH,2018,8760,RH2,0,0.0
1431A,JQLH,2018,8760,PBLH,0,0.0
1431A,JQLH,2019,8760,AQI,439,5.011415525114155
1431A,JQLH,2019,8760,PM2.5,439,5.011415525114155
1431A,JQLH,2019,8760,PM10,485,5.536529680365296
1431A,JQLH,2019,8760,SO2,463,5.2853881278538815
1431A,JQLH,2019,8760,NO2,511,5.833333333333333
1431A,JQLH,2019,8760,O3-8h,403,4.600456621004566
1431A,JQLH,2019,8760,CO,461,5.262557077625571
1431A,JQLH,2019,8760,U10,0,0.0
1431A,JQLH,2019,8760,V10,0,0.0
1431A,JQLH,2019,8760,T2,0,0.0
1431A,JQLH,2019,8760,RH2,0,0.0
1431A,JQLH,2019,8760,PBLH,0,0.0
1431A,JQLH,2020,8784,AQI,504,5.737704918032787
1431A,JQLH,2020,8784,PM2.5,411,4.67896174863388
1431A,JQLH,2020,8784,PM10,418,4.758652094717668
1431A,JQLH,2020,8784,SO2,413,4.701730418943534
1431A,JQLH,2020,8784,NO2,409,4.656193078324225
1431A,JQLH,2020,8784,O3-8h,336,3.825136612021858
1431A,JQLH,2020,8784,CO,407,4.633424408014572
1431A,JQLH,2020,8784,U10,0,0.0
1431A,JQLH,2020,8784,V10,0,0.0
1431A,JQLH,2020,8784,T2,0,0.0
1431A,JQLH,2020,8784,RH2,0,0.0
1431A,JQLH,2020,8784,PBLH,0,0.0
1431A,JQLH,2021,8049,AQI,406,5.044104857746304
1431A,JQLH,2021,8049,PM2.5,264,3.2799105478941484
1431A,JQLH,2021,8049,PM10,253,3.143247608398559
1431A,JQLH,2021,8049,SO2,240,2.981736861721953
1431A,JQLH,2021,8049,NO2,235,2.919617343769412
1431A,JQLH,2021,8049,O3-8h,282,3.5035408125232945
1431A,JQLH,2021,8049,CO,250,3.1059758976270344
1431A,JQLH,2021,8049,U10,1,0.012423903590508137
1431A,JQLH,2021,8049,V10,1,0.012423903590508137
1431A,JQLH,2021,8049,T2,1,0.012423903590508137
1431A,JQLH,2021,8049,RH2,0,0.0
1431A,JQLH,2021,8049,PBLH,1,0.012423903590508137
1432A,SLD,2015,8760,AQI,588,6.712328767123288
1432A,SLD,2015,8760,PM2.5,591,6.7465753424657535
1432A,SLD,2015,8760,PM10,615,7.02054794520548
1432A,SLD,2015,8760,SO2,593,6.769406392694063
1432A,SLD,2015,8760,NO2,591,6.7465753424657535
1432A,SLD,2015,8760,O3-8h,624,7.123287671232877
1432A,SLD,2015,8760,CO,592,6.757990867579909
1432A,SLD,2015,8760,U10,7,0.07990867579908677
1432A,SLD,2015,8760,V10,7,0.07990867579908677
1432A,SLD,2015,8760,T2,7,0.07990867579908677
1432A,SLD,2015,8760,RH2,7,0.07990867579908677
1432A,SLD,2015,8760,PBLH,7,0.07990867579908677
1432A,SLD,2016,8784,AQI,231,2.6297814207650276
1432A,SLD,2016,8784,PM2.5,230,2.6183970856102
1432A,SLD,2016,8784,PM10,273,3.1079234972677594
1432A,SLD,2016,8784,SO2,239,2.720856102003643
1432A,SLD,2016,8784,NO2,234,2.663934426229508
1432A,SLD,2016,8784,O3-8h,231,2.6297814207650276
1432A,SLD,2016,8784,CO,236,2.686703096539162
1432A,SLD,2016,8784,U10,0,0.0
1432A,SLD,2016,8784,V10,0,0.0
1432A,SLD,2016,8784,T2,0,0.0
1432A,SLD,2016,8784,RH2,0,0.0
1432A,SLD,2016,8784,PBLH,0,0.0
1432A,SLD,2017,8760,AQI,189,2.1575342465753424
1432A,SLD,2017,8760,PM2.5,196,2.237442922374429
1432A,SLD,2017,8760,PM10,240,2.73972602739726
1432A,SLD,2017,8760,SO2,209,2.3858447488584478
1432A,SLD,2017,8760,NO2,210,2.3972602739726026
1432A,SLD,2017,8760,O3-8h,191,2.180365296803653
1432A,SLD,2017,8760,CO,194,2.214611872146119
1432A,SLD,2017,8760,U10,0,0.0
1432A,SLD,2017,8760,V10,0,0.0
1432A,SLD,2017,8760,T2,0,0.0
1432A,SLD,2017,8760,RH2,0,0.0
1432A,SLD,2017,8760,PBLH,0,0.0
1432A,SLD,2018,8760,AQI,600,6.8493150684931505
1432A,SLD,2018,8760,PM2.5,592,6.757990867579909
1432A,SLD,2018,8760,PM10,685,7.819634703196347
1432A,SLD,2018,8760,SO2,625,7.134703196347032
1432A,SLD,2018,8760,NO2,652,7.442922374429224
1432A,SLD,2018,8760,O3-8h,569,6.495433789954339
1432A,SLD,2018,8760,CO,621,7.089041095890411
1432A,SLD,2018,8760,U10,0,0.0
1432A,SLD,2018,8760,V10,0,0.0
1432A,SLD,2018,8760,T2,0,0.0
1432A,SLD,2018,8760,RH2,0,0.0
1432A,SLD,2018,8760,PBLH,0,0.0
1432A,SLD,2019,8760,AQI,967,11.038812785388128
1432A,SLD,2019,8760,PM2.5,966,11.027397260273974
1432A,SLD,2019,8760,PM10,1075,12.271689497716896
1432A,SLD,2019,8760,SO2,960,10.95890410958904
1432A,SLD,2019,8760,NO2,1004,11.461187214611872
1432A,SLD,2019,8760,O3-8h,827,9.440639269406393
1432A,SLD,2019,8760,CO,979,11.17579908675799
1432A,SLD,2019,8760,U10,0,0.0
1432A,SLD,2019,8760,V10,0,0.0
1432A,SLD,2019,8760,T2,0,0.0
1432A,SLD,2019,8760,RH2,0,0.0
1432A,SLD,2019,8760,PBLH,0,0.0
1432A,SLD,2020,8784,AQI,404,4.599271402550091
1432A,SLD,2020,8784,PM2.5,294,3.346994535519126
1432A,SLD,2020,8784,PM10,279,3.1762295081967213
1432A,SLD,2020,8784,SO2,256,2.914389799635701
1432A,SLD,2020,8784,NO2,315,3.5860655737704916
1432A,SLD,2020,8784,O3-8h,216,2.459016393442623
1432A,SLD,2020,8784,CO,301,3.426684881602914
1432A,SLD,2020,8784,U10,0,0.0
1432A,SLD,2020,8784,V10,0,0.0
1432A,SLD,2020,8784,T2,0,0.0
1432A,SLD,2020,8784,RH2,0,0.0
1432A,SLD,2020,8784,PBLH,0,0.0
1432A,SLD,2021,8049,AQI,340,4.2241272207727665
1432A,SLD,2021,8049,PM2.5,184,2.285998260653497
1432A,SLD,2021,8049,PM10,144,1.7890421170331718
1432A,SLD,2021,8049,SO2,161,2.00024847807181
1432A,SLD,2021,8049,NO2,199,2.4723568145111194
1432A,SLD,2021,8049,O3-8h,252,3.130823704808051
1432A,SLD,2021,8049,CO,162,2.012672381662318
1432A,SLD,2021,8049,U10,1,0.012423903590508137
1432A,SLD,2021,8049,V10,1,0.012423903590508137
1432A,SLD,2021,8049,T2,1,0.012423903590508137
1432A,SLD,2021,8049,RH2,0,0.0
1432A,SLD,2021,8049,PBLH,1,0.012423903590508137
1433A,SWY,2015,8760,AQI,573,6.541095890410959
1433A,SWY,2015,8760,PM2.5,576,6.575342465753424
1433A,SWY,2015,8760,PM10,587,6.700913242009133
1433A,SWY,2015,8760,SO2,577,6.5867579908675795
1433A,SWY,2015,8760,NO2,575,6.56392694063927
1433A,SWY,2015,8760,O3-8h,575,6.56392694063927
1433A,SWY,2015,8760,CO,581,6.632420091324201
1433A,SWY,2015,8760,U10,7,0.07990867579908677
1433A,SWY,2015,8760,V10,7,0.07990867579908677
1433A,SWY,2015,8760,T2,7,0.07990867579908677
1433A,SWY,2015,8760,RH2,7,0.07990867579908677
1433A,SWY,2015,8760,PBLH,7,0.07990867579908677
1433A,SWY,2016,8784,AQI,264,3.0054644808743167
1433A,SWY,2016,8784,PM2.5,276,3.1420765027322406
1433A,SWY,2016,8784,PM10,326,3.711293260473588
1433A,SWY,2016,8784,SO2,255,2.9030054644808745
1433A,SWY,2016,8784,NO2,254,2.8916211293260474
1433A,SWY,2016,8784,O3-8h,253,2.8802367941712204
1433A,SWY,2016,8784,CO,253,2.8802367941712204
1433A,SWY,2016,8784,U10,0,0.0
1433A,SWY,2016,8784,V10,0,0.0
1433A,SWY,2016,8784,T2,0,0.0
1433A,SWY,2016,8784,RH2,0,0.0
1433A,SWY,2016,8784,PBLH,0,0.0
1433A,SWY,2017,8760,AQI,225,2.5684931506849313
1433A,SWY,2017,8760,PM2.5,226,2.5799086757990866
1433A,SWY,2017,8760,PM10,270,3.0821917808219177
1433A,SWY,2017,8760,SO2,234,2.671232876712329
1433A,SWY,2017,8760,NO2,239,2.7283105022831053
1433A,SWY,2017,8760,O3-8h,235,2.682648401826484
1433A,SWY,2017,8760,CO,231,2.636986301369863
1433A,SWY,2017,8760,U10,0,0.0
1433A,SWY,2017,8760,V10,0,0.0
1433A,SWY,2017,8760,T2,0,0.0
1433A,SWY,2017,8760,RH2,0,0.0
1433A,SWY,2017,8760,PBLH,0,0.0
1433A,SWY,2018,8760,AQI,651,7.431506849315069
1433A,SWY,2018,8760,PM2.5,679,7.751141552511416
1433A,SWY,2018,8760,PM10,828,9.452054794520548
1433A,SWY,2018,8760,SO2,762,8.698630136986301
1433A,SWY,2018,8760,NO2,728,8.310502283105023
1433A,SWY,2018,8760,O3-8h,679,7.751141552511416
1433A,SWY,2018,8760,CO,689,7.865296803652969
1433A,SWY,2018,8760,U10,0,0.0
1433A,SWY,2018,8760,V10,0,0.0
1433A,SWY,2018,8760,T2,0,0.0
1433A,SWY,2018,8760,RH2,0,0.0
1433A,SWY,2018,8760,PBLH,0,0.0
1433A,SWY,2019,8760,AQI,670,7.648401826484018
1433A,SWY,2019,8760,PM2.5,667,7.614155251141552
1433A,SWY,2019,8760,PM10,694,7.922374429223744
1433A,SWY,2019,8760,SO2,662,7.557077625570777
1433A,SWY,2019,8760,NO2,733,8.367579908675799
1433A,SWY,2019,8760,O3-8h,654,7.465753424657534
1433A,SWY,2019,8760,CO,697,7.95662100456621
1433A,SWY,2019,8760,U10,0,0.0
1433A,SWY,2019,8760,V10,0,0.0
1433A,SWY,2019,8760,T2,0,0.0
1433A,SWY,2019,8760,RH2,0,0.0
1433A,SWY,2019,8760,PBLH,0,0.0
1433A,SWY,2020,8784,AQI,322,3.6657559198542806
1433A,SWY,2020,8784,PM2.5,317,3.608834244080146
1433A,SWY,2020,8784,PM10,240,2.73224043715847
1433A,SWY,2020,8784,SO2,263,2.99408014571949
1433A,SWY,2020,8784,NO2,235,2.6753187613843354
1433A,SWY,2020,8784,O3-8h,161,1.8328779599271403
1433A,SWY,2020,8784,CO,245,2.7891621129326047
1433A,SWY,2020,8784,U10,0,0.0
1433A,SWY,2020,8784,V10,0,0.0
1433A,SWY,2020,8784,T2,0,0.0
1433A,SWY,2020,8784,RH2,0,0.0
1433A,SWY,2020,8784,PBLH,0,0.0
1433A,SWY,2021,8049,AQI,274,3.4041495837992297
1433A,SWY,2021,8049,PM2.5,149,1.8511616349857123
1433A,SWY,2021,8049,PM10,136,1.6896508883091066
1433A,SWY,2021,8049,SO2,164,2.0375201888433345
1433A,SWY,2021,8049,NO2,150,1.8635855385762206
1433A,SWY,2021,8049,O3-8h,166,2.062367996024351
1433A,SWY,2021,8049,CO,179,2.2238787427009568
1433A,SWY,2021,8049,U10,1,0.012423903590508137
1433A,SWY,2021,8049,V10,1,0.012423903590508137
1433A,SWY,2021,8049,T2,1,0.012423903590508137
1433A,SWY,2021,8049,RH2,0,0.0
1433A,SWY,2021,8049,PBLH,1,0.012423903590508137
1434A,SHP,2015,8760,AQI,580,6.621004566210045
1434A,SHP,2015,8760,PM2.5,580,6.621004566210045
1434A,SHP,2015,8760,PM10,595,6.792237442922374
1434A,SHP,2015,8760,SO2,594,6.780821917808219
1434A,SHP,2015,8760,NO2,620,7.077625570776255
1434A,SHP,2015,8760,O3-8h,580,6.621004566210045
1434A,SHP,2015,8760,CO,580,6.621004566210045
1434A,SHP,2015,8760,U10,7,0.07990867579908677
1434A,SHP,2015,8760,V10,7,0.07990867579908677
1434A,SHP,2015,8760,T2,7,0.07990867579908677
1434A,SHP,2015,8760,RH2,7,0.07990867579908677
1434A,SHP,2015,8760,PBLH,7,0.07990867579908677
1434A,SHP,2016,8784,AQI,240,2.73224043715847
1434A,SHP,2016,8784,PM2.5,237,2.698087431693989
1434A,SHP,2016,8784,PM10,254,2.8916211293260474
1434A,SHP,2016,8784,SO2,242,2.755009107468124
1434A,SHP,2016,8784,NO2,237,2.698087431693989
1434A,SHP,2016,8784,O3-8h,239,2.720856102003643
1434A,SHP,2016,8784,CO,237,2.698087431693989
1434A,SHP,2016,8784,U10,0,0.0
1434A,SHP,2016,8784,V10,0,0.0
1434A,SHP,2016,8784,T2,0,0.0
1434A,SHP,2016,8784,RH2,0,0.0
1434A,SHP,2016,8784,PBLH,0,0.0
1434A,SHP,2017,8760,AQI,225,2.5684931506849313
1434A,SHP,2017,8760,PM2.5,229,2.6141552511415527
1434A,SHP,2017,8760,PM10,316,3.6073059360730597
1434A,SHP,2017,8760,SO2,227,2.591324200913242
1434A,SHP,2017,8760,NO2,231,2.636986301369863
1434A,SHP,2017,8760,O3-8h,216,2.4657534246575343
1434A,SHP,2017,8760,CO,259,2.9566210045662102
1434A,SHP,2017,8760,U10,0,0.0
1434A,SHP,2017,8760,V10,0,0.0
1434A,SHP,2017,8760,T2,0,0.0
1434A,SHP,2017,8760,RH2,0,0.0
1434A,SHP,2017,8760,PBLH,0,0.0
1434A,SHP,2018,8760,AQI,626,7.146118721461186
1434A,SHP,2018,8760,PM2.5,648,7.397260273972603
1434A,SHP,2018,8760,PM10,681,7.773972602739726
1434A,SHP,2018,8760,SO2,668,7.625570776255708
1434A,SHP,2018,8760,NO2,699,7.979452054794521
1434A,SHP,2018,8760,O3-8h,627,7.157534246575342
1434A,SHP,2018,8760,CO,655,7.4771689497716896
1434A,SHP,2018,8760,U10,0,0.0
1434A,SHP,2018,8760,V10,0,0.0
1434A,SHP,2018,8760,T2,0,0.0
1434A,SHP,2018,8760,RH2,0,0.0
1434A,SHP,2018,8760,PBLH,0,0.0
1434A,SHP,2019,8760,AQI,737,8.41324200913242
1434A,SHP,2019,8760,PM2.5,711,8.116438356164384
1434A,SHP,2019,8760,PM10,895,10.21689497716895
1434A,SHP,2019,8760,SO2,612,6.986301369863014
1434A,SHP,2019,8760,NO2,681,7.773972602739726
1434A,SHP,2019,8760,O3-8h,561,6.404109589041096
1434A,SHP,2019,8760,CO,609,6.952054794520548
1434A,SHP,2019,8760,U10,0,0.0
1434A,SHP,2019,8760,V10,0,0.0
1434A,SHP,2019,8760,T2,0,0.0
1434A,SHP,2019,8760,RH2,0,0.0
1434A,SHP,2019,8760,PBLH,0,0.0
1434A,SHP,2020,8784,AQI,357,4.064207650273223
1434A,SHP,2020,8784,PM2.5,299,3.4039162112932604
1434A,SHP,2020,8784,PM10,269,3.0623861566484516
1434A,SHP,2020,8784,SO2,273,3.1079234972677594
1434A,SHP,2020,8784,NO2,285,3.2445355191256833
1434A,SHP,2020,8784,O3-8h,210,2.390710382513661
1434A,SHP,2020,8784,CO,254,2.8916211293260474
1434A,SHP,2020,8784,U10,0,0.0
1434A,SHP,2020,8784,V10,0,0.0
1434A,SHP,2020,8784,T2,0,0.0
1434A,SHP,2020,8784,RH2,0,0.0
1434A,SHP,2020,8784,PBLH,0,0.0
1434A,SHP,2021,8049,AQI,277,3.441421294570754
1434A,SHP,2021,8049,PM2.5,148,1.8387377313952045
1434A,SHP,2021,8049,PM10,156,1.9381289601192695
1434A,SHP,2021,8049,SO2,167,2.0747918996148593
1434A,SHP,2021,8049,NO2,168,2.087215803205367
1434A,SHP,2021,8049,O3-8h,208,2.5841719468256925
1434A,SHP,2021,8049,CO,160,1.987824574481302
1434A,SHP,2021,8049,U10,1,0.012423903590508137
1434A,SHP,2021,8049,V10,1,0.012423903590508137
1434A,SHP,2021,8049,T2,1,0.012423903590508137
1434A,SHP,2021,8049,RH2,0,0.0
1434A,SHP,2021,8049,PBLH,1,0.012423903590508137
1437A,JPJ,2015,8760,AQI,589,6.723744292237443
1437A,JPJ,2015,8760,PM2.5,590,6.735159817351597
1437A,JPJ,2015,8760,PM10,597,6.815068493150685
1437A,JPJ,2015,8760,SO2,595,6.792237442922374
1437A,JPJ,2015,8760,NO2,634,7.237442922374429
1437A,JPJ,2015,8760,O3-8h,608,6.940639269406393
1437A,JPJ,2015,8760,CO,599,6.837899543378996
1437A,JPJ,2015,8760,U10,7,0.07990867579908677
1437A,JPJ,2015,8760,V10,7,0.07990867579908677
1437A,JPJ,2015,8760,T2,7,0.07990867579908677
1437A,JPJ,2015,8760,RH2,7,0.07990867579908677
1437A,JPJ,2015,8760,PBLH,7,0.07990867579908677
1437A,JPJ,2016,8784,AQI,227,2.5842440801457194
1437A,JPJ,2016,8784,PM2.5,228,2.5956284153005464
1437A,JPJ,2016,8784,PM10,288,3.278688524590164
1437A,JPJ,2016,8784,SO2,232,2.6411657559198543
1437A,JPJ,2016,8784,NO2,241,2.743624772313297
1437A,JPJ,2016,8784,O3-8h,228,2.5956284153005464
1437A,JPJ,2016,8784,CO,232,2.6411657559198543
1437A,JPJ,2016,8784,U10,0,0.0
1437A,JPJ,2016,8784,V10,0,0.0
1437A,JPJ,2016,8784,T2,0,0.0
1437A,JPJ,2016,8784,RH2,0,0.0
1437A,JPJ,2016,8784,PBLH,0,0.0
1437A,JPJ,2017,8760,AQI,244,2.7853881278538815
1437A,JPJ,2017,8760,PM2.5,250,2.853881278538813
1437A,JPJ,2017,8760,PM10,349,3.9840182648401825
1437A,JPJ,2017,8760,SO2,251,2.865296803652968
1437A,JPJ,2017,8760,NO2,256,2.922374429223744
1437A,JPJ,2017,8760,O3-8h,226,2.5799086757990866
1437A,JPJ,2017,8760,CO,265,3.0251141552511416
1437A,JPJ,2017,8760,U10,0,0.0
1437A,JPJ,2017,8760,V10,0,0.0
1437A,JPJ,2017,8760,T2,0,0.0
1437A,JPJ,2017,8760,RH2,0,0.0
1437A,JPJ,2017,8760,PBLH,0,0.0
1437A,JPJ,2018,8760,AQI,584,6.666666666666667
1437A,JPJ,2018,8760,PM2.5,594,6.780821917808219
1437A,JPJ,2018,8760,PM10,644,7.351598173515981
1437A,JPJ,2018,8760,SO2,621,7.089041095890411
1437A,JPJ,2018,8760,NO2,637,7.271689497716895
1437A,JPJ,2018,8760,O3-8h,600,6.8493150684931505
1437A,JPJ,2018,8760,CO,635,7.248858447488585
1437A,JPJ,2018,8760,U10,0,0.0
1437A,JPJ,2018,8760,V10,0,0.0
1437A,JPJ,2018,8760,T2,0,0.0
1437A,JPJ,2018,8760,RH2,0,0.0
1437A,JPJ,2018,8760,PBLH,0,0.0
1437A,JPJ,2019,8760,AQI,436,4.9771689497716896
1437A,JPJ,2019,8760,PM2.5,477,5.445205479452055
1437A,JPJ,2019,8760,PM10,546,6.232876712328768
1437A,JPJ,2019,8760,SO2,421,4.805936073059361
1437A,JPJ,2019,8760,NO2,450,5.136986301369863
1437A,JPJ,2019,8760,O3-8h,423,4.828767123287672
1437A,JPJ,2019,8760,CO,439,5.011415525114155
1437A,JPJ,2019,8760,U10,0,0.0
1437A,JPJ,2019,8760,V10,0,0.0
1437A,JPJ,2019,8760,T2,0,0.0
1437A,JPJ,2019,8760,RH2,0,0.0
1437A,JPJ,2019,8760,PBLH,0,0.0
1437A,JPJ,2020,8784,AQI,400,4.553734061930783
1437A,JPJ,2020,8784,PM2.5,232,2.6411657559198543
1437A,JPJ,2020,8784,PM10,238,2.709471766848816
1437A,JPJ,2020,8784,SO2,264,3.0054644808743167
1437A,JPJ,2020,8784,NO2,273,3.1079234972677594
1437A,JPJ,2020,8784,O3-8h,223,2.5387067395264116
1437A,JPJ,2020,8784,CO,283,3.2217668488160296
1437A,JPJ,2020,8784,U10,0,0.0
1437A,JPJ,2020,8784,V10,0,0.0
1437A,JPJ,2020,8784,T2,0,0.0
1437A,JPJ,2020,8784,RH2,0,0.0
1437A,JPJ,2020,8784,PBLH,0,0.0
1437A,JPJ,2021,8049,AQI,350,4.348366256677848
1437A,JPJ,2021,8049,PM2.5,194,2.410237296558579
1437A,JPJ,2021,8049,PM10,187,2.3232699714250216
1437A,JPJ,2021,8049,SO2,201,2.4972046216921355
1437A,JPJ,2021,8049,NO2,227,2.8202261150453474
1437A,JPJ,2021,8049,O3-8h,138,1.714498695490123
1437A,JPJ,2021,8049,CO,207,2.5717480432351847
1437A,JPJ,2021,8049,U10,1,0.012423903590508137
1437A,JPJ,2021,8049,V10,1,0.012423903590508137
1437A,JPJ,2021,8049,T2,1,0.012423903590508137
1437A,JPJ,2021,8049,RH2,0,0.0
1437A,JPJ,2021,8049,PBLH,1,0.012423903590508137
1438A,LYS,2015,8760,AQI,644,7.351598173515981
1438A,LYS,2015,8760,PM2.5,666,7.602739726027398
1438A,LYS,2015,8760,PM10,736,8.401826484018265
1438A,LYS,2015,8760,SO2,658,7.511415525114155
1438A,LYS,2015,8760,NO2,645,7.363013698630137
1438A,LYS,2015,8760,O3-8h,659,7.522831050228311
1438A,LYS,2015,8760,CO,668,7.625570776255708
1438A,LYS,2015,8760,U10,7,0.07990867579908677
1438A,LYS,2015,8760,V10,7,0.07990867579908677
1438A,LYS,2015,8760,T2,7,0.07990867579908677
1438A,LYS,2015,8760,RH2,7,0.07990867579908677
1438A,LYS,2015,8760,PBLH,7,0.07990867579908677
1438A,LYS,2016,8784,AQI,782,8.902550091074682
1438A,LYS,2016,8784,PM2.5,779,8.868397085610201
1438A,LYS,2016,8784,PM10,856,9.744990892531877
1438A,LYS,2016,8784,SO2,781,8.891165755919854
1438A,LYS,2016,8784,NO2,776,8.83424408014572
1438A,LYS,2016,8784,O3-8h,776,8.83424408014572
1438A,LYS,2016,8784,CO,792,9.01639344262295
1438A,LYS,2016,8784,U10,0,0.0
1438A,LYS,2016,8784,V10,0,0.0
1438A,LYS,2016,8784,T2,0,0.0
1438A,LYS,2016,8784,RH2,0,0.0
1438A,LYS,2016,8784,PBLH,0,0.0
1438A,LYS,2017,8760,AQI,412,4.703196347031963
1438A,LYS,2017,8760,PM2.5,441,5.034246575342466
1438A,LYS,2017,8760,PM10,609,6.952054794520548
1438A,LYS,2017,8760,SO2,408,4.657534246575342
1438A,LYS,2017,8760,NO2,406,4.634703196347032
1438A,LYS,2017,8760,O3-8h,410,4.680365296803653
1438A,LYS,2017,8760,CO,720,8.21917808219178
1438A,LYS,2017,8760,U10,0,0.0
1438A,LYS,2017,8760,V10,0,0.0
1438A,LYS,2017,8760,T2,0,0.0
1438A,LYS,2017,8760,RH2,0,0.0
1438A,LYS,2017,8760,PBLH,0,0.0
1438A,LYS,2018,8760,AQI,1130,12.899543378995434
1438A,LYS,2018,8760,PM2.5,1262,14.406392694063927
1438A,LYS,2018,8760,PM10,1411,16.10730593607306
1438A,LYS,2018,8760,SO2,1054,12.031963470319635
1438A,LYS,2018,8760,NO2,1042,11.894977168949772
1438A,LYS,2018,8760,O3-8h,1024,11.689497716894977
1438A,LYS,2018,8760,CO,1331,15.19406392694064
1438A,LYS,2018,8760,U10,0,0.0
1438A,LYS,2018,8760,V10,0,0.0
1438A,LYS,2018,8760,T2,0,0.0
1438A,LYS,2018,8760,RH2,0,0.0
1438A,LYS,2018,8760,PBLH,0,0.0
1438A,LYS,2019,8760,AQI,896,10.228310502283106
1438A,LYS,2019,8760,PM2.5,919,10.490867579908675
1438A,LYS,2019,8760,PM10,1071,12.226027397260273
1438A,LYS,2019,8760,SO2,881,10.057077625570777
1438A,LYS,2019,8760,NO2,843,9.623287671232877
1438A,LYS,2019,8760,O3-8h,774,8.835616438356164
1438A,LYS,2019,8760,CO,1203,13.732876712328768
1438A,LYS,2019,8760,U10,0,0.0
1438A,LYS,2019,8760,V10,0,0.0
1438A,LYS,2019,8760,T2,0,0.0
1438A,LYS,2019,8760,RH2,0,0.0
1438A,LYS,2019,8760,PBLH,0,0.0
1438A,LYS,2020,8784,AQI,787,8.959471766848816
1438A,LYS,2020,8784,PM2.5,685,7.798269581056466
1438A,LYS,2020,8784,PM10,635,7.229052823315119
1438A,LYS,2020,8784,SO2,632,7.194899817850637
1438A,LYS,2020,8784,NO2,614,6.989981785063752
1438A,LYS,2020,8784,O3-8h,573,6.523224043715848
1438A,LYS,2020,8784,CO,709,8.071493624772314
1438A,LYS,2020,8784,U10,0,0.0
1438A,LYS,2020,8784,V10,0,0.0
1438A,LYS,2020,8784,T2,0,0.0
1438A,LYS,2020,8784,RH2,0,0.0
1438A,LYS,2020,8784,PBLH,0,0.0
1438A,LYS,2021,8049,AQI,831,10.324263883712263
1438A,LYS,2021,8049,PM2.5,597,7.417070443533358
1438A,LYS,2021,8049,PM10,601,7.466766057895391
1438A,LYS,2021,8049,SO2,608,7.5537333830289475
1438A,LYS,2021,8049,NO2,592,7.354950925580818
1438A,LYS,2021,8049,O3-8h,515,6.398310349111691
1438A,LYS,2021,8049,CO,704,8.746428127717728
1438A,LYS,2021,8049,U10,1,0.012423903590508137
1438A,LYS,2021,8049,V10,1,0.012423903590508137
1438A,LYS,2021,8049,T2,1,0.012423903590508137
1438A,LYS,2021,8049,RH2,0,0.0
1438A,LYS,2021,8049,PBLH,1,0.012423903590508137
2880A,DSXL,2015,8760,AQI,623,7.111872146118721
2880A,DSXL,2015,8760,PM2.5,679,7.751141552511416
2880A,DSXL,2015,8760,PM10,2749,31.381278538812786
2880A,DSXL,2015,8760,SO2,634,7.237442922374429
2880A,DSXL,2015,8760,NO2,638,7.283105022831051
2880A,DSXL,2015,8760,O3-8h,640,7.30593607305936
2880A,DSXL,2015,8760,CO,650,7.4200913242009126
2880A,DSXL,2015,8760,U10,7,0.07990867579908677
2880A,DSXL,2015,8760,V10,7,0.07990867579908677
2880A,DSXL,2015,8760,T2,7,0.07990867579908677
2880A,DSXL,2015,8760,RH2,7,0.07990867579908677
2880A,DSXL,2015,8760,PBLH,7,0.07990867579908677
2880A,DSXL,2016,8784,AQI,316,3.5974499089253187
2880A,DSXL,2016,8784,PM2.5,380,4.326047358834244
2880A,DSXL,2016,8784,PM10,1702,19.376138433515482
2880A,DSXL,2016,8784,SO2,308,3.5063752276867035
2880A,DSXL,2016,8784,NO2,309,3.5177595628415297
2880A,DSXL,2016,8784,O3-8h,337,3.8365209471766852
2880A,DSXL,2016,8784,CO,305,3.4722222222222223
2880A,DSXL,2016,8784,U10,0,0.0
2880A,DSXL,2016,8784,V10,0,0.0
2880A,DSXL,2016,8784,T2,0,0.0
2880A,DSXL,2016,8784,RH2,0,0.0
2880A,DSXL,2016,8784,PBLH,0,0.0
2880A,DSXL,2017,8760,AQI,246,2.808219178082192
2880A,DSXL,2017,8760,PM2.5,262,2.990867579908676
2880A,DSXL,2017,8760,PM10,627,7.157534246575342
2880A,DSXL,2017,8760,SO2,256,2.922374429223744
2880A,DSXL,2017,8760,NO2,258,2.945205479452055
2880A,DSXL,2017,8760,O3-8h,246,2.808219178082192
2880A,DSXL,2017,8760,CO,258,2.945205479452055
2880A,DSXL,2017,8760,U10,0,0.0
2880A,DSXL,2017,8760,V10,0,0.0
2880A,DSXL,2017,8760,T2,0,0.0
2880A,DSXL,2017,8760,RH2,0,0.0
2880A,DSXL,2017,8760,PBLH,0,0.0
2880A,DSXL,2018,8760,AQI,547,6.244292237442922
2880A,DSXL,2018,8760,PM2.5,554,6.324200913242009
2880A,DSXL,2018,8760,PM10,579,6.609589041095891
2880A,DSXL,2018,8760,SO2,568,6.4840182648401825
2880A,DSXL,2018,8760,NO2,585,6.678082191780822
2880A,DSXL,2018,8760,O3-8h,531,6.061643835616438
2880A,DSXL,2018,8760,CO,564,6.438356164383562
2880A,DSXL,2018,8760,U10,0,0.0
2880A,DSXL,2018,8760,V10,0,0.0
2880A,DSXL,2018,8760,T2,0,0.0
2880A,DSXL,2018,8760,RH2,0,0.0
2880A,DSXL,2018,8760,PBLH,0,0.0
2880A,DSXL,2019,8760,AQI,401,4.577625570776256
2880A,DSXL,2019,8760,PM2.5,409,4.668949771689498
2880A,DSXL,2019,8760,PM10,407,4.646118721461187
2880A,DSXL,2019,8760,SO2,433,4.942922374429224
2880A,DSXL,2019,8760,NO2,466,5.319634703196347
2880A,DSXL,2019,8760,O3-8h,376,4.292237442922374
2880A,DSXL,2019,8760,CO,429,4.897260273972603
2880A,DSXL,2019,8760,U10,0,0.0
2880A,DSXL,2019,8760,V10,0,0.0
2880A,DSXL,2019,8760,T2,0,0.0
2880A,DSXL,2019,8760,RH2,0,0.0
2880A,DSXL,2019,8760,PBLH,0,0.0
2880A,DSXL,2020,8784,AQI,343,3.9048269581056463
2880A,DSXL,2020,8784,PM2.5,210,2.390710382513661
2880A,DSXL,2020,8784,PM10,217,2.4704007285974496
2880A,DSXL,2020,8784,SO2,206,2.3451730418943533
2880A,DSXL,2020,8784,NO2,282,3.210382513661202
2880A,DSXL,2020,8784,O3-8h,132,1.5027322404371584
2880A,DSXL,2020,8784,CO,219,2.4931693989071038
2880A,DSXL,2020,8784,U10,0,0.0
2880A,DSXL,2020,8784,V10,0,0.0
2880A,DSXL,2020,8784,T2,0,0.0
2880A,DSXL,2020,8784,RH2,0,0.0
2880A,DSXL,2020,8784,PBLH,0,0.0
2880A,DSXL,2021,8049,AQI,497,6.174680084482544
2880A,DSXL,2021,8049,PM2.5,322,4.00049695614362
2880A,DSXL,2021,8049,PM10,292,3.627779848428376
2880A,DSXL,2021,8049,SO2,236,2.9320412473599204
2880A,DSXL,2021,8049,NO2,261,3.2426388371226236
2880A,DSXL,2021,8049,O3-8h,199,2.4723568145111194
2880A,DSXL,2021,8049,CO,251,3.1183998012175427
2880A,DSXL,2021,8049,U10,1,0.012423903590508137
2880A,DSXL,2021,8049,V10,1,0.012423903590508137
2880A,DSXL,2021,8049,T2,1,0.012423903590508137
2880A,DSXL,2021,8049,RH2,0,0.0
2880A,DSXL,2021,8049,PBLH,1,0.012423903590508137
3136A,LQXQ,2015,8760,AQI,730,8.333333333333332
3136A,LQXQ,2015,8760,PM2.5,881,10.057077625570777
3136A,LQXQ,2015,8760,PM10,3594,41.02739726027397
3136A,LQXQ,2015,8760,SO2,821,9.372146118721462
3136A,LQXQ,2015,8760,NO2,806,9.200913242009133
3136A,LQXQ,2015,8760,O3-8h,758,8.65296803652968
3136A,LQXQ,2015,8760,CO,908,10.365296803652967
3136A,LQXQ,2015,8760,U10,7,0.07990867579908677
3136A,LQXQ,2015,8760,V10,7,0.07990867579908677
3136A,LQXQ,2015,8760,T2,7,0.07990867579908677
3136A,LQXQ,2015,8760,RH2,7,0.07990867579908677
3136A,LQXQ,2015,8760,PBLH,7,0.07990867579908677
3136A,LQXQ,2016,8784,AQI,4014,45.69672131147541
3136A,LQXQ,2016,8784,PM2.5,4201,47.82559198542805
3136A,LQXQ,2016,8784,PM10,5685,64.71994535519126
3136A,LQXQ,2016,8784,SO2,4060,46.22040072859745
3136A,LQXQ,2016,8784,NO2,4148,47.22222222222222
3136A,LQXQ,2016,8784,O3-8h,4088,46.5391621129326
3136A,LQXQ,2016,8784,CO,4070,46.33424408014572
3136A,LQXQ,2016,8784,U10,0,0.0
3136A,LQXQ,2016,8784,V10,0,0.0
3136A,LQXQ,2016,8784,T2,0,0.0
3136A,LQXQ,2016,8784,RH2,0,0.0
3136A,LQXQ,2016,8784,PBLH,0,0.0
3136A,LQXQ,2017,8760,AQI,666,7.602739726027398
3136A,LQXQ,2017,8760,PM2.5,680,7.76255707762557
3136A,LQXQ,2017,8760,PM10,1693,19.32648401826484
3136A,LQXQ,2017,8760,SO2,621,7.089041095890411
3136A,LQXQ,2017,8760,NO2,613,6.997716894977168
3136A,LQXQ,2017,8760,O3-8h,588,6.712328767123288
3136A,LQXQ,2017,8760,CO,625,7.134703196347032
3136A,LQXQ,2017,8760,U10,0,0.0
3136A,LQXQ,2017,8760,V10,0,0.0
3136A,LQXQ,2017,8760,T2,0,0.0
3136A,LQXQ,2017,8760,RH2,0,0.0
3136A,LQXQ,2017,8760,PBLH,0,0.0
3136A,LQXQ,2018,8760,AQI,677,7.7283105022831045
3136A,LQXQ,2018,8760,PM2.5,686,7.831050228310503
3136A,LQXQ,2018,8760,PM10,822,9.383561643835616
3136A,LQXQ,2018,8760,SO2,686,7.831050228310503
3136A,LQXQ,2018,8760,NO2,697,7.95662100456621
3136A,LQXQ,2018,8760,O3-8h,649,7.408675799086758
3136A,LQXQ,2018,8760,CO,684,7.808219178082192
3136A,LQXQ,2018,8760,U10,0,0.0
3136A,LQXQ,2018,8760,V10,0,0.0
3136A,LQXQ,2018,8760,T2,0,0.0
3136A,LQXQ,2018,8760,RH2,0,0.0
3136A,LQXQ,2018,8760,PBLH,0,0.0
3136A,LQXQ,2019,8760,AQI,484,5.525114155251141
3136A,LQXQ,2019,8760,PM2.5,525,5.993150684931506
3136A,LQXQ,2019,8760,PM10,509,5.810502283105023
3136A,LQXQ,2019,8760,SO2,489,5.582191780821918
3136A,LQXQ,2019,8760,NO2,501,5.719178082191781
3136A,LQXQ,2019,8760,O3-8h,434,4.954337899543379
3136A,LQXQ,2019,8760,CO,483,5.513698630136987
3136A,LQXQ,2019,8760,U10,0,0.0
3136A,LQXQ,2019,8760,V10,0,0.0
3136A,LQXQ,2019,8760,T2,0,0.0
3136A,LQXQ,2019,8760,RH2,0,0.0
3136A,LQXQ,2019,8760,PBLH,0,0.0
3136A,LQXQ,2020,8784,AQI,344,3.9162112932604733
3136A,LQXQ,2020,8784,PM2.5,248,2.823315118397086
3136A,LQXQ,2020,8784,PM10,239,2.720856102003643
3136A,LQXQ,2020,8784,SO2,273,3.1079234972677594
3136A,LQXQ,2020,8784,NO2,281,3.198998178506375
3136A,LQXQ,2020,8784,O3-8h,215,2.447632058287796
3136A,LQXQ,2020,8784,CO,240,2.73224043715847
3136A,LQXQ,2020,8784,U10,0,0.0
3136A,LQXQ,2020,8784,V10,0,0.0
3136A,LQXQ,2020,8784,T2,0,0.0
3136A,LQXQ,2020,8784,RH2,0,0.0
3136A,LQXQ,2020,8784,PBLH,0,0.0
3136A,LQXQ,2021,8049,AQI,366,4.547148714125979
3136A,LQXQ,2021,8049,PM2.5,211,2.621443657597217
3136A,LQXQ,2021,8049,PM10,211,2.621443657597217
3136A,LQXQ,2021,8049,SO2,240,2.981736861721953
3136A,LQXQ,2021,8049,NO2,253,3.143247608398559
3136A,LQXQ,2021,8049,O3-8h,204,2.5344763324636603
3136A,LQXQ,2021,8049,CO,234,2.9071934401789044
3136A,LQXQ,2021,8049,U10,1,0.012423903590508137
3136A,LQXQ,2021,8049,V10,1,0.012423903590508137
3136A,LQXQ,2021,8049,T2,1,0.012423903590508137
3136A,LQXQ,2021,8049,RH2,0,0.0
3136A,LQXQ,2021,8049,PBLH,1,0.012423903590508137
3358A,LJL,2015,8760,AQI,730,8.333333333333332
3358A,LJL,2015,8760,PM2.5,803,9.166666666666666
3358A,LJL,2015,8760,PM10,3128,35.70776255707763
3358A,LJL,2015,8760,SO2,750,8.561643835616438
3358A,LJL,2015,8760,NO2,830,9.474885844748858
3358A,LJL,2015,8760,O3-8h,749,8.550228310502284
3358A,LJL,2015,8760,CO,754,8.60730593607306
3358A,LJL,2015,8760,U10,7,0.07990867579908677
3358A,LJL,2015,8760,V10,7,0.07990867579908677
3358A,LJL,2015,8760,T2,7,0.07990867579908677
3358A,LJL,2015,8760,RH2,7,0.07990867579908677
3358A,LJL,2015,8760,PBLH,7,0.07990867579908677
3358A,LJL,2016,8784,AQI,331,3.7682149362477233
3358A,LJL,2016,8784,PM2.5,417,4.747267759562841
3358A,LJL,2016,8784,PM10,2337,26.6051912568306
3358A,LJL,2016,8784,SO2,337,3.8365209471766852
3358A,LJL,2016,8784,NO2,377,4.291894353369763
3358A,LJL,2016,8784,O3-8h,342,3.8934426229508197
3358A,LJL,2016,8784,CO,356,4.052823315118397
3358A,LJL,2016,8784,U10,0,0.0
3358A,LJL,2016,8784,V10,0,0.0
3358A,LJL,2016,8784,T2,0,0.0
3358A,LJL,2016,8784,RH2,0,0.0
3358A,LJL,2016,8784,PBLH,0,0.0
3358A,LJL,2017,8760,AQI,243,2.7739726027397262
3358A,LJL,2017,8760,PM2.5,221,2.5228310502283104
3358A,LJL,2017,8760,PM10,1714,19.5662100456621
3358A,LJL,2017,8760,SO2,220,2.5114155251141552
3358A,LJL,2017,8760,NO2,230,2.6255707762557075
3358A,LJL,2017,8760,O3-8h,200,2.28310502283105
3358A,LJL,2017,8760,CO,224,2.5570776255707766
3358A,LJL,2017,8760,U10,0,0.0
3358A,LJL,2017,8760,V10,0,0.0
3358A,LJL,2017,8760,T2,0,0.0
3358A,LJL,2017,8760,RH2,0,0.0
3358A,LJL,2017,8760,PBLH,0,0.0
3358A,LJL,2018,8760,AQI,679,7.751141552511416
3358A,LJL,2018,8760,PM2.5,674,7.694063926940639
3358A,LJL,2018,8760,PM10,2183,24.920091324200914
3358A,LJL,2018,8760,SO2,708,8.082191780821917
3358A,LJL,2018,8760,NO2,712,8.12785388127854
3358A,LJL,2018,8760,O3-8h,672,7.671232876712329
3358A,LJL,2018,8760,CO,711,8.116438356164384
3358A,LJL,2018,8760,U10,0,0.0
3358A,LJL,2018,8760,V10,0,0.0
3358A,LJL,2018,8760,T2,0,0.0
3358A,LJL,2018,8760,RH2,0,0.0
3358A,LJL,2018,8760,PBLH,0,0.0
3358A,LJL,2019,8760,AQI,425,4.851598173515981
3358A,LJL,2019,8760,PM2.5,433,4.942922374429224
3358A,LJL,2019,8760,PM10,618,7.054794520547945
3358A,LJL,2019,8760,SO2,488,5.570776255707763
3358A,LJL,2019,8760,NO2,481,5.4908675799086755
3358A,LJL,2019,8760,O3-8h,400,4.5662100456621
3358A,LJL,2019,8760,CO,468,5.342465753424658
3358A,LJL,2019,8760,U10,0,0.0
3358A,LJL,2019,8760,V10,0,0.0
3358A,LJL,2019,8760,T2,0,0.0
3358A,LJL,2019,8760,RH2,0,0.0
3358A,LJL,2019,8760,PBLH,0,0.0
3358A,LJL,2020,8784,AQI,287,3.267304189435337
3358A,LJL,2020,8784,PM2.5,143,1.627959927140255
3358A,LJL,2020,8784,PM10,133,1.5141165755919854
3358A,LJL,2020,8784,SO2,176,2.0036429872495445
3358A,LJL,2020,8784,NO2,211,2.402094717668488
3358A,LJL,2020,8784,O3-8h,118,1.343351548269581
3358A,LJL,2020,8784,CO,186,2.1174863387978142
3358A,LJL,2020,8784,U10,0,0.0
3358A,LJL,2020,8784,V10,0,0.0
3358A,LJL,2020,8784,T2,0,0.0
3358A,LJL,2020,8784,RH2,0,0.0
3358A,LJL,2020,8784,PBLH,0,0.0
3358A,LJL,2021,8049,AQI,476,5.913778109081873
3358A,LJL,2021,8049,PM2.5,297,3.689899366380917
3358A,LJL,2021,8049,PM10,277,3.441421294570754
3358A,LJL,2021,8049,SO2,279,3.4662691017517706
3358A,LJL,2021,8049,NO2,267,3.3171822586656727
3358A,LJL,2021,8049,O3-8h,251,3.1183998012175427
3358A,LJL,2021,8049,CO,294,3.6526276556093924
3358A,LJL,2021,8049,U10,1,0.012423903590508137
3358A,LJL,2021,8049,V10,1,0.012423903590508137
3358A,LJL,2021,8049,T2,1,0.012423903590508137
3358A,LJL,2021,8049,RH2,0,0.0
3358A,LJL,2021,8049,PBLH,1,0.012423903590508137
