location,city,country,latitude,longitude,parameter,value,unit,date_utc,raw_measurement
,,,35.21815,128.57425,pm25,16.0,µg/m³,2026-08-04T09:00:00Z,"{""datetime"": {""utc"": ""2026-08-04T09:00:00Z"", ""local"": ""2026-08-04T18:00:00+09:00""}, ""value"": 16.0, ""coordinates"": {""latitude"": 35.21815, ""longitude"": 128.57425}, ""sensorsId"": 8539597, ""locationsId"": 2622686}"
,,,54.88361359025449,23.83583450024486,pm25,12.55,µg/m³,2026-08-04T09:00:00Z,"{""datetime"": {""utc"": ""2026-08-04T09:00:00Z"", ""local"": ""2026-08-04T12:00:00+03:00""}, ""value"": 12.55, ""coordinates"": {""latitude"": 54.88361359025449, ""longitude"": 23.83583450024486}, ""sensorsId"": 23735, ""locationsId"": 8152}"
,,,40.1465,117.07089999999998,pm25,16.0,µg/m³,2021-08-09T11:00:00Z,"{""datetime"": {""utc"": ""2021-08-09T11:00:00Z"", ""local"": ""2021-08-09T19:00:00+08:00""}, ""value"": 16.0, ""coordinates"": {""latitude"": 40.1465, ""longitude"": 117.07089999999998}, ""sensorsId"": 238048, ""locationsId"": 43487}"
,,,37.64553,-118.96676,pm25,9.0,µg/m³,2025-08-09T14:00:00Z,"{""datetime"": {""utc"": ""2025-08-09T14:00:00Z"", ""local"": ""2025-08-09T07:00:00-07:00""}, ""value"": 9.0, ""coordinates"": {""latitude"": 37.64553, ""longitude"": -118.96676}, ""sensorsId"": 7320157, ""locationsId"": 1772963}"
,,,38.59246,-82.80677,pm25,7.3,µg/m³,2026-08-04T09:00:00Z,"{""datetime"": {""utc"": ""2026-08-04T09:00:00Z"", ""local"": ""2026-08-04T05:00:00-04:00""}, ""value"": 7.3, ""coordinates"": {""latitude"": 38.59246, ""longitude"": -82.80677}, ""sensorsId"": 6236505, ""locationsId"": 1066093}"
,,,53.129418999879455,23.108024999656525,pm25,6.0,µg/m³,2024-12-09T12:00:00Z,"{""datetime"": {""utc"": ""2024-12-09T12:00:00Z"", ""local"": ""2024-12-09T13:00:00+01:00""}, ""value"": 6.0, ""coordinates"": {""latitude"": 53.129418999879455, ""longitude"": 23.108024999656525}, ""sensorsId"": 7754909, ""locationsId"": 2146563}"
,,,29.966942,76.875879,pm25,154.81,µg/m³,2022-10-31T01:45:00Z,"{""datetime"": {""utc"": ""2022-10-31T01:45:00Z"", ""local"": ""2022-10-31T07:15:00+05:30""}, ""value"": 154.81, ""coordinates"": {""latitude"": 29.966942, ""longitude"": 76.875879}, ""sensorsId"": 20961, ""locationsId"": 7282}"
,,,45.08163372052002,13.643801808266366,pm25,15.872727220708674,µg/m³,2024-07-21T20:00:00Z,"{""datetime"": {""utc"": ""2024-07-21T20:00:00Z"", ""local"": ""2024-07-21T22:00:00+02:00""}, ""value"": 15.872727220708674, ""coordinates"": {""latitude"": 45.08163372052002, ""longitude"": 13.643801808266366}, ""sensorsId"": 9957979, ""locationsId"": 2953756}"
,,,-38.32676,146.3261,pm25,8.19,µg/m³,2026-07-29T19:00:00Z,"{""datetime"": {""utc"": ""2026-07-29T19:00:00Z"", ""local"": ""2026-07-30T05:00:00+10:00""}, ""value"": 8.19, ""coordinates"": {""latitude"": -38.32676, ""longitude"": 146.3261}, ""sensorsId"": 9969693, ""locationsId"": 10819}"
,,,38.05043,-122.15454,pm25,0.0,µg/m³,2026-07-03T07:00:00Z,"{""datetime"": {""utc"": ""2026-07-03T07:00:00Z"", ""local"": ""2026-07-03T00:00:00-07:00""}, ""value"": 0.0, ""coordinates"": {""latitude"": 38.05043, ""longitude"": -122.15454}, ""sensorsId"": 9963443, ""locationsId"": 2954721}"
,,,37.68975,-121.77155,pm25,18.0,µg/m³,2026-08-04T09:00:00Z,"{""datetime"": {""utc"": ""2026-08-04T09:00:00Z"", ""local"": ""2026-08-04T02:00:00-07:00""}, ""value"": 18.0, ""coordinates"": {""latitude"": 37.68975, ""longitude"": -121.77155}, ""sensorsId"": 9963450, ""locationsId"": 2954722}"
,,,49.0459,8.52337,pm25,28.90916668574015,µg/m³,2026-01-31T05:00:00Z,"{""datetime"": {""utc"": ""2026-01-31T05:00:00Z"", ""local"": ""2026-01-31T06:00:00+01:00""}, ""value"": 28.90916668574015, ""coordinates"": {""latitude"": 49.0459, ""longitude"": 8.52337}, ""sensorsId"": 15241246, ""locationsId"": 6212143}"
,,,47.834999,-122.251261,pm25,11.1,µg/m³,2026-08-04T10:00:00Z,"{""datetime"": {""utc"": ""2026-08-04T10:00:00Z"", ""local"": ""2026-08-04T03:00:00-07:00""}, ""value"": 11.1, ""coordinates"": {""latitude"": 47.834999, ""longitude"": -122.251261}, ""sensorsId"": 17131827, ""locationsId"": 6473136}"
,,,38.14548,27.36276,pm25,9.551,µg/m³,2022-10-28T04:00:00Z,"{""datetime"": {""utc"": ""2022-10-28T04:00:00Z"", ""local"": ""2022-10-28T07:00:00+03:00""}, ""value"": 9.551, ""coordinates"": {""latitude"": 38.14548, ""longitude"": 27.36276}, ""sensorsId"": 2083385, ""locationsId"": 368885}"
,,,41.3644,-83.6612,pm25,6.8,µg/m³,2026-08-04T10:00:00Z,"{""datetime"": {""utc"": ""2026-08-04T10:00:00Z"", ""local"": ""2026-08-04T06:00:00-04:00""}, ""value"": 6.8, ""coordinates"": {""latitude"": 41.3644, ""longitude"": -83.6612}, ""sensorsId"": 9916553, ""locationsId"": 2946546}"
,,,51.966058631890675,6.289890937160651,pm25,25.0,µg/m³,2026-08-04T10:00:00Z,"{""datetime"": {""utc"": ""2026-08-04T10:00:00Z"", ""local"": ""2026-08-04T12:00:00+02:00""}, ""value"": 25.0, ""coordinates"": {""latitude"": 51.966058631890675, ""longitude"": 6.289890937160651}, ""sensorsId"": 9074015, ""locationsId"": 2827201}"
,,,15.257387898044886,104.03668778711167,pm25,0.0,µg/m³,2025-01-13T23:00:00Z,"{""datetime"": {""utc"": ""2025-01-13T23:00:00Z"", ""local"": ""2025-01-14T06:00:00+07:00""}, ""value"": 0.0, ""coordinates"": {""latitude"": 15.257387898044886, ""longitude"": 104.03668778711167}, ""sensorsId"": 9959326, ""locationsId"": 2953982}"
,,,14.675885999999998,77.593027,pm25,86.11,µg/m³,2022-10-31T01:45:00Z,"{""datetime"": {""utc"": ""2022-10-31T01:45:00Z"", ""local"": ""2022-10-31T07:15:00+05:30""}, ""value"": 86.11, ""coordinates"": {""latitude"": 14.675885999999998, ""longitude"": 77.593027}, ""sensorsId"": 2028432, ""locationsId"": 358456}"
,,,41.130195,-8.423484,pm25,0.0,µg/m³,2026-08-04T10:00:00Z,"{""datetime"": {""utc"": ""2026-08-04T10:00:00Z"", ""local"": ""2026-08-04T11:00:00+01:00""}, ""value"": 0.0, ""coordinates"": {""latitude"": 41.130195, ""longitude"": -8.423484}, ""sensorsId"": 16292329, ""locationsId"": 6353390}"
,,,-27.090836,150.400418,pm25,-9999.0,µg/m³,2024-05-27T02:00:00Z,"{""datetime"": {""utc"": ""2024-05-27T02:00:00Z"", ""local"": ""2024-05-27T12:00:00+10:00""}, ""value"": -9999.0, ""coordinates"": {""latitude"": -27.090836, ""longitude"": 150.400418}, ""sensorsId"": 9381416, ""locationsId"": 2868409}"
,,,-14.49654,-71.776884,pm25,6.3,µg/m³,2025-01-08T11:45:00Z,"{""datetime"": {""utc"": ""2025-01-08T11:45:00Z"", ""local"": ""2025-01-08T06:45:00-05:00""}, ""value"": 6.3, ""coordinates"": {""latitude"": -14.49654, ""longitude"": -71.776884}, ""sensorsId"": 9959962, ""locationsId"": 2954096}"
,,,39.403903,-120.195751,pm25,1.0,µg/m³,2020-01-09T16:00:00Z,"{""datetime"": {""utc"": ""2020-01-09T16:00:00Z"", ""local"": ""2020-01-09T08:00:00-08:00""}, ""value"": 1.0, ""coordinates"": {""latitude"": 39.403903, ""longitude"": -120.195751}, ""sensorsId"": 20581, ""locationsId"": 7146}"
,,,-41.928,147.491,pm25,0.0,µg/m³,2025-11-27T12:52:07Z,"{""datetime"": {""utc"": ""2025-11-27T12:52:07Z"", ""local"": ""2025-11-27T23:52:07+11:00""}, ""value"": 0.0, ""coordinates"": {""latitude"": -41.928, ""longitude"": 147.491}, ""sensorsId"": 14439, ""locationsId"": 5472}"
,,,40.48477,-80.09495,pm25,8.8,µg/m³,2026-08-04T10:00:00Z,"{""datetime"": {""utc"": ""2026-08-04T10:00:00Z"", ""local"": ""2026-08-04T06:00:00-04:00""}, ""value"": 8.8, ""coordinates"": {""latitude"": 40.48477, ""longitude"": -80.09495}, ""sensorsId"": 9381396, ""locationsId"": 2868408}"
,,,26.1403345,85.3650192,pm25,14.0,µg/m³,2026-08-04T05:30:00Z,"{""datetime"": {""utc"": ""2026-08-04T05:30:00Z"", ""local"": ""2026-08-04T11:00:00+05:30""}, ""value"": 14.0, ""coordinates"": {""latitude"": 26.1403345, ""longitude"": 85.3650192}, ""sensorsId"": 12241395, ""locationsId"": 229987}"
,,,12.21041,76.37376,pm25,18.34,µg/m³,2026-08-04T07:45:00Z,"{""datetime"": {""utc"": ""2026-08-04T07:45:00Z"", ""local"": ""2026-08-04T13:15:00+05:30""}, ""value"": 18.34, ""coordinates"": {""latitude"": 12.21041, ""longitude"": 76.37376}, ""sensorsId"": 12241384, ""locationsId"": 7289}"
,,,50.1009772,-122.9864273,pm25,8.2,µg/m³,2026-08-04T10:00:00Z,"{""datetime"": {""utc"": ""2026-08-04T10:00:00Z"", ""local"": ""2026-08-04T03:00:00-07:00""}, ""value"": 8.2, ""coordinates"": {""latitude"": 50.1009772, ""longitude"": -122.9864273}, ""sensorsId"": 9966667, ""locationsId"": 2955245}"
,,,34.1164,108.6116,pm25,20.0,µg/m³,2021-08-09T11:00:00Z,"{""datetime"": {""utc"": ""2021-08-09T11:00:00Z"", ""local"": ""2021-08-09T19:00:00+08:00""}, ""value"": 20.0, ""coordinates"": {""latitude"": 34.1164, ""longitude"": 108.6116}, ""sensorsId"": 237891, ""locationsId"": 43504}"
,,,-14.422226,-71.828257,pm25,8.0,µg/m³,2025-01-05T19:55:00Z,"{""datetime"": {""utc"": ""2025-01-05T19:55:00Z"", ""local"": ""2025-01-05T14:55:00-05:00""}, ""value"": 8.0, ""coordinates"": {""latitude"": -14.422226, ""longitude"": -71.828257}, ""sensorsId"": 9974167, ""locationsId"": 2956512}"
,,,37.404167,126.72611099999999,pm25,26.0,µg/m³,2024-04-12T22:00:00Z,"{""datetime"": {""utc"": ""2024-04-12T22:00:00Z"", ""local"": ""2024-04-13T07:00:00+09:00""}, ""value"": 26.0, ""coordinates"": {""latitude"": 37.404167, ""longitude"": 126.72611099999999}, ""sensorsId"": 8539667, ""locationsId"": 2623591}"
,,,28.885279999999998,78.7388,pm25,26.52,µg/m³,2026-08-04T07:30:00Z,"{""datetime"": {""utc"": ""2026-08-04T07:30:00Z"", ""local"": ""2026-08-04T13:00:00+05:30""}, ""value"": 26.52, ""coordinates"": {""latitude"": 28.885279999999998, ""longitude"": 78.7388}, ""sensorsId"": 12241402, ""locationsId"": 270697}"
,,,19.5329,-99.0303,pm25,4.0,µg/m³,2023-06-30T13:00:00Z,"{""datetime"": {""utc"": ""2023-06-30T13:00:00Z"", ""local"": ""2023-06-30T07:00:00-06:00""}, ""value"": 4.0, ""coordinates"": {""latitude"": 19.5329, ""longitude"": -99.0303}, ""sensorsId"": 3587, ""locationsId"": 2020}"
,,,14.7918,75.38959999999999,pm25,20.0,µg/m³,2022-10-16T16:00:00Z,"{""datetime"": {""utc"": ""2022-10-16T16:00:00Z"", ""local"": ""2022-10-16T21:30:00+05:30""}, ""value"": 20.0, ""coordinates"": {""latitude"": 14.7918, ""longitude"": 75.38959999999999}, ""sensorsId"": 1757429, ""locationsId"": 309803}"
,,,41.18222,-104.77833599999998,pm25,5.0,µg/m³,2024-07-11T15:00:00Z,"{""datetime"": {""utc"": ""2024-07-11T15:00:00Z"", ""local"": ""2024-07-11T09:00:00-06:00""}, ""value"": 5.0, ""coordinates"": {""latitude"": 41.18222, ""longitude"": -104.77833599999998}, ""sensorsId"": 29009, ""locationsId"": 9497}"
,,,8.41076,-13.14286,pm25,17.2,µg/m³,2026-08-04T09:06:21Z,"{""datetime"": {""utc"": ""2026-08-04T09:06:21Z"", ""local"": ""2026-08-04T09:06:21Z""}, ""value"": 17.2, ""coordinates"": {""latitude"": 8.41076, ""longitude"": -13.14286}, ""sensorsId"": 16360765, ""locationsId"": 6368234}"
,,,42.66569999989244,20.305089999895873,pm25,9.58346,µg/m³,2025-11-27T18:00:00Z,"{""datetime"": {""utc"": ""2025-11-27T18:00:00Z"", ""local"": ""2025-11-27T19:00:00+01:00""}, ""value"": 9.58346, ""coordinates"": {""latitude"": 42.66569999989244, ""longitude"": 20.305089999895873}, ""sensorsId"": 2773184, ""locationsId"": 494941}"
,,,38.767533,-119.79887,pm25,10.0,µg/m³,2017-08-20T18:00:00Z,"{""datetime"": {""utc"": ""2017-08-20T18:00:00Z"", ""local"": ""2017-08-20T11:00:00-07:00""}, ""value"": 10.0, ""coordinates"": {""latitude"": 38.767533, ""longitude"": -119.79887}, ""sensorsId"": 12940, ""locationsId"": 5069}"
,,,39.1380601097263,34.1682767495831,pm25,5.989,µg/m³,2023-10-11T10:00:00Z,"{""datetime"": {""utc"": ""2023-10-11T10:00:00Z"", ""local"": ""2023-10-11T13:00:00+03:00""}, ""value"": 5.989, ""coordinates"": {""latitude"": 39.1380601097263, ""longitude"": 34.1682767495831}, ""sensorsId"": 2078948, ""locationsId"": 368834}"
,,,17.460103,78.334361,pm25,12.0,µg/m³,2026-08-04T07:30:00Z,"{""datetime"": {""utc"": ""2026-08-04T07:30:00Z"", ""local"": ""2026-08-04T13:00:00+05:30""}, ""value"": 12.0, ""coordinates"": {""latitude"": 17.460103, ""longitude"": 78.334361}, ""sensorsId"": 12242121, ""locationsId"": 5623}"
,,,42.63709592339984,-73.85600281744806,pm25,1.9,µg/m³,2026-08-04T10:00:00Z,"{""datetime"": {""utc"": ""2026-08-04T10:00:00Z"", ""local"": ""2026-08-04T06:00:00-04:00""}, ""value"": 1.9, ""coordinates"": {""latitude"": 42.63709592339984, ""longitude"": -73.85600281744806}, ""sensorsId"": 16360767, ""locationsId"": 6368236}"
,,,-43.5599449,172.6436133,pm25,6.3,µg/m³,2026-08-04T10:00:00Z,"{""datetime"": {""utc"": ""2026-08-04T10:00:00Z"", ""local"": ""2026-08-04T22:00:00+12:00""}, ""value"": 6.3, ""coordinates"": {""latitude"": -43.5599449, ""longitude"": 172.6436133}, ""sensorsId"": 9384695, ""locationsId"": 2868842}"
,,,22.58157048,88.41002457,pm25,23.3,µg/m³,2022-10-16T15:45:00Z,"{""datetime"": {""utc"": ""2022-10-16T15:45:00Z"", ""local"": ""2022-10-16T21:15:00+05:30""}, ""value"": 23.3, ""coordinates"": {""latitude"": 22.58157048, ""longitude"": 88.41002457}, ""sensorsId"": 36317, ""locationsId"": 10851}"
,,,28.732528,77.11992,pm25,238.0,µg/m³,2022-10-31T00:45:00Z,"{""datetime"": {""utc"": ""2022-10-31T00:45:00Z"", ""local"": ""2022-10-31T06:15:00+05:30""}, ""value"": 238.0, ""coordinates"": {""latitude"": 28.732528, ""longitude"": 77.11992}, ""sensorsId"": 36399, ""locationsId"": 10831}"
,,,36.42516799999999,127.395931,pm25,8.0,µg/m³,2024-07-11T16:00:00Z,"{""datetime"": {""utc"": ""2024-07-11T16:00:00Z"", ""local"": ""2024-07-12T01:00:00+09:00""}, ""value"": 8.0, ""coordinates"": {""latitude"": 36.42516799999999, ""longitude"": 127.395931}, ""sensorsId"": 8539689, ""locationsId"": 2623759}"
,,,42.07225,-87.72284,pm25,22.7,µg/m³,2026-08-04T10:00:00Z,"{""datetime"": {""utc"": ""2026-08-04T10:00:00Z"", ""local"": ""2026-08-04T05:00:00-05:00""}, ""value"": 22.7, ""coordinates"": {""latitude"": 42.07225, ""longitude"": -87.72284}, ""sensorsId"": 17132482, ""locationsId"": 6473224}"
,,,36.247808,-121.781317,pm25,0.0,µg/m³,2020-11-24T16:00:00Z,"{""datetime"": {""utc"": ""2020-11-24T16:00:00Z"", ""local"": ""2020-11-24T08:00:00-08:00""}, ""value"": 0.0, ""coordinates"": {""latitude"": 36.247808, ""longitude"": -121.781317}, ""sensorsId"": 5454, ""locationsId"": 2615}"
,,,50.38642599999855,8.059908999819234,pm25,10.4897,µg/m³,2026-08-04T07:00:00Z,"{""datetime"": {""utc"": ""2026-08-04T07:00:00Z"", ""local"": ""2026-08-04T09:00:00+02:00""}, ""value"": 10.4897, ""coordinates"": {""latitude"": 50.38642599999855, ""longitude"": 8.059908999819234}, ""sensorsId"": 1312653, ""locationsId"": 4732}"
,,,39.8281,-104.93645,pm25,39.8,µg/m³,2026-08-04T10:00:00Z,"{""datetime"": {""utc"": ""2026-08-04T10:00:00Z"", ""local"": ""2026-08-04T04:00:00-06:00""}, ""value"": 39.8, ""coordinates"": {""latitude"": 39.8281, ""longitude"": -104.93645}, ""sensorsId"": 1309256, ""locationsId"": 226745}"
,,,43.447,-80.48,pm25,4.438749988873799,µg/m³,2025-02-13T21:00:00Z,"{""datetime"": {""utc"": ""2025-02-13T21:00:00Z"", ""local"": ""2025-02-13T16:00:00-05:00""}, ""value"": 4.438749988873799, ""coordinates"": {""latitude"": 43.447, ""longitude"": -80.48}, ""sensorsId"": 9975831, ""locationsId"": 2956818}"
,,,41.796336,12.444548,pm25,17.6,µg/m³,2026-08-04T10:00:00Z,"{""datetime"": {""utc"": ""2026-08-04T10:00:00Z"", ""local"": ""2026-08-04T12:00:00+02:00""}, ""value"": 17.6, ""coordinates"": {""latitude"": 41.796336, ""longitude"": 12.444548}, ""sensorsId"": 15244073, ""locationsId"": 6212602}"
