location,city,country,latitude,longitude,parameter,value,unit,date_utc
,,"{'id': 152, 'code': 'GH', 'name': 'Ghana'}",5.58389,-0.19968,,,,
,,"{'id': 152, 'code': 'GH', 'name': 'Ghana'}",5.58165,-0.19898,,,,
,,"{'id': 152, 'code': 'GH', 'name': 'Ghana'}",5.5401139,-0.2103972,,,,
,,"{'id': 152, 'code': 'GH', 'name': 'Ghana'}",5.570722,-0.2120555,,,,
,,"{'id': 152, 'code': 'GH', 'name': 'Ghana'}",5.567833,-0.2040278,,,,
,,"{'id': 152, 'code': 'GH', 'name': 'Ghana'}",5.566722,-0.2077778,,,,
,,"{'id': 152, 'code': 'GH', 'name': 'Ghana'}",5.6335571,-0.1651875,,,,
,,"{'id': 152, 'code': 'GH', 'name': 'Ghana'}",5.6408995,-0.1695437,,,,
,,"{'id': 152, 'code': 'GH', 'name': 'Ghana'}",5.6408137,-0.1579063,,,,
,,"{'id': 9, 'code': 'IN', 'name': 'India'}",26.519,80.233,,,,
,,"{'id': 9, 'code': 'IN', 'name': 'India'}",28.744,77.12,,,,
,,"{'id': 6, 'code': 'AR', 'name': 'Argentina'}",-34.56,-58.506,,,,
,,"{'id': 9, 'code': 'IN', 'name': 'India'}",28.56,77.094,,,,
,,"{'id': 9, 'code': 'IN', 'name': 'India'}",28.6787,77.2262,,,,
,,"{'id': 9, 'code': 'IN', 'name': 'India'}",28.563262,77.186937,,,,
,,"{'id': 56, 'code': 'VN', 'name': 'Vietnam'}",21.048,105.8,,,,
,,"{'id': 47, 'code': 'MN', 'name': 'Mongolia'}",47.929732,106.888629,,,,
,,"{'id': 10, 'code': 'CN', 'name': 'China'}",39.95,116.47,,,,
,,"{'id': 128, 'code': 'BD', 'name': 'Bangladesh'}",23.728,90.398,,,,
,,"{'id': 47, 'code': 'MN', 'name': 'Mongolia'}",47.913429,106.99790699999998,,,,
,,"{'id': 231, 'code': 'SG', 'name': 'Singapore'}",1.298,103.78,,,,
,,"{'id': 3, 'code': 'CL', 'name': 'Chile'}",-33.464142,-70.660797,,,,
,,"{'id': 3, 'code': 'CL', 'name': 'Chile'}",-36.737202,-73.104427,,,,
,,"{'id': 3, 'code': 'CL', 'name': 'Chile'}",-32.924568,-71.515399,,,,
,,"{'id': 77, 'code': 'PL', 'name': 'Poland'}",52.16077306,21.03916667,,,,
,,"{'id': 47, 'code': 'MN', 'name': 'Mongolia'}",47.9329056,106.9213833,,,,
,,"{'id': 94, 'code': 'NL', 'name': 'Netherlands'}",52.11162100019677,5.7084189998684165,,,,
,,"{'id': 10, 'code': 'CN', 'name': 'China'}",40.01,116.333,,,,
,,"{'id': 94, 'code': 'NL', 'name': 'Netherlands'}",52.420230000140556,4.832060000156797,,,,
,,"{'id': 11, 'code': 'IL', 'name': 'Israel'}",31.907,34.81,,,,
,,"{'id': 3, 'code': 'CL', 'name': 'Chile'}",-34.241168,-70.55283,,,,
,,"{'id': 3, 'code': 'CL', 'name': 'Chile'}",-22.093082,-70.20121,,,,
,,"{'id': 94, 'code': 'NL', 'name': 'Netherlands'}",53.21782600014504,6.578889000310201,,,,
,,"{'id': 100, 'code': 'NG', 'name': 'Nigeria'}",8.484,4.675,,,,
,,"{'id': 77, 'code': 'PL', 'name': 'Poland'}",52.17203333,22.27277778,,,,
,,"{'id': 94, 'code': 'NL', 'name': 'Netherlands'}",50.9003,5.98685,,,,
,,"{'id': 3, 'code': 'CL', 'name': 'Chile'}",-33.591390623022,-70.594788,,,,
,,"{'id': 47, 'code': 'MN', 'name': 'Mongolia'}",47.9176056,106.93736109999999,,,,
,,"{'id': 3, 'code': 'CL', 'name': 'Chile'}",-33.049743798096,-71.614167231712,,,,
,,"{'id': 47, 'code': 'MN', 'name': 'Mongolia'}",47.9153833,106.89419440000002,,,,
,,"{'id': 111, 'code': 'TH', 'name': 'Thailand'}",13.797855,100.551338,,,,
,,"{'id': 9, 'code': 'IN', 'name': 'India'}",28.674045,77.131023,,,,
,,"{'id': 94, 'code': 'NL', 'name': 'Netherlands'}",52.803700000000006,5.05051,,,,
,,"{'id': 94, 'code': 'NL', 'name': 'Netherlands'}",51.938472000211014,4.430691999983553,,,,
,,"{'id': 10, 'code': 'CN', 'name': 'China'}",41.78,123.42,,,,
,,"{'id': 3, 'code': 'CL', 'name': 'Chile'}",-33.673752071375,-70.953064737434,,,,
,,"{'id': 94, 'code': 'NL', 'name': 'Netherlands'}",52.105,5.12446,,,,
,,"{'id': 111, 'code': 'TH', 'name': 'Thailand'}",14.040299305494,100.60873959621,,,,
,,"{'id': 94, 'code': 'NL', 'name': 'Netherlands'}",52.138,4.83819,,,,
,,"{'id': 47, 'code': 'MN', 'name': 'Mongolia'}",47.863943,106.779094,,,,
,,"{'id': 79, 'code': 'GB', 'name': 'United Kingdom'}",51.59929999967941,-0.06821799979396657,,,,
,,"{'id': 3, 'code': 'CL', 'name': 'Chile'}",-34.203524,-70.529854,,,,
,,"{'id': 94, 'code': 'NL', 'name': 'Netherlands'}",51.29449999999999,3.7494799999999997,,,,
,,"{'id': 155, 'code': 'US', 'name': 'United States'}",29.308562,-95.19991,,,,
,,"{'id': 3, 'code': 'CL', 'name': 'Chile'}",-36.923329602986,-73.036132300941,,,,
,,"{'id': 111, 'code': 'TH', 'name': 'Thailand'}",13.684229480854,100.44598735492,,,,
,,"{'id': 3, 'code': 'CL', 'name': 'Chile'}",-32.77898790221,-71.373031276855,,,,
,,"{'id': 3, 'code': 'CL', 'name': 'Chile'}",-37.021182877699,-73.149555550926,,,,
,,"{'id': 3, 'code': 'CL', 'name': 'Chile'}",-36.784653741124,-73.052063025795,,,,
,,"{'id': 94, 'code': 'NL', 'name': 'Netherlands'}",51.51838800001479,5.148450000227909,,,,
,,"{'id': 3, 'code': 'CL', 'name': 'Chile'}",-34.974925077541,-71.233967512329,,,,
,,"{'id': 3, 'code': 'CL', 'name': 'Chile'}",-45.579045667164,-72.049964505825,,,,
,,"{'id': 94, 'code': 'NL', 'name': 'Netherlands'}",52.1678,4.50756,,,,
,,"{'id': 94, 'code': 'NL', 'name': 'Netherlands'}",52.296555999830005,4.51081699998525,,,,
,,"{'id': 94, 'code': 'NL', 'name': 'Netherlands'}",51.97783000007194,4.121903000365913,,,,
,,"{'id': 94, 'code': 'NL', 'name': 'Netherlands'}",52.23510000000001,5.18155,,,,
,,"{'id': 94, 'code': 'NL', 'name': 'Netherlands'}",52.389983000188224,4.88781099987638,,,,
,,"{'id': 3, 'code': 'CL', 'name': 'Chile'}",-37.008669,-73.148086,,,,
,,"{'id': 94, 'code': 'NL', 'name': 'Netherlands'}",52.3705,4.64232,,,,
,,"{'id': 94, 'code': 'NL', 'name': 'Netherlands'}",52.38829100007745,6.402899999997742,,,,
,,"{'id': 94, 'code': 'NL', 'name': 'Netherlands'}",51.5475,5.8382,,,,
,,"{'id': 94, 'code': 'NL', 'name': 'Netherlands'}",51.5359,5.80859,,,,
,,"{'id': 47, 'code': 'MN', 'name': 'Mongolia'}",47.8943389,106.8824722,,,,
,,"{'id': 94, 'code': 'NL', 'name': 'Netherlands'}",51.8414,5.85778,,,,
,,"{'id': 111, 'code': 'TH', 'name': 'Thailand'}",13.775373291477,100.56892844813,,,,
,,"{'id': 94, 'code': 'NL', 'name': 'Netherlands'}",52.35971400001388,4.866208000411839,,,,
,,"{'id': 94, 'code': 'NL', 'name': 'Netherlands'}",52.49399200004851,4.601986000379324,,,,
,,"{'id': 94, 'code': 'NL', 'name': 'Netherlands'}",52.463040000051045,4.60177600031704,,,,
,,"{'id': 94, 'code': 'NL', 'name': 'Netherlands'}",52.39397200025616,4.870156999790721,,,,
,,"{'id': 94, 'code': 'NL', 'name': 'Netherlands'}",50.8598,5.71381,,,,
,,"{'id': 94, 'code': 'NL', 'name': 'Netherlands'}",52.33400300025121,4.7740060003231,,,,
,,"{'id': 94, 'code': 'NL', 'name': 'Netherlands'}",52.42801700027339,4.7734780002434976,,,,
,,"{'id': 94, 'code': 'NL', 'name': 'Netherlands'}",52.381331000231505,4.845232999687698,,,,
,,"{'id': 9, 'code': 'IN', 'name': 'India'}",28.623499999999996,77.2494,,,,
,,"{'id': 111, 'code': 'TH', 'name': 'Thailand'}",13.664087,100.543436,,,,
,,"{'id': 3, 'code': 'CL', 'name': 'Chile'}",-32.833639,-70.99693,,,,
,,"{'id': 79, 'code': 'GB', 'name': 'United Kingdom'}",51.617327,-0.298775,,,,
,,"{'id': 111, 'code': 'TH', 'name': 'Thailand'}",13.792635009230002,100.59607755884001,,,,
,,"{'id': 3, 'code': 'CL', 'name': 'Chile'}",-20.259620485825,-70.088653564453,,,,
,,"{'id': 3, 'code': 'CL', 'name': 'Chile'}",-20.290859340668,-70.09955406189,,,,
,,"{'id': 79, 'code': 'GB', 'name': 'United Kingdom'}",51.48878999962389,-0.44161399993549455,,,,
,,"{'id': 10, 'code': 'CN', 'name': 'China'}",30.63,104.07,,,,
,,"{'id': 10, 'code': 'CN', 'name': 'China'}",31.21,121.44,,,,
,,"{'id': 10, 'code': 'CN', 'name': 'China'}",23.12,113.32,,,,
,,"{'id': 3, 'code': 'CL', 'name': 'Chile'}",-22.087,-70.193253,,,,
,,"{'id': 79, 'code': 'GB', 'name': 'United Kingdom'}",51.4804989994662,-0.059550000208953166,,,,
,,"{'id': 79, 'code': 'GB', 'name': 'United Kingdom'}",51.45258,0.070766,,,,
,,"{'id': 79, 'code': 'GB', 'name': 'United Kingdom'}",51.52228999923011,-0.12588900021133392,,,,
,,"{'id': 79, 'code': 'GB', 'name': 'United Kingdom'}",51.51895,-0.265617,,,,
,,"{'id': 79, 'code': 'GB', 'name': 'United Kingdom'}",51.58412799971813,-0.1252540000016108,,,,
